-- phpMyAdmin SQL Dump
-- version 4.8.3
-- https://www.phpmyadmin.net/
--
-- Host: localhost:8889
-- Generation Time: Nov 26, 2020 at 10:38 AM
-- Server version: 5.7.23
-- PHP Version: 7.2.10

SET SQL_MODE = "NO_AUTO_VALUE_ON_ZERO";
SET time_zone = "+00:00";

--
-- Database: `booth_export`
--

-- --------------------------------------------------------

--
-- Table structure for table `bookings`
--

CREATE TABLE `bookings` (
  `BookingID` int(11) NOT NULL,
  `UserID` int(11) NOT NULL,
  `CategoryID` int(11) NOT NULL,
  `BookingDate` varchar(255) NOT NULL,
  `BookingTime` varchar(255) NOT NULL,
  `Description` text CHARACTER SET utf8 NOT NULL,
  `OrderNumber` varchar(255) NOT NULL,
  `Status` int(11) NOT NULL DEFAULT '1' COMMENT 'These are defined in booking_statuses table',
  `Address` text CHARACTER SET utf8 NOT NULL,
  `AddressLat` double NOT NULL,
  `AddressLong` double NOT NULL,
  `Image` varchar(255) CHARACTER SET utf8 NOT NULL,
  `BarcodeImage` varchar(255) CHARACTER SET utf8 NOT NULL,
  `TechnicianID` int(11) NOT NULL,
  `VehicleID` int(11) NOT NULL,
  `IsRead` int(11) NOT NULL,
  `CreatedAt` datetime NOT NULL DEFAULT CURRENT_TIMESTAMP
) ENGINE=InnoDB DEFAULT CHARSET=latin1;

-- --------------------------------------------------------

--
-- Table structure for table `booking_invoice`
--

CREATE TABLE `booking_invoice` (
  `BookingInvoiceID` int(11) NOT NULL,
  `BookingID` int(11) NOT NULL,
  `InvoiceNumber` varchar(255) NOT NULL,
  `ServiceCost` decimal(10,2) NOT NULL COMMENT 'This is the total of booking_service table against the BookingID',
  `MaterialCost` decimal(10,2) NOT NULL COMMENT 'This is the total of booking_materials table against the BookingID',
  `CouponCode` varchar(255) NOT NULL,
  `CouponCodeDiscountPercentage` decimal(10,2) NOT NULL,
  `LoyaltyPointsUsed` int(11) NOT NULL,
  `EarnedLoyaltyPoints` int(11) NOT NULL,
  `DiscountAvailed` decimal(10,2) NOT NULL,
  `VatPercentage` decimal(10,2) NOT NULL,
  `VatApplied` decimal(10,2) NOT NULL,
  `TotalCost` decimal(10,2) NOT NULL,
  `GuaranteeDate` varchar(255) NOT NULL
) ENGINE=InnoDB DEFAULT CHARSET=latin1;

-- --------------------------------------------------------

--
-- Table structure for table `booking_material`
--

CREATE TABLE `booking_material` (
  `BookingMaterialID` int(11) NOT NULL,
  `BookingID` int(11) NOT NULL,
  `MaterialDescription` text CHARACTER SET utf8 NOT NULL,
  `MaterialCost` decimal(10,2) NOT NULL
) ENGINE=MyISAM DEFAULT CHARSET=latin1;

-- --------------------------------------------------------

--
-- Table structure for table `booking_service`
--

CREATE TABLE `booking_service` (
  `BookingServiceID` int(11) NOT NULL,
  `BookingID` int(11) NOT NULL,
  `ServiceDescription` text CHARACTER SET utf8 NOT NULL,
  `ServiceCost` decimal(10,2) NOT NULL
) ENGINE=MyISAM DEFAULT CHARSET=latin1;

-- --------------------------------------------------------

--
-- Table structure for table `categories`
--

CREATE TABLE `categories` (
  `CategoryID` int(11) NOT NULL,
  `ParentID` int(11) NOT NULL,
  `CategoryPrice` float NOT NULL,
  `SortOrder` int(11) NOT NULL,
  `Image` varchar(255) NOT NULL,
  `Hide` tinyint(4) NOT NULL,
  `IsActive` tinyint(4) NOT NULL,
  `CreatedAt` datetime NOT NULL,
  `UpdatedAt` datetime NOT NULL,
  `CreatedBy` int(11) NOT NULL,
  `UpdatedBy` int(11) NOT NULL
) ENGINE=InnoDB DEFAULT CHARSET=utf8;

--
-- Dumping data for table `categories`
--

INSERT INTO `categories` (`CategoryID`, `ParentID`, `CategoryPrice`, `SortOrder`, `Image`, `Hide`, `IsActive`, `CreatedAt`, `UpdatedAt`, `CreatedBy`, `UpdatedBy`) VALUES
(1, 0, 0, 4, 'uploads/images/7681722030720190726105650european-fashion-for-men-sage.jpg', 0, 1, '2019-04-17 15:51:09', '2019-07-26 10:50:56', 1, 1),
(2, 0, 0, 5, 'uploads/images/514098982420190726101158wholesale_fashion_accessories.jpg', 0, 1, '2019-04-17 15:51:39', '2019-07-26 10:58:11', 1, 1),
(3, 0, 0, 3, 'uploads/images/6083134944820190726101249Inner-1.png', 0, 1, '2019-04-17 15:51:57', '2019-07-26 10:49:12', 1, 1),
(4, 1, 0, 2, 'uploads/images/6147162284320190418124250Fashion-PNG-Pic.png', 0, 1, '2019-04-17 15:52:22', '2019-04-17 15:52:22', 1, 1),
(5, 1, 0, 4, 'uploads/images/6147162284320190418124250Fashion-PNG-Pic.png', 0, 1, '2019-04-17 15:52:37', '2019-04-17 15:52:37', 1, 1),
(6, 1, 0, 6, 'uploads/images/6147162284320190418124250Fashion-PNG-Pic.png', 0, 1, '2019-04-17 15:52:54', '2019-04-17 15:52:54', 1, 1),
(7, 1, 0, 1, 'uploads/images/6147162284320190418124250Fashion-PNG-Pic.png', 0, 1, '2019-04-17 15:53:15', '2019-04-17 15:53:15', 1, 1),
(8, 4, 0, 0, 'uploads/images/6147162284320190418124250Fashion-PNG-Pic.png', 0, 1, '2019-04-17 15:53:57', '2019-04-17 15:53:57', 1, 1),
(9, 4, 0, 0, 'uploads/images/6147162284320190418124250Fashion-PNG-Pic.png', 0, 1, '2019-04-17 15:54:05', '2019-04-17 15:54:14', 1, 1),
(10, 4, 0, 0, 'uploads/images/6147162284320190418124250Fashion-PNG-Pic.png', 0, 1, '2019-04-17 15:56:46', '2019-04-17 15:56:46', 1, 1),
(11, 4, 0, 0, 'uploads/images/6147162284320190418124250Fashion-PNG-Pic.png', 0, 1, '2019-04-17 15:56:59', '2019-04-17 15:56:59', 1, 1),
(12, 4, 0, 0, 'uploads/images/6147162284320190418124250Fashion-PNG-Pic.png', 0, 1, '2019-04-17 15:57:04', '2019-04-17 15:57:04', 1, 1),
(13, 4, 0, 0, 'uploads/images/6147162284320190418124250Fashion-PNG-Pic.png', 0, 1, '2019-04-17 15:57:09', '2019-04-17 15:57:09', 1, 1),
(14, 4, 0, 0, 'uploads/images/6147162284320190418124250Fashion-PNG-Pic.png', 0, 1, '2019-04-17 15:57:14', '2019-04-17 15:57:14', 1, 1),
(15, 4, 0, 0, 'uploads/images/6147162284320190418124250Fashion-PNG-Pic.png', 0, 1, '2019-04-17 15:57:21', '2019-04-17 15:57:21', 1, 1),
(16, 4, 0, 0, 'uploads/images/6147162284320190418124250Fashion-PNG-Pic.png', 0, 1, '2019-04-17 15:57:27', '2019-04-17 15:57:27', 1, 1),
(17, 4, 0, 0, 'uploads/images/6147162284320190418124250Fashion-PNG-Pic.png', 0, 1, '2019-04-17 15:57:33', '2019-04-17 15:57:33', 1, 1),
(18, 4, 0, 0, 'uploads/images/6147162284320190418124250Fashion-PNG-Pic.png', 0, 1, '2019-04-17 15:57:48', '2019-04-17 15:57:48', 1, 1),
(19, 4, 0, 0, 'uploads/images/6147162284320190418124250Fashion-PNG-Pic.png', 0, 1, '2019-04-17 15:57:53', '2019-04-17 15:57:53', 1, 1),
(20, 4, 0, 0, 'uploads/images/6147162284320190418124250Fashion-PNG-Pic.png', 0, 1, '2019-04-17 15:58:03', '2019-04-17 15:58:03', 1, 1),
(21, 3, 0, 0, '', 0, 1, '2019-04-19 09:48:33', '2019-04-19 09:48:33', 1, 1),
(22, 2, 0, 0, '', 0, 1, '2019-04-30 10:40:29', '2019-07-26 10:28:01', 1, 1),
(23, 0, 0, 6, 'uploads/images/6218810678720190726100946Basic-Office-Supplies-810x332.jpg', 0, 1, '2019-04-30 10:51:30', '2019-07-26 10:46:09', 1, 1),
(24, 23, 0, 0, '', 0, 1, '2019-04-30 10:52:53', '2019-07-26 10:42:51', 1, 1),
(25, 1, 0, 3, '', 0, 1, '2019-07-26 09:00:45', '2019-07-26 10:22:12', 1, 1),
(26, 4, 0, 0, '', 0, 1, '2019-07-26 09:03:13', '2019-07-26 09:03:13', 1, 1),
(27, 4, 0, 0, '', 0, 1, '2019-07-26 09:04:06', '2019-07-26 09:04:06', 1, 1),
(28, 4, 0, 0, '', 0, 1, '2019-07-26 09:04:42', '2019-07-26 09:04:42', 1, 1),
(29, 4, 0, 0, '', 0, 1, '2019-07-26 09:04:50', '2019-07-26 09:04:50', 1, 1),
(30, 4, 0, 0, '', 0, 1, '2019-07-26 09:04:58', '2019-07-26 09:04:58', 1, 1),
(31, 4, 0, 0, '', 0, 1, '2019-07-26 09:11:16', '2019-07-26 09:11:16', 1, 1),
(32, 5, 0, 0, '', 0, 1, '2019-07-26 09:19:31', '2019-07-26 09:19:31', 1, 1),
(33, 5, 0, 0, '', 0, 1, '2019-07-26 09:19:41', '2019-07-26 09:19:41', 1, 1),
(34, 5, 0, 0, '', 0, 1, '2019-07-26 09:19:48', '2019-07-26 09:19:48', 1, 1),
(35, 5, 0, 0, '', 0, 1, '2019-07-26 09:19:58', '2019-07-26 09:19:58', 1, 1),
(36, 5, 0, 0, '', 0, 1, '2019-07-26 09:20:05', '2019-07-26 09:20:05', 1, 1),
(37, 5, 0, 0, '', 0, 1, '2019-07-26 09:20:09', '2019-07-26 09:20:09', 1, 1),
(38, 5, 0, 0, '', 0, 1, '2019-07-26 09:20:15', '2019-07-26 09:20:15', 1, 1),
(39, 5, 0, 0, '', 0, 1, '2019-07-26 09:20:22', '2019-07-26 09:20:22', 1, 1),
(40, 5, 0, 0, '', 0, 1, '2019-07-26 09:20:28', '2019-07-26 09:20:28', 1, 1),
(41, 5, 0, 0, '', 0, 1, '2019-07-26 09:20:35', '2019-07-26 09:20:35', 1, 1),
(43, 6, 0, 0, '', 0, 1, '2019-07-26 10:06:24', '2019-07-26 10:06:24', 1, 1),
(44, 6, 0, 0, '', 0, 1, '2019-07-26 10:06:29', '2019-07-26 10:06:29', 1, 1),
(45, 6, 0, 0, '', 0, 1, '2019-07-26 10:06:35', '2019-07-26 10:06:35', 1, 1),
(46, 6, 0, 0, '', 0, 1, '2019-07-26 10:06:40', '2019-07-26 10:06:40', 1, 1),
(47, 6, 0, 0, '', 0, 1, '2019-07-26 10:06:42', '2019-07-26 10:06:42', 1, 1),
(48, 6, 0, 0, '', 0, 1, '2019-07-26 10:06:45', '2019-07-26 10:06:45', 1, 1),
(49, 6, 0, 0, '', 0, 1, '2019-07-26 10:06:48', '2019-07-26 10:06:48', 1, 1),
(50, 6, 0, 0, '', 0, 1, '2019-07-26 10:06:52', '2019-07-26 10:06:52', 1, 1),
(51, 6, 0, 0, '', 0, 1, '2019-07-26 10:06:59', '2019-07-26 10:06:59', 1, 1),
(52, 6, 0, 0, '', 0, 1, '2019-07-26 10:07:04', '2019-07-26 10:07:04', 1, 1),
(53, 6, 0, 0, '', 0, 1, '2019-07-26 10:07:07', '2019-07-26 10:07:07', 1, 1),
(54, 6, 0, 0, '', 0, 1, '2019-07-26 10:07:10', '2019-07-26 10:07:10', 1, 1),
(55, 6, 0, 0, '', 0, 1, '2019-07-26 10:07:15', '2019-07-26 10:07:15', 1, 1),
(56, 6, 0, 0, '', 0, 1, '2019-07-26 10:07:18', '2019-07-26 10:07:18', 1, 1),
(57, 6, 0, 0, '', 0, 1, '2019-07-26 10:07:21', '2019-07-26 10:07:21', 1, 1),
(58, 6, 0, 0, '', 0, 1, '2019-07-26 10:07:25', '2019-07-26 10:07:25', 1, 1),
(59, 6, 0, 0, '', 0, 1, '2019-07-26 10:07:33', '2019-07-26 10:07:33', 1, 1),
(60, 6, 0, 0, '', 0, 1, '2019-07-26 10:07:36', '2019-07-26 10:07:36', 1, 1),
(61, 6, 0, 0, '', 0, 1, '2019-07-26 10:07:42', '2019-07-26 10:07:42', 1, 1),
(62, 6, 0, 0, '', 0, 1, '2019-07-26 10:07:49', '2019-07-26 10:07:49', 1, 1),
(63, 6, 0, 0, '', 0, 1, '2019-07-26 10:07:58', '2019-07-26 10:07:58', 1, 1),
(64, 6, 0, 0, '', 0, 1, '2019-07-26 10:08:04', '2019-07-26 10:08:04', 1, 1),
(65, 6, 0, 0, '', 0, 1, '2019-07-26 10:08:07', '2019-07-26 10:08:07', 1, 1),
(66, 6, 0, 0, '', 0, 1, '2019-07-26 10:08:10', '2019-07-26 10:08:10', 1, 1),
(67, 6, 0, 0, '', 0, 1, '2019-07-26 10:08:20', '2019-07-26 10:08:20', 1, 1),
(68, 6, 0, 0, '', 0, 1, '2019-07-26 10:08:22', '2019-07-26 10:08:22', 1, 1),
(69, 7, 0, 0, '', 0, 1, '2019-07-26 10:19:17', '2019-07-26 10:19:17', 1, 1),
(70, 7, 0, 4, '', 0, 1, '2019-07-26 10:19:23', '2019-07-26 10:19:23', 1, 1),
(71, 7, 0, 5, '', 0, 1, '2019-07-26 10:19:32', '2019-07-26 10:19:32', 1, 1),
(72, 7, 0, 9, '', 0, 1, '2019-07-26 10:19:36', '2019-07-26 10:19:36', 1, 1),
(73, 7, 0, 11, '', 0, 1, '2019-07-26 10:19:39', '2019-07-26 10:19:39', 1, 1),
(74, 7, 0, 3, '', 0, 1, '2019-07-26 10:19:42', '2019-07-26 10:19:42', 1, 1),
(75, 7, 0, 7, '', 0, 1, '2019-07-26 10:19:44', '2019-07-26 10:19:44', 1, 1),
(76, 7, 0, 10, '', 0, 1, '2019-07-26 10:19:47', '2019-07-26 10:19:47', 1, 1),
(77, 7, 0, 12, '', 0, 1, '2019-07-26 10:19:49', '2019-07-26 10:19:49', 1, 1),
(78, 7, 0, 6, '', 0, 1, '2019-07-26 10:19:55', '2019-07-26 10:19:55', 1, 1),
(79, 7, 0, 8, '', 0, 1, '2019-07-26 10:19:58', '2019-07-26 10:19:58', 1, 1),
(80, 7, 0, 0, '', 0, 1, '2019-07-26 10:20:03', '2019-07-26 10:20:03', 1, 1),
(81, 25, 0, 0, '', 0, 1, '2019-07-26 10:23:31', '2019-07-26 10:23:31', 1, 1),
(82, 25, 0, 0, '', 0, 1, '2019-07-26 10:23:38', '2019-07-26 10:23:38', 1, 1),
(83, 25, 0, 0, '', 0, 1, '2019-07-26 10:23:41', '2019-07-26 10:23:41', 1, 1),
(84, 25, 0, 0, '', 0, 1, '2019-07-26 10:23:43', '2019-07-26 10:23:43', 1, 1),
(85, 25, 0, 0, '', 0, 1, '2019-07-26 10:23:46', '2019-07-26 10:23:46', 1, 1),
(86, 25, 0, 0, '', 0, 1, '2019-07-26 10:23:49', '2019-07-26 10:23:49', 1, 1),
(87, 25, 0, 0, '', 0, 1, '2019-07-26 10:23:56', '2019-07-26 10:25:16', 1, 1),
(88, 25, 0, 0, '', 0, 1, '2019-07-26 10:24:02', '2019-07-26 10:24:02', 1, 1),
(89, 25, 0, 0, '', 0, 1, '2019-07-26 10:24:07', '2019-07-26 10:24:07', 1, 1),
(90, 25, 0, 0, '', 0, 1, '2019-07-26 10:24:14', '2019-07-26 10:24:14', 1, 1),
(91, 25, 0, 0, '', 0, 1, '2019-07-26 10:24:16', '2019-07-26 10:24:16', 1, 1),
(92, 25, 0, 0, '', 0, 1, '2019-07-26 10:24:24', '2019-07-26 10:24:24', 1, 1),
(93, 25, 0, 0, '', 0, 1, '2019-07-26 10:24:27', '2019-07-26 10:24:27', 1, 1),
(94, 25, 0, 0, '', 0, 1, '2019-07-26 10:24:30', '2019-07-26 10:24:30', 1, 1),
(95, 25, 0, 0, '', 0, 1, '2019-07-26 10:24:36', '2019-07-26 10:24:36', 1, 1),
(96, 25, 0, 0, '', 0, 1, '2019-07-26 10:24:41', '2019-07-26 10:24:41', 1, 1),
(97, 25, 0, 0, '', 0, 1, '2019-07-26 10:24:44', '2019-07-26 10:24:44', 1, 1),
(98, 25, 0, 0, '', 0, 1, '2019-07-26 10:24:46', '2019-07-26 10:24:46', 1, 1),
(99, 25, 0, 0, '', 0, 1, '2019-07-26 10:24:49', '2019-07-26 10:24:49', 1, 1),
(100, 25, 0, 0, '', 0, 1, '2019-07-26 10:24:54', '2019-07-26 10:24:54', 1, 1),
(101, 25, 0, 0, '', 0, 1, '2019-07-26 10:24:57', '2019-07-26 10:24:57', 1, 1),
(102, 1, 0, 5, '', 0, 1, '2019-07-26 10:25:55', '2019-07-26 10:25:55', 1, 1),
(103, 102, 0, 0, '', 0, 1, '2019-07-26 10:26:18', '2019-07-26 10:26:18', 1, 1),
(104, 102, 0, 0, '', 0, 1, '2019-07-26 10:26:21', '2019-07-26 10:26:21', 1, 1),
(105, 102, 0, 0, '', 0, 1, '2019-07-26 10:27:00', '2019-07-26 10:27:00', 1, 1),
(106, 102, 0, 0, '', 0, 1, '2019-07-26 10:27:08', '2019-07-26 10:27:08', 1, 1),
(107, 102, 0, 0, '', 0, 1, '2019-07-26 10:27:11', '2019-07-26 10:27:11', 1, 1),
(108, 102, 0, 0, '', 0, 1, '2019-07-26 10:27:13', '2019-07-26 10:27:13', 1, 1),
(109, 102, 0, 0, '', 0, 1, '2019-07-26 10:27:15', '2019-07-26 10:27:15', 1, 1),
(110, 102, 0, 0, '', 0, 1, '2019-07-26 10:27:18', '2019-07-26 10:27:18', 1, 1),
(111, 102, 0, 0, '', 0, 1, '2019-07-26 10:27:24', '2019-07-26 10:27:24', 1, 1),
(112, 102, 0, 0, '', 0, 1, '2019-07-26 10:27:26', '2019-07-26 10:27:26', 1, 1),
(113, 102, 0, 0, '', 0, 1, '2019-07-26 10:27:32', '2019-07-26 10:27:32', 1, 1),
(114, 22, 0, 0, '', 0, 1, '2019-07-26 10:28:42', '2019-07-26 10:28:42', 1, 1),
(115, 22, 0, 0, '', 0, 1, '2019-07-26 10:28:46', '2019-07-26 10:28:46', 1, 1),
(116, 22, 0, 0, '', 0, 1, '2019-07-26 10:28:50', '2019-07-26 10:28:50', 1, 1),
(117, 22, 0, 0, '', 0, 1, '2019-07-26 10:28:56', '2019-07-26 10:28:56', 1, 1),
(118, 22, 0, 0, '', 0, 1, '2019-07-26 10:29:04', '2019-07-26 10:29:04', 1, 1),
(119, 22, 0, 0, '', 0, 1, '2019-07-26 10:29:09', '2019-07-26 10:29:09', 1, 1),
(120, 22, 0, 0, '', 0, 1, '2019-07-26 10:29:14', '2019-07-26 10:29:14', 1, 1),
(121, 21, 0, 0, '', 0, 1, '2019-07-26 10:41:17', '2019-07-26 10:41:17', 1, 1),
(122, 21, 0, 0, '', 0, 1, '2019-07-26 10:41:21', '2019-07-26 10:41:21', 1, 1),
(123, 21, 0, 0, '', 0, 1, '2019-07-26 10:41:24', '2019-07-26 10:41:24', 1, 1),
(124, 21, 0, 0, '', 0, 1, '2019-07-26 10:41:26', '2019-07-26 10:41:26', 1, 1),
(125, 21, 0, 0, '', 0, 1, '2019-07-26 10:41:30', '2019-07-26 10:41:30', 1, 1),
(126, 21, 0, 0, '', 0, 1, '2019-07-26 10:41:36', '2019-07-26 10:41:36', 1, 1),
(127, 21, 0, 0, '', 0, 1, '2019-07-26 10:41:38', '2019-07-26 10:41:38', 1, 1),
(128, 21, 0, 0, '', 0, 1, '2019-07-26 10:41:40', '2020-02-01 11:28:44', 1, 144),
(129, 21, 0, 0, '', 0, 1, '2019-07-26 10:41:43', '2019-07-26 10:41:43', 1, 1),
(130, 21, 0, 0, '', 0, 1, '2019-07-26 10:41:48', '2019-07-26 10:41:48', 1, 1),
(131, 21, 0, 0, '', 0, 1, '2019-07-26 10:41:55', '2019-07-26 10:41:55', 1, 1),
(132, 2, 0, 0, 'uploads/images/5158689998720190801094306Effat-University-Logo-Black.png', 0, 1, '2019-08-01 21:06:43', '2019-08-01 21:06:43', 1, 1),
(133, 132, 0, 0, '', 0, 1, '2019-08-01 21:07:06', '2019-08-01 21:07:06', 1, 1),
(134, 132, 0, 0, '', 0, 1, '2019-08-01 21:07:15', '2019-08-01 21:07:15', 1, 1),
(135, 132, 0, 0, '', 0, 1, '2019-08-01 21:07:21', '2019-08-01 21:07:21', 1, 1),
(136, 132, 0, 0, '', 0, 1, '2019-08-01 21:07:26', '2019-08-01 21:07:26', 1, 1),
(137, 132, 0, 0, '', 0, 1, '2019-08-01 21:07:37', '2019-08-01 21:07:37', 1, 1),
(138, 132, 0, 0, '', 0, 1, '2019-08-01 21:07:50', '2019-08-01 21:07:50', 1, 1),
(139, 132, 0, 0, '', 0, 1, '2019-08-01 21:07:59', '2019-08-01 21:07:59', 1, 1),
(140, 2, 0, 0, 'uploads/images/7481589483320190801092708Effat-University-Logo-Black.png', 0, 1, '2019-08-01 21:08:27', '2019-08-01 21:08:27', 1, 1),
(141, 140, 0, 0, '', 0, 1, '2019-08-01 21:08:48', '2019-08-01 21:08:48', 1, 1),
(142, 140, 0, 0, '', 0, 1, '2019-08-01 21:08:56', '2019-08-01 21:08:56', 1, 1),
(143, 140, 0, 0, '', 0, 1, '2019-08-01 21:09:03', '2019-08-01 21:09:03', 1, 1),
(144, 140, 0, 0, '', 0, 1, '2019-08-01 21:09:08', '2019-08-01 21:09:08', 1, 1),
(145, 140, 0, 0, '', 0, 1, '2019-08-01 21:09:12', '2019-08-01 21:09:12', 1, 1),
(146, 140, 0, 0, '', 0, 1, '2019-08-01 21:09:21', '2019-08-01 21:09:21', 1, 1),
(147, 2, 0, 0, '', 0, 1, '2019-08-01 21:09:52', '2019-08-01 21:09:52', 1, 1),
(148, 147, 0, 0, '', 0, 1, '2019-08-01 21:10:21', '2019-08-01 21:10:21', 1, 1),
(149, 147, 0, 0, '', 0, 1, '2019-08-01 21:10:24', '2019-08-01 21:10:24', 1, 1),
(150, 147, 0, 0, '', 0, 1, '2019-08-01 21:10:28', '2019-08-01 21:10:28', 1, 1),
(151, 147, 0, 0, '', 0, 1, '2019-08-01 21:10:36', '2019-08-01 21:10:36', 1, 1),
(152, 147, 0, 0, '', 0, 1, '2019-08-01 21:10:43', '2019-08-01 21:10:43', 1, 1),
(153, 147, 0, 0, '', 0, 1, '2019-08-01 21:10:54', '2019-08-01 21:10:54', 1, 1),
(154, 147, 0, 0, '', 0, 1, '2019-08-01 21:10:59', '2019-08-01 21:10:59', 1, 1),
(155, 147, 0, 0, '', 0, 1, '2019-08-01 21:11:05', '2019-08-01 21:11:05', 1, 1),
(156, 147, 0, 0, '', 0, 1, '2019-08-01 21:11:10', '2019-08-01 21:11:10', 1, 1),
(157, 147, 0, 0, '', 0, 1, '2019-08-01 21:11:18', '2019-08-01 21:11:18', 1, 1),
(158, 147, 0, 0, '', 0, 1, '2019-08-01 21:11:26', '2019-08-01 21:11:26', 1, 1),
(159, 147, 0, 0, '', 0, 1, '2019-08-01 21:11:33', '2019-08-01 21:11:33', 1, 1),
(160, 147, 0, 0, '', 0, 1, '2019-08-01 21:11:37', '2019-08-01 21:11:37', 1, 1),
(161, 147, 0, 0, '', 0, 1, '2019-08-01 21:11:41', '2019-08-01 21:11:41', 1, 1),
(162, 3, 0, 0, '', 0, 1, '2019-08-01 21:12:08', '2019-08-01 21:12:08', 1, 1),
(163, 3, 0, 0, '', 0, 1, '2019-08-01 21:12:14', '2019-08-01 21:12:14', 1, 1),
(164, 3, 0, 0, '', 0, 1, '2019-08-01 21:12:23', '2019-08-01 21:12:23', 1, 1),
(165, 3, 0, 0, '', 0, 1, '2019-08-01 21:12:28', '2019-08-01 21:12:28', 1, 1),
(166, 0, 0, 9, 'uploads/images/9638901851920190802030613Screen_Shot_2019-08-02_at_6.11.49_PM.png', 0, 1, '2019-08-01 21:12:48', '2019-08-02 15:13:06', 1, 1),
(167, 0, 0, 0, 'uploads/images/2932932662201908020208583-10.jpg', 0, 1, '2019-08-01 21:12:57', '2019-08-02 14:58:08', 1, 1),
(168, 0, 0, 2, 'uploads/images/1657947551820190802030211Screen_Shot_2019-08-02_at_6.04.54_PM.png', 0, 1, '2019-08-01 21:13:15', '2019-08-02 15:11:02', 1, 1),
(169, 0, 0, 8, 'uploads/images/8986669093920190802032207Auto_car_cars_vehicle-770x416.jpg', 0, 1, '2019-08-01 21:13:24', '2019-08-02 15:07:22', 1, 1),
(170, 0, 0, 10, 'uploads/images/8883516431120190802034213Screen_Shot_2019-08-02_at_6.13.11_PM.png', 0, 1, '2019-08-01 21:13:34', '2019-08-02 15:13:42', 1, 1),
(171, 0, 0, 0, 'uploads/images/42919369393201908020329061000X500.jpg', 0, 1, '2019-08-01 21:13:43', '2019-08-02 15:06:29', 1, 1),
(172, 0, 0, 1, 'uploads/images/892187241120190802035609old-clocks-670829828-5aea5f5aff1b780036cb9cce.jpg', 0, 1, '2019-08-01 21:13:59', '2020-02-04 22:08:09', 1, 144),
(173, 0, 0, 7, 'uploads/images/7942809860320190802034212Screen_Shot_2019-08-02_at_6.05.43_PM.png', 0, 1, '2019-08-01 21:14:06', '2019-08-02 15:12:42', 1, 1),
(174, 163, 0, 0, '', 0, 1, '2019-08-01 21:15:09', '2019-08-01 21:15:09', 1, 1),
(175, 163, 0, 0, '', 0, 1, '2019-08-01 21:15:17', '2019-08-01 21:15:17', 1, 1),
(176, 163, 0, 0, '', 0, 1, '2019-08-01 21:15:23', '2019-08-01 21:15:23', 1, 1),
(177, 163, 0, 0, '', 0, 1, '2019-08-01 21:15:31', '2019-08-01 21:15:31', 1, 1),
(178, 163, 0, 0, '', 0, 1, '2019-08-01 21:15:45', '2019-08-01 21:15:45', 1, 1),
(179, 163, 0, 0, '', 0, 1, '2019-08-01 21:15:52', '2019-08-01 21:15:52', 1, 1),
(180, 163, 0, 0, '', 0, 1, '2019-08-01 21:15:59', '2019-08-01 21:15:59', 1, 1),
(181, 163, 0, 0, '', 0, 1, '2019-08-01 21:16:05', '2019-08-01 21:16:05', 1, 1),
(182, 163, 0, 0, '', 0, 1, '2019-08-01 21:16:13', '2019-08-01 21:16:13', 1, 1),
(183, 163, 0, 0, '', 0, 1, '2019-08-01 21:16:20', '2019-08-01 21:16:20', 1, 1),
(184, 163, 0, 0, '', 0, 1, '2019-08-01 21:16:25', '2019-08-01 21:16:25', 1, 1),
(185, 163, 0, 0, '', 0, 1, '2019-08-01 21:16:31', '2019-08-01 21:17:15', 1, 1),
(186, 164, 0, 0, '', 0, 1, '2019-08-01 21:18:04', '2019-08-01 21:18:04', 1, 1),
(187, 164, 0, 0, '', 0, 1, '2019-08-01 21:18:13', '2019-08-01 21:18:13', 1, 1),
(188, 164, 0, 0, '', 0, 1, '2019-08-01 21:18:19', '2019-08-01 21:18:19', 1, 1),
(189, 164, 0, 0, '', 0, 1, '2019-08-01 21:18:27', '2019-08-01 21:18:27', 1, 1),
(190, 164, 0, 0, '', 0, 1, '2019-08-01 21:18:34', '2019-08-01 21:18:34', 1, 1),
(191, 164, 0, 0, '', 0, 1, '2019-08-01 21:18:39', '2019-08-01 21:18:39', 1, 1),
(192, 164, 0, 0, '', 0, 1, '2019-08-01 21:18:46', '2019-08-01 21:19:50', 1, 1),
(193, 164, 0, 0, '', 0, 1, '2019-08-01 21:18:54', '2019-08-01 21:18:54', 1, 1),
(194, 164, 0, 0, '', 0, 1, '2019-08-01 21:19:00', '2019-08-01 21:19:00', 1, 1),
(195, 164, 0, 0, '', 0, 1, '2019-08-01 21:19:04', '2020-02-01 11:58:46', 1, 144),
(196, 164, 0, 0, '', 0, 1, '2019-08-01 21:19:10', '2019-08-01 21:19:10', 1, 1),
(197, 164, 0, 0, '', 0, 1, '2019-08-01 21:19:19', '2019-08-01 21:19:19', 1, 1),
(198, 164, 0, 0, '', 0, 1, '2019-08-01 21:19:28', '2019-08-01 21:19:28', 1, 1),
(199, 165, 0, 0, '', 0, 1, '2019-08-01 21:20:38', '2019-08-01 21:20:38', 1, 1),
(200, 165, 0, 0, '', 0, 1, '2019-08-01 21:20:43', '2019-08-01 21:20:43', 1, 1),
(201, 165, 0, 0, '', 0, 1, '2019-08-01 21:20:51', '2019-08-01 21:20:51', 1, 1),
(202, 165, 0, 0, '', 0, 1, '2019-08-01 21:20:59', '2019-08-01 21:20:59', 1, 1),
(203, 165, 0, 0, '', 0, 1, '2019-08-01 21:21:03', '2019-08-01 21:21:03', 1, 1),
(204, 162, 0, 0, '', 0, 1, '2019-08-01 21:21:26', '2019-08-01 21:21:26', 1, 1),
(205, 162, 0, 0, '', 0, 1, '2019-08-01 21:21:31', '2019-08-01 21:21:31', 1, 1),
(206, 162, 0, 0, '', 0, 1, '2019-08-01 21:21:45', '2019-08-01 21:21:45', 1, 1),
(207, 162, 0, 0, '', 0, 1, '2019-08-01 21:21:49', '2019-08-01 21:21:49', 1, 1),
(208, 162, 0, 0, '', 0, 1, '2019-08-01 21:21:53', '2019-08-01 21:21:53', 1, 1),
(209, 162, 0, 0, '', 0, 1, '2019-08-01 21:21:58', '2019-08-01 21:21:58', 1, 1),
(210, 162, 0, 0, '', 0, 1, '2019-08-01 21:22:03', '2019-08-01 21:22:03', 1, 1),
(211, 162, 0, 0, '', 0, 1, '2019-08-01 21:22:08', '2019-08-01 21:22:08', 1, 1),
(212, 162, 0, 0, '', 0, 1, '2019-08-01 21:22:17', '2019-08-01 21:22:17', 1, 1),
(213, 162, 0, 0, '', 0, 1, '2019-08-01 21:22:21', '2019-08-01 21:22:21', 1, 1),
(214, 162, 0, 0, '', 0, 1, '2019-08-01 21:22:30', '2019-08-01 21:22:30', 1, 1),
(215, 162, 0, 0, '', 0, 1, '2019-08-01 21:22:37', '2019-08-01 21:22:37', 1, 1),
(216, 162, 0, 0, '', 0, 1, '2019-08-01 21:22:51', '2019-08-01 21:22:51', 1, 1),
(217, 162, 0, 0, '', 0, 1, '2019-08-01 21:22:57', '2019-08-01 21:22:57', 1, 1),
(218, 162, 0, 0, '', 0, 1, '2019-08-01 21:23:03', '2019-08-01 21:23:03', 1, 1),
(219, 162, 0, 0, '', 0, 1, '2019-08-01 21:23:15', '2019-08-01 21:23:15', 1, 1),
(220, 162, 0, 0, '', 0, 1, '2019-08-01 21:23:23', '2019-08-01 21:23:23', 1, 1),
(221, 162, 0, 0, '', 0, 1, '2019-08-01 21:23:38', '2019-08-01 21:23:38', 1, 1),
(222, 162, 0, 0, '', 0, 1, '2019-08-01 21:23:43', '2019-08-01 21:23:43', 1, 1),
(223, 162, 0, 0, '', 0, 1, '2019-08-01 21:23:50', '2019-08-01 21:23:50', 1, 1),
(224, 162, 0, 0, '', 0, 1, '2019-08-01 21:23:55', '2019-08-01 21:23:55', 1, 1),
(225, 167, 0, 0, '', 0, 1, '2019-08-02 13:11:32', '2019-08-02 13:11:32', 1, 1),
(226, 167, 0, 0, '', 0, 1, '2019-08-02 13:11:41', '2019-08-02 13:11:41', 1, 1),
(227, 167, 0, 0, '', 0, 1, '2019-08-02 13:11:45', '2019-08-02 13:11:45', 1, 1),
(228, 167, 0, 0, '', 0, 1, '2019-08-02 13:11:50', '2019-08-02 13:11:50', 1, 1),
(229, 167, 0, 0, '', 0, 1, '2019-08-02 13:11:59', '2019-08-02 13:11:59', 1, 1),
(230, 171, 0, 0, '', 0, 1, '2019-08-02 13:12:34', '2019-08-02 13:12:34', 1, 1),
(231, 171, 0, 0, '', 0, 1, '2019-08-02 13:12:40', '2019-08-02 13:12:40', 1, 1),
(232, 171, 0, 0, '', 0, 1, '2019-08-02 13:12:45', '2019-08-02 13:12:45', 1, 1),
(233, 171, 0, 0, '', 0, 1, '2019-08-02 13:12:53', '2019-08-02 13:12:53', 1, 1),
(234, 171, 0, 0, '', 0, 1, '2019-08-02 13:12:58', '2019-08-02 13:12:58', 1, 1),
(235, 172, 0, 0, '', 0, 1, '2019-08-02 13:13:48', '2019-08-02 13:13:48', 1, 1),
(236, 172, 0, 0, '', 0, 1, '2019-08-02 13:13:56', '2019-08-02 13:13:56', 1, 1),
(237, 172, 0, 0, '', 0, 1, '2019-08-02 13:14:02', '2019-08-02 13:14:02', 1, 1),
(238, 172, 0, 0, '', 0, 1, '2019-08-02 13:14:05', '2019-08-02 13:14:05', 1, 1),
(239, 172, 0, 0, '', 0, 1, '2019-08-02 13:14:14', '2019-08-02 13:14:14', 1, 1),
(240, 173, 0, 0, '', 0, 1, '2019-08-02 13:14:37', '2020-02-03 21:51:47', 1, 144),
(241, 173, 0, 0, '', 0, 1, '2019-08-02 13:14:45', '2019-08-02 13:14:45', 1, 1),
(242, 173, 0, 0, '', 0, 1, '2019-08-02 13:14:52', '2019-08-02 13:14:52', 1, 1),
(243, 173, 0, 0, '', 0, 1, '2019-08-02 13:14:58', '2019-08-02 13:14:58', 1, 1),
(244, 168, 0, 0, '', 0, 1, '2019-08-02 13:34:20', '2019-08-02 13:34:20', 1, 1),
(245, 168, 0, 0, '', 0, 1, '2019-08-02 13:34:26', '2019-08-02 13:34:26', 1, 1),
(246, 168, 0, 0, '', 0, 1, '2019-08-02 13:34:31', '2019-08-02 13:34:31', 1, 1),
(247, 168, 0, 0, '', 0, 1, '2019-08-02 13:34:36', '2019-08-02 13:34:36', 1, 1),
(248, 23, 0, 0, '', 0, 1, '2019-08-02 13:35:05', '2019-08-02 13:35:05', 1, 1),
(249, 23, 0, 0, '', 0, 1, '2019-08-02 13:35:12', '2020-02-01 13:53:42', 1, 144),
(250, 23, 0, 0, '', 0, 1, '2019-08-02 13:35:20', '2019-08-02 13:35:20', 1, 1),
(251, 23, 0, 0, '', 0, 1, '2019-08-02 13:35:24', '2019-08-02 13:35:24', 1, 1),
(252, 23, 0, 0, '', 0, 1, '2019-08-02 13:35:30', '2019-08-02 13:35:30', 1, 1),
(253, 166, 0, 0, '', 0, 1, '2019-08-02 13:36:01', '2019-08-02 13:36:01', 1, 1),
(254, 166, 0, 0, '', 0, 1, '2019-08-02 13:36:06', '2019-08-02 13:36:06', 1, 1),
(255, 166, 0, 0, '', 0, 1, '2019-08-02 13:36:10', '2019-08-02 13:36:10', 1, 1),
(256, 166, 0, 0, '', 0, 1, '2019-08-02 13:36:18', '2019-08-02 13:36:18', 1, 1),
(257, 166, 0, 0, '', 0, 1, '2019-08-02 13:36:25', '2019-08-02 13:36:25', 1, 1),
(258, 169, 0, 0, '', 0, 1, '2019-08-02 13:37:05', '2019-08-02 13:37:05', 1, 1),
(259, 169, 0, 0, '', 0, 1, '2019-08-02 13:37:11', '2019-08-02 13:37:11', 1, 1),
(260, 169, 0, 0, '', 0, 1, '2019-08-02 13:37:18', '2019-08-02 13:37:18', 1, 1),
(261, 227, 0, 0, '', 0, 1, '2019-08-02 13:59:46', '2019-08-02 13:59:46', 1, 1),
(262, 227, 0, 0, '', 0, 1, '2019-08-02 14:00:21', '2019-08-02 14:00:21', 1, 1),
(263, 227, 0, 0, '', 0, 1, '2019-08-02 14:01:40', '2019-08-02 14:01:40', 1, 1),
(264, 227, 0, 0, '', 0, 1, '2019-08-02 14:01:54', '2019-08-02 14:01:54', 1, 1),
(265, 227, 0, 0, '', 0, 1, '2019-08-02 14:02:44', '2019-08-02 14:02:44', 1, 1),
(266, 227, 0, 0, '', 0, 1, '2019-08-02 14:03:37', '2019-08-02 14:03:37', 1, 1),
(267, 227, 0, 0, '', 0, 1, '2019-08-02 14:04:12', '2019-08-02 14:04:12', 1, 1),
(268, 227, 0, 0, '', 0, 1, '2019-08-02 14:04:58', '2019-08-02 14:04:58', 1, 1),
(269, 227, 0, 0, '', 0, 1, '2019-08-02 14:05:40', '2019-08-02 14:05:40', 1, 1),
(270, 227, 0, 0, '', 0, 1, '2019-08-02 14:06:21', '2019-08-02 14:06:21', 1, 1),
(271, 227, 0, 0, '', 0, 1, '2019-08-02 14:06:50', '2019-08-02 14:06:50', 1, 1),
(272, 227, 0, 0, '', 0, 1, '2019-08-02 14:07:05', '2019-08-02 14:07:05', 1, 1),
(273, 227, 0, 0, '', 0, 1, '2019-08-02 14:07:21', '2019-08-02 14:07:21', 1, 1),
(274, 227, 0, 0, '', 0, 1, '2019-08-02 14:07:50', '2019-08-02 14:07:50', 1, 1),
(275, 227, 0, 0, '', 0, 1, '2019-08-02 14:08:12', '2019-08-02 14:08:12', 1, 1),
(276, 225, 0, 0, '', 0, 1, '2019-08-02 14:09:43', '2019-08-02 14:09:43', 1, 1),
(277, 225, 0, 0, '', 0, 1, '2019-08-02 14:09:54', '2019-08-02 14:09:54', 1, 1),
(278, 225, 0, 0, '', 0, 1, '2019-08-02 14:10:11', '2019-08-02 14:10:11', 1, 1),
(279, 225, 0, 0, '', 0, 1, '2019-08-02 14:10:29', '2019-08-02 14:10:29', 1, 1),
(280, 225, 0, 0, '', 0, 1, '2019-08-02 14:10:51', '2019-08-02 14:10:51', 1, 1),
(281, 225, 0, 0, '', 0, 1, '2019-08-02 14:11:07', '2019-08-02 14:11:07', 1, 1),
(282, 225, 0, 0, '', 0, 1, '2019-08-02 14:11:22', '2019-08-02 14:11:22', 1, 1),
(283, 225, 0, 0, '', 0, 1, '2019-08-02 14:12:09', '2019-08-02 14:12:09', 1, 1),
(284, 225, 0, 0, '', 0, 1, '2019-08-02 14:12:29', '2019-08-02 14:12:29', 1, 1),
(285, 225, 0, 0, '', 0, 1, '2019-08-02 14:13:01', '2019-08-02 14:13:01', 1, 1),
(286, 225, 0, 0, '', 0, 1, '2019-08-02 14:13:45', '2019-08-02 14:13:45', 1, 1),
(287, 226, 0, 0, '', 0, 1, '2019-08-02 14:14:39', '2019-08-02 14:14:39', 1, 1),
(288, 226, 0, 0, '', 0, 1, '2019-08-02 14:14:54', '2019-08-02 14:14:54', 1, 1),
(289, 226, 0, 0, '', 0, 1, '2019-08-02 14:15:08', '2019-08-02 14:15:08', 1, 1),
(290, 226, 0, 0, '', 0, 1, '2019-08-02 14:15:22', '2019-08-02 14:15:22', 1, 1),
(291, 226, 0, 0, '', 0, 1, '2019-08-02 14:15:41', '2019-08-02 14:15:41', 1, 1),
(292, 226, 0, 0, '', 0, 1, '2019-08-02 14:15:57', '2019-08-02 14:15:57', 1, 1),
(293, 226, 0, 0, '', 0, 1, '2019-08-02 14:16:14', '2019-08-02 14:16:14', 1, 1),
(294, 226, 0, 0, '', 0, 1, '2019-08-02 14:16:31', '2019-08-02 14:16:31', 1, 1),
(295, 226, 0, 0, '', 0, 1, '2019-08-02 14:16:53', '2019-08-02 14:16:53', 1, 1),
(296, 226, 0, 0, '', 0, 1, '2019-08-02 14:17:07', '2019-08-02 14:17:07', 1, 1),
(297, 226, 0, 0, '', 0, 1, '2019-08-02 14:17:37', '2020-02-01 13:16:52', 1, 144),
(298, 226, 0, 0, '', 0, 1, '2019-08-02 14:18:08', '2019-08-02 14:18:08', 1, 1),
(299, 226, 0, 0, '', 0, 1, '2019-08-02 14:18:31', '2019-08-02 14:18:31', 1, 1),
(300, 226, 0, 0, '', 0, 1, '2019-08-02 14:18:43', '2019-08-02 14:18:43', 1, 1),
(301, 226, 0, 0, '', 0, 1, '2019-08-02 14:18:56', '2019-08-02 14:18:56', 1, 1),
(302, 226, 0, 0, '', 0, 1, '2019-08-02 14:19:07', '2019-08-02 14:19:07', 1, 1),
(303, 226, 0, 0, '', 0, 1, '2019-08-02 14:19:27', '2019-08-02 14:19:27', 1, 1),
(304, 226, 0, 0, '', 0, 1, '2019-08-02 14:19:41', '2019-08-02 14:19:41', 1, 1),
(305, 226, 0, 0, '', 0, 1, '2019-08-02 14:19:54', '2019-08-02 14:32:25', 1, 1),
(306, 226, 0, 0, '', 0, 1, '2019-08-02 14:20:43', '2020-02-01 13:19:24', 1, 144),
(307, 226, 0, 0, '', 0, 1, '2019-08-02 14:21:07', '2019-08-02 14:21:07', 1, 1),
(308, 228, 0, 0, '', 0, 1, '2019-08-02 14:33:51', '2019-08-02 14:33:51', 1, 1),
(309, 228, 0, 0, '', 0, 1, '2019-08-02 14:33:57', '2019-08-02 14:35:51', 1, 1),
(310, 228, 0, 0, '', 0, 1, '2019-08-02 14:34:04', '2019-08-02 14:34:04', 1, 1),
(311, 228, 0, 0, '', 0, 1, '2019-08-02 14:34:10', '2019-08-02 14:34:10', 1, 1),
(312, 228, 0, 0, '', 0, 1, '2019-08-02 14:34:26', '2019-08-02 14:34:26', 1, 1),
(313, 228, 0, 0, '', 0, 1, '2019-08-02 14:34:34', '2019-08-02 14:34:34', 1, 1),
(314, 228, 0, 0, '', 0, 1, '2019-08-02 14:34:38', '2019-08-02 14:34:38', 1, 1),
(315, 228, 0, 0, '', 0, 1, '2019-08-02 14:34:43', '2019-08-02 14:34:43', 1, 1),
(316, 228, 0, 0, '', 0, 1, '2019-08-02 14:34:48', '2019-08-02 14:34:48', 1, 1),
(317, 228, 0, 0, '', 0, 1, '2019-08-02 14:34:57', '2019-08-02 14:34:57', 1, 1),
(318, 228, 0, 0, '', 0, 1, '2019-08-02 14:35:04', '2019-08-02 14:35:04', 1, 1),
(319, 228, 0, 0, '', 0, 1, '2019-08-02 14:35:09', '2019-08-02 14:35:09', 1, 1),
(320, 228, 0, 0, '', 0, 1, '2019-08-02 14:35:14', '2019-08-02 14:35:14', 1, 1),
(321, 228, 0, 0, '', 0, 1, '2019-08-02 14:35:20', '2019-08-02 14:35:20', 1, 1),
(322, 229, 0, 0, '', 0, 1, '2019-08-02 14:38:09', '2019-08-02 14:38:09', 1, 1),
(323, 229, 0, 0, '', 0, 1, '2019-08-02 14:38:15', '2019-08-02 14:38:15', 1, 1),
(324, 229, 0, 0, '', 0, 1, '2019-08-02 14:38:21', '2019-08-02 14:38:21', 1, 1),
(325, 229, 0, 0, '', 0, 1, '2019-08-02 14:38:27', '2019-08-02 14:38:27', 1, 1),
(326, 229, 0, 0, '', 0, 1, '2019-08-02 14:38:35', '2019-08-02 14:38:35', 1, 1),
(327, 229, 0, 0, '', 0, 1, '2019-08-02 14:38:41', '2019-08-02 14:38:41', 1, 1),
(328, 229, 0, 0, '', 0, 1, '2019-08-02 14:38:49', '2019-08-02 14:38:49', 1, 1),
(329, 229, 0, 0, '', 0, 1, '2019-08-02 14:38:59', '2019-08-02 14:38:59', 1, 1),
(330, 229, 0, 0, '', 0, 1, '2019-08-02 14:39:11', '2019-08-02 14:39:11', 1, 1),
(331, 229, 0, 0, '', 0, 1, '2019-08-02 14:39:16', '2019-08-02 14:39:16', 1, 1),
(332, 229, 0, 0, '', 0, 1, '2019-08-02 14:39:20', '2019-08-02 14:39:20', 1, 1),
(333, 229, 0, 0, '', 0, 1, '2019-08-02 14:39:24', '2019-08-02 14:39:24', 1, 1),
(334, 229, 0, 0, '', 0, 1, '2019-08-02 14:39:30', '2019-08-02 14:39:30', 1, 1),
(335, 229, 0, 0, '', 0, 1, '2019-08-02 14:39:34', '2019-08-02 14:39:34', 1, 1),
(336, 229, 0, 0, '', 0, 1, '2019-08-02 14:39:41', '2019-08-02 14:39:41', 1, 1),
(337, 229, 0, 0, '', 0, 1, '2019-08-02 14:39:49', '2019-08-02 14:40:27', 1, 1),
(338, 229, 0, 0, '', 0, 1, '2019-08-02 14:39:55', '2019-08-02 14:39:55', 1, 1),
(339, 229, 0, 0, '', 0, 1, '2019-08-02 14:39:59', '2019-08-02 14:39:59', 1, 1),
(340, 24, 0, 0, '', 0, 1, '2019-08-02 14:40:59', '2019-08-02 14:40:59', 1, 1),
(341, 24, 0, 0, '', 0, 1, '2019-08-02 14:41:04', '2019-08-02 14:41:04', 1, 1),
(342, 24, 0, 0, '', 0, 1, '2019-08-02 14:41:11', '2020-02-02 19:17:23', 1, 144),
(343, 24, 0, 0, '', 0, 1, '2019-08-02 14:41:20', '2019-08-02 14:41:20', 1, 1),
(344, 24, 0, 0, '', 0, 1, '2019-08-02 14:41:26', '2019-08-02 14:41:26', 1, 1),
(345, 24, 0, 0, '', 0, 1, '2019-08-02 14:41:34', '2019-08-02 14:41:34', 1, 1),
(346, 24, 0, 0, '', 0, 1, '2019-08-02 14:41:42', '2019-08-02 14:41:42', 1, 1),
(347, 24, 0, 0, '', 0, 1, '2019-08-02 14:41:47', '2019-08-02 14:41:47', 1, 1),
(348, 24, 0, 0, '', 0, 1, '2019-08-02 14:41:51', '2019-08-02 14:41:51', 1, 1),
(349, 24, 0, 0, '', 0, 1, '2019-08-02 14:41:56', '2019-08-02 14:41:56', 1, 1),
(350, 24, 0, 0, '', 0, 1, '2019-08-02 14:42:01', '2019-08-02 14:42:01', 1, 1),
(351, 24, 0, 0, '', 0, 1, '2019-08-02 14:42:08', '2020-02-02 19:20:48', 1, 144),
(352, 24, 0, 0, '', 0, 1, '2019-08-02 14:42:12', '2019-08-02 14:42:12', 1, 1),
(353, 24, 0, 0, '', 0, 1, '2019-08-02 14:42:17', '2019-08-02 14:42:17', 1, 1),
(354, 0, 0, 0, 'uploads/images/8844184653220191019084246download.jpg', 0, 1, '2019-10-19 08:46:42', '2019-10-19 08:47:21', 1, 1),
(355, 354, 0, 0, '', 0, 1, '2019-10-19 08:47:56', '2019-10-19 08:47:56', 1, 1),
(356, 354, 0, 0, '', 0, 1, '2019-10-19 08:48:23', '2019-10-19 08:48:23', 1, 1),
(357, 354, 0, 0, '', 0, 1, '2019-10-19 08:48:29', '2019-10-19 08:48:29', 1, 1),
(358, 354, 0, 0, '', 0, 1, '2019-10-19 08:48:38', '2019-10-19 08:48:38', 1, 1),
(359, 355, 0, 0, '', 0, 1, '2019-10-19 08:49:06', '2019-10-19 08:49:06', 1, 1),
(360, 355, 0, 0, '', 0, 1, '2019-10-19 08:49:16', '2019-10-19 08:49:16', 1, 1),
(361, 355, 0, 0, '', 0, 1, '2019-10-19 08:49:22', '2019-10-19 08:49:22', 1, 1),
(362, 355, 0, 0, '', 0, 1, '2019-10-19 08:49:28', '2019-10-19 08:49:28', 1, 1),
(363, 356, 0, 0, '', 0, 1, '2019-10-19 08:49:50', '2019-10-19 08:49:50', 1, 1),
(364, 356, 0, 0, '', 0, 1, '2019-10-19 08:49:57', '2019-10-19 08:49:57', 1, 1),
(365, 356, 0, 0, '', 0, 1, '2019-10-19 08:50:07', '2019-10-19 08:50:07', 1, 1),
(366, 357, 0, 0, '', 0, 1, '2019-10-19 08:50:50', '2019-10-19 08:50:50', 1, 1),
(367, 357, 0, 0, '', 0, 1, '2019-10-19 08:50:59', '2019-10-19 08:50:59', 1, 1),
(368, 357, 0, 0, '', 0, 1, '2019-10-19 08:51:08', '2020-02-03 21:45:03', 1, 144),
(369, 357, 0, 0, '', 0, 1, '2019-10-19 08:51:18', '2019-10-19 08:51:18', 1, 1),
(370, 357, 0, 0, '', 0, 1, '2019-10-19 08:51:25', '2019-10-19 08:51:25', 1, 1),
(371, 357, 0, 0, '', 0, 1, '2019-10-19 08:51:34', '2019-10-19 08:51:34', 1, 1),
(372, 357, 0, 0, '', 0, 1, '2019-10-19 08:51:40', '2019-10-19 08:51:40', 1, 1),
(373, 357, 0, 0, '', 0, 1, '2019-10-19 08:51:46', '2019-10-19 08:51:46', 1, 1),
(374, 358, 0, 0, '', 0, 1, '2019-10-19 08:52:09', '2019-10-19 08:52:09', 1, 1),
(375, 358, 0, 0, '', 0, 1, '2019-10-19 08:52:16', '2019-10-19 08:52:16', 1, 1),
(376, 358, 0, 0, '', 0, 1, '2019-10-19 08:52:24', '2019-10-19 08:52:24', 1, 1),
(377, 358, 0, 0, '', 0, 1, '2019-10-19 08:52:35', '2019-10-19 08:52:35', 1, 1),
(378, 244, 0, 10, '', 0, 1, '2019-12-13 09:37:55', '2019-12-13 09:37:55', 1, 1),
(379, 258, 0, 1, '', 0, 1, '2019-12-19 20:19:22', '2019-12-19 20:19:22', 1, 1),
(380, 170, 0, 0, '', 0, 1, '2020-01-26 00:21:12', '2020-01-26 00:21:12', 1, 1),
(381, 170, 0, 0, '', 0, 1, '2020-01-26 00:21:26', '2020-01-26 00:21:26', 1, 1),
(382, 170, 0, 0, '', 0, 1, '2020-01-26 00:21:33', '2020-01-26 00:21:33', 1, 1),
(383, 170, 0, 0, '', 0, 1, '2020-01-26 00:22:13', '2020-01-26 00:22:13', 1, 1),
(384, 170, 0, 0, '', 0, 1, '2020-01-26 00:22:35', '2020-01-26 00:22:35', 1, 1),
(385, 253, 0, 0, '', 0, 1, '2020-02-01 12:11:41', '2020-02-01 12:23:56', 144, 144),
(386, 253, 0, 0, '', 0, 1, '2020-02-01 12:12:21', '2020-02-01 12:24:12', 144, 144),
(387, 253, 0, 0, '', 0, 1, '2020-02-01 12:12:51', '2020-02-01 12:24:25', 144, 144),
(388, 253, 0, 0, '', 0, 1, '2020-02-01 12:14:01', '2020-02-01 12:24:38', 144, 144),
(390, 254, 0, 0, '', 0, 1, '2020-02-01 12:18:23', '2020-02-01 12:18:23', 144, 144),
(391, 254, 0, 0, '', 0, 1, '2020-02-01 12:19:25', '2020-02-01 12:19:25', 144, 144),
(392, 254, 0, 0, '', 0, 1, '2020-02-01 12:19:54', '2020-02-01 12:19:54', 144, 144),
(393, 254, 0, 0, '', 0, 1, '2020-02-01 12:20:30', '2020-02-01 12:20:30', 144, 144),
(394, 254, 0, 0, '', 0, 1, '2020-02-01 12:21:01', '2020-02-01 12:21:01', 144, 144),
(395, 254, 0, 0, '', 0, 1, '2020-02-01 12:21:27', '2020-02-01 12:21:27', 144, 144),
(396, 254, 0, 0, '', 0, 1, '2020-02-01 12:22:12', '2020-02-01 12:22:12', 144, 144),
(397, 254, 0, 0, '', 0, 1, '2020-02-01 12:22:45', '2020-02-01 12:22:45', 144, 144),
(398, 255, 0, 0, '', 0, 1, '2020-02-01 12:26:56', '2020-02-01 12:26:56', 144, 144),
(399, 255, 0, 0, '', 0, 1, '2020-02-01 12:27:50', '2020-02-01 12:27:50', 144, 144),
(400, 255, 0, 0, '', 0, 1, '2020-02-01 12:28:16', '2020-02-01 12:28:16', 144, 144),
(401, 255, 0, 0, '', 0, 1, '2020-02-01 12:28:58', '2020-02-01 12:28:58', 144, 144),
(402, 255, 0, 0, '', 0, 1, '2020-02-01 12:29:24', '2020-02-01 12:29:24', 144, 144),
(403, 255, 0, 0, '', 0, 1, '2020-02-01 12:29:54', '2020-02-01 12:29:54', 144, 144),
(404, 255, 0, 0, '', 0, 1, '2020-02-01 12:30:21', '2020-02-01 12:30:21', 144, 144),
(405, 255, 0, 0, '', 0, 1, '2020-02-01 12:30:49', '2020-02-01 12:30:49', 144, 144),
(406, 255, 0, 0, '', 0, 1, '2020-02-01 12:31:17', '2020-02-01 12:31:17', 144, 144),
(407, 255, 0, 0, '', 0, 1, '2020-02-01 12:31:48', '2020-02-01 12:31:48', 144, 144),
(408, 256, 0, 0, '', 0, 1, '2020-02-01 12:32:58', '2020-02-01 12:32:58', 144, 144),
(409, 256, 0, 0, '', 0, 1, '2020-02-01 12:33:31', '2020-02-01 12:33:31', 144, 144),
(410, 256, 0, 0, '', 0, 1, '2020-02-01 12:33:57', '2020-02-01 12:33:57', 144, 144),
(411, 256, 0, 0, '', 0, 1, '2020-02-01 12:34:24', '2020-02-01 12:34:24', 144, 144),
(412, 256, 0, 0, '', 0, 1, '2020-02-01 12:34:56', '2020-02-01 12:34:56', 144, 144),
(413, 256, 0, 0, '', 0, 1, '2020-02-01 12:35:21', '2020-02-01 12:35:21', 144, 144),
(414, 256, 0, 0, '', 0, 1, '2020-02-01 12:36:22', '2020-02-01 12:36:22', 144, 144),
(415, 256, 0, 0, '', 0, 1, '2020-02-01 12:37:19', '2020-02-01 12:37:19', 144, 144),
(416, 256, 0, 0, '', 0, 1, '2020-02-01 12:37:45', '2020-02-01 12:37:45', 144, 144),
(417, 256, 0, 0, '', 0, 1, '2020-02-01 12:38:18', '2020-02-01 12:38:18', 144, 144),
(418, 256, 0, 0, '', 0, 1, '2020-02-01 12:38:47', '2020-02-01 12:38:47', 144, 144),
(419, 256, 0, 0, '', 0, 1, '2020-02-01 12:39:12', '2020-02-01 12:39:12', 144, 144),
(420, 256, 0, 0, '', 0, 1, '2020-02-01 12:39:43', '2020-02-01 12:39:43', 144, 144),
(421, 256, 0, 0, '', 0, 1, '2020-02-01 12:40:08', '2020-02-01 12:40:08', 144, 144),
(422, 256, 0, 0, '', 0, 1, '2020-02-01 12:40:49', '2020-02-01 12:40:49', 144, 144),
(423, 256, 0, 0, '', 0, 1, '2020-02-01 12:41:18', '2020-02-01 12:41:18', 144, 144),
(424, 256, 0, 0, '', 0, 1, '2020-02-01 12:41:49', '2020-02-01 12:41:49', 144, 144),
(425, 256, 0, 0, '', 0, 1, '2020-02-01 12:42:37', '2020-02-01 12:42:37', 144, 144),
(426, 256, 0, 0, '', 0, 1, '2020-02-01 12:49:22', '2020-02-01 12:49:22', 144, 144),
(427, 256, 0, 0, '', 0, 1, '2020-02-01 12:50:22', '2020-02-01 12:50:22', 144, 144),
(428, 257, 0, 0, '', 0, 1, '2020-02-01 12:51:15', '2020-02-01 12:51:15', 144, 144),
(429, 257, 0, 0, '', 0, 1, '2020-02-01 12:51:50', '2020-02-01 12:51:50', 144, 144),
(430, 257, 0, 0, '', 0, 1, '2020-02-01 12:52:28', '2020-02-01 12:52:28', 144, 144),
(431, 257, 0, 0, '', 0, 1, '2020-02-01 12:53:28', '2020-02-01 12:53:28', 144, 144),
(432, 257, 0, 0, '', 0, 1, '2020-02-01 12:53:56', '2020-02-01 12:53:56', 144, 144),
(433, 257, 0, 0, '', 0, 1, '2020-02-01 12:54:31', '2020-02-01 12:54:31', 144, 144),
(434, 257, 0, 0, '', 0, 1, '2020-02-01 12:55:07', '2020-02-01 12:55:07', 144, 144),
(435, 257, 0, 0, '', 0, 1, '2020-02-01 12:55:35', '2020-02-01 12:55:35', 144, 144),
(436, 257, 0, 0, '', 0, 1, '2020-02-01 12:56:09', '2020-02-01 12:56:09', 144, 144),
(437, 257, 0, 0, '', 0, 1, '2020-02-01 12:56:39', '2020-02-01 12:56:39', 144, 144),
(438, 257, 0, 0, '', 0, 1, '2020-02-01 12:57:10', '2020-02-01 12:57:10', 144, 144),
(439, 257, 0, 0, '', 0, 1, '2020-02-01 12:57:57', '2020-02-01 12:57:57', 144, 144),
(440, 257, 0, 0, '', 0, 1, '2020-02-01 12:58:25', '2020-02-01 12:58:25', 144, 144),
(441, 257, 0, 0, '', 0, 1, '2020-02-01 12:58:56', '2020-02-01 12:58:56', 144, 144),
(442, 257, 0, 0, '', 0, 1, '2020-02-01 12:59:34', '2020-02-01 12:59:34', 144, 144),
(443, 257, 0, 0, '', 0, 1, '2020-02-01 13:00:09', '2020-02-01 13:00:09', 144, 144),
(444, 257, 0, 0, '', 0, 1, '2020-02-01 13:00:40', '2020-02-01 13:00:40', 144, 144),
(445, 252, 0, 0, '', 0, 1, '2020-02-02 17:14:03', '2020-02-02 17:14:03', 144, 144),
(446, 252, 0, 3, '', 0, 1, '2020-02-02 17:16:02', '2020-02-02 17:16:02', 144, 144),
(447, 252, 0, 7, '', 0, 1, '2020-02-02 17:16:45', '2020-02-02 17:16:45', 144, 144),
(448, 252, 0, 10, '', 0, 1, '2020-02-02 17:17:18', '2020-02-02 17:17:18', 144, 144),
(449, 252, 0, 1, '', 0, 1, '2020-02-02 17:17:48', '2020-02-02 17:17:48', 144, 144),
(450, 252, 0, 5, '', 0, 1, '2020-02-02 17:18:16', '2020-02-02 17:18:16', 144, 144),
(451, 252, 0, 9, '', 0, 1, '2020-02-02 17:18:41', '2020-02-02 17:18:41', 144, 144),
(452, 252, 0, 0, '', 0, 1, '2020-02-02 17:19:17', '2020-02-02 17:19:17', 144, 144),
(453, 252, 0, 2, '', 0, 1, '2020-02-02 17:19:43', '2020-02-02 17:19:43', 144, 144),
(454, 252, 0, 6, '', 0, 1, '2020-02-02 17:50:05', '2020-02-02 17:50:05', 144, 144),
(455, 252, 0, 8, '', 0, 1, '2020-02-02 17:50:36', '2020-02-02 17:50:36', 144, 144),
(457, 252, 0, 0, '', 0, 1, '2020-02-02 17:52:09', '2020-02-02 17:52:09', 144, 144),
(458, 252, 0, 4, '', 0, 1, '2020-02-02 17:52:48', '2020-02-02 17:52:48', 144, 144),
(459, 252, 0, 0, '', 0, 1, '2020-02-02 17:53:19', '2020-02-02 17:53:19', 144, 144),
(460, 252, 0, 0, '', 0, 1, '2020-02-02 17:53:53', '2020-02-02 17:53:53', 144, 144),
(461, 251, 0, 0, '', 0, 1, '2020-02-02 17:54:50', '2020-02-02 17:54:50', 144, 144),
(462, 251, 0, 0, '', 0, 1, '2020-02-02 18:00:42', '2020-02-02 18:00:42', 144, 144),
(463, 251, 0, 0, '', 0, 1, '2020-02-02 18:06:59', '2020-02-02 18:06:59', 144, 144),
(464, 251, 0, 0, '', 0, 1, '2020-02-02 18:07:48', '2020-02-02 18:07:48', 144, 144),
(465, 251, 0, 0, '', 0, 1, '2020-02-02 18:08:15', '2020-02-02 18:08:15', 144, 144),
(466, 251, 0, 0, '', 0, 1, '2020-02-02 18:08:42', '2020-02-02 18:08:42', 144, 144),
(467, 251, 0, 0, '', 0, 1, '2020-02-02 18:09:18', '2020-02-02 18:09:18', 144, 144),
(468, 251, 0, 0, '', 0, 1, '2020-02-02 18:09:44', '2020-02-02 18:09:44', 144, 144),
(469, 251, 0, 0, '', 0, 1, '2020-02-02 18:10:18', '2020-02-02 18:10:18', 144, 144),
(470, 251, 0, 0, '', 0, 1, '2020-02-02 18:10:46', '2020-02-02 18:10:46', 144, 144),
(471, 251, 0, 0, '', 0, 1, '2020-02-02 18:11:17', '2020-02-02 18:11:17', 144, 144),
(472, 251, 0, 0, '', 0, 1, '2020-02-02 18:11:45', '2020-02-02 18:11:45', 144, 144),
(473, 250, 0, 0, '', 0, 1, '2020-02-02 18:12:58', '2020-02-02 18:12:58', 144, 144),
(474, 250, 0, 0, '', 0, 1, '2020-02-02 18:13:38', '2020-02-02 18:13:38', 144, 144),
(475, 250, 0, 0, '', 0, 1, '2020-02-02 18:14:06', '2020-02-02 18:14:06', 144, 144),
(476, 250, 0, 0, '', 0, 1, '2020-02-02 18:14:37', '2020-02-02 18:14:37', 144, 144),
(477, 250, 0, 0, '', 0, 1, '2020-02-02 18:15:08', '2020-02-02 18:15:08', 144, 144),
(478, 250, 0, 0, '', 0, 1, '2020-02-02 18:35:42', '2020-02-02 18:35:42', 144, 144),
(479, 250, 0, 0, '', 0, 1, '2020-02-02 18:36:15', '2020-02-02 18:36:15', 144, 144),
(480, 250, 0, 0, '', 0, 1, '2020-02-02 18:36:41', '2020-02-02 18:36:41', 144, 144),
(481, 250, 0, 0, '', 0, 1, '2020-02-02 18:37:03', '2020-02-02 18:37:03', 144, 144),
(482, 250, 0, 0, '', 0, 1, '2020-02-02 18:37:25', '2020-02-02 18:37:25', 144, 144),
(483, 250, 0, 0, '', 0, 1, '2020-02-02 18:37:53', '2020-02-02 18:37:53', 144, 144),
(484, 250, 0, 0, '', 0, 1, '2020-02-02 18:38:24', '2020-02-02 18:38:24', 144, 144),
(485, 250, 0, 0, '', 0, 1, '2020-02-02 18:39:02', '2020-02-02 18:39:02', 144, 144),
(486, 250, 0, 0, '', 0, 1, '2020-02-02 18:39:24', '2020-02-02 18:39:24', 144, 144),
(487, 250, 0, 0, '', 0, 1, '2020-02-02 18:40:07', '2020-02-02 18:40:07', 144, 144),
(488, 250, 0, 0, '', 0, 1, '2020-02-02 18:40:50', '2020-02-02 18:40:50', 144, 144),
(489, 250, 0, 0, '', 0, 1, '2020-02-02 18:41:27', '2020-02-02 18:41:27', 144, 144),
(490, 250, 0, 0, '', 0, 1, '2020-02-02 18:41:58', '2020-02-02 18:41:58', 144, 144),
(491, 250, 0, 0, '', 0, 1, '2020-02-02 18:42:24', '2020-02-02 18:42:24', 144, 144),
(492, 250, 0, 0, '', 0, 1, '2020-02-02 18:43:12', '2020-02-02 18:43:12', 144, 144),
(493, 250, 0, 0, '', 0, 1, '2020-02-02 18:44:03', '2020-02-02 18:44:03', 144, 144),
(494, 250, 0, 0, '', 0, 1, '2020-02-02 18:44:40', '2020-02-02 18:44:40', 144, 144),
(495, 250, 0, 0, '', 0, 1, '2020-02-02 18:45:16', '2020-02-02 18:45:16', 144, 144),
(496, 250, 0, 0, '', 0, 1, '2020-02-02 18:45:46', '2020-02-02 18:45:46', 144, 144),
(497, 250, 0, 0, '', 0, 1, '2020-02-02 18:46:14', '2020-02-02 18:46:14', 144, 144),
(498, 250, 0, 0, '', 0, 1, '2020-02-02 18:46:58', '2020-02-02 18:46:58', 144, 144),
(499, 250, 0, 0, '', 0, 1, '2020-02-02 18:47:38', '2020-02-02 18:47:38', 144, 144),
(500, 250, 0, 0, '', 0, 1, '2020-02-02 18:47:55', '2020-02-02 18:47:55', 144, 144),
(501, 250, 0, 0, '', 0, 1, '2020-02-02 18:48:29', '2020-02-02 18:48:29', 144, 144),
(502, 250, 0, 0, '', 0, 1, '2020-02-02 18:49:36', '2020-02-02 18:49:36', 144, 144),
(503, 250, 0, 0, '', 0, 1, '2020-02-02 18:50:08', '2020-02-02 18:50:08', 144, 144),
(504, 250, 0, 0, '', 0, 1, '2020-02-02 18:50:56', '2020-02-02 18:50:56', 144, 144),
(505, 250, 0, 0, '', 0, 1, '2020-02-02 18:51:28', '2020-02-02 18:51:28', 144, 144),
(506, 250, 0, 0, '', 0, 1, '2020-02-02 18:52:20', '2020-02-02 18:52:20', 144, 144),
(507, 250, 0, 0, '', 0, 1, '2020-02-02 18:52:55', '2020-02-02 18:52:55', 144, 144),
(508, 250, 0, 0, '', 0, 1, '2020-02-02 18:53:32', '2020-02-02 18:53:32', 144, 144),
(509, 249, 0, 0, '', 0, 1, '2020-02-02 18:56:22', '2020-02-02 18:56:22', 144, 144),
(510, 249, 0, 0, '', 0, 1, '2020-02-02 18:57:02', '2020-02-02 18:57:02', 144, 144),
(511, 249, 0, 0, '', 0, 1, '2020-02-02 18:57:25', '2020-02-02 18:57:25', 144, 144),
(512, 249, 0, 0, '', 0, 1, '2020-02-02 18:57:52', '2020-02-02 18:57:52', 144, 144),
(513, 249, 0, 0, '', 0, 1, '2020-02-02 18:58:28', '2020-02-02 18:58:28', 144, 144),
(514, 249, 0, 0, '', 0, 1, '2020-02-02 18:58:56', '2020-02-02 18:58:56', 144, 144),
(515, 249, 0, 0, '', 0, 1, '2020-02-02 18:59:25', '2020-02-02 18:59:25', 144, 144),
(516, 249, 0, 0, '', 0, 1, '2020-02-02 19:01:10', '2020-02-02 19:01:10', 144, 144),
(517, 249, 0, 0, '', 0, 1, '2020-02-02 19:02:00', '2020-02-02 19:02:00', 144, 144),
(518, 249, 0, 0, '', 0, 1, '2020-02-02 19:02:49', '2020-02-02 19:02:49', 144, 144),
(519, 249, 0, 0, '', 0, 1, '2020-02-02 19:03:22', '2020-02-02 19:03:22', 144, 144),
(520, 249, 0, 0, '', 0, 1, '2020-02-02 19:03:59', '2020-02-02 19:03:59', 144, 144),
(521, 249, 0, 0, '', 0, 1, '2020-02-02 19:04:33', '2020-02-02 19:04:33', 144, 144),
(522, 249, 0, 0, '', 0, 1, '2020-02-02 19:05:07', '2020-02-02 19:05:07', 144, 144),
(523, 249, 0, 0, '', 0, 1, '2020-02-02 19:05:49', '2020-02-02 19:05:49', 144, 144),
(524, 249, 0, 0, '', 0, 1, '2020-02-02 19:06:41', '2020-02-02 19:06:41', 144, 144),
(525, 249, 0, 0, '', 0, 1, '2020-02-02 19:07:26', '2020-02-02 19:07:26', 144, 144),
(526, 249, 0, 0, '', 0, 1, '2020-02-02 19:07:41', '2020-02-02 19:07:41', 144, 144),
(527, 249, 0, 0, '', 0, 1, '2020-02-02 19:08:04', '2020-02-02 19:08:04', 144, 144),
(528, 249, 0, 0, '', 0, 1, '2020-02-02 19:08:37', '2020-02-02 19:08:37', 144, 144),
(529, 249, 0, 0, '', 0, 1, '2020-02-02 19:09:20', '2020-02-02 19:09:20', 144, 144),
(530, 249, 0, 0, '', 0, 1, '2020-02-02 19:09:54', '2020-02-02 19:09:54', 144, 144),
(531, 249, 0, 0, '', 0, 1, '2020-02-02 19:10:21', '2020-02-02 19:10:21', 144, 144),
(532, 249, 0, 0, '', 0, 1, '2020-02-02 19:13:18', '2020-02-02 19:13:18', 144, 144),
(533, 249, 0, 0, '', 0, 1, '2020-02-02 19:13:59', '2020-02-02 19:13:59', 144, 144),
(534, 249, 0, 0, '', 0, 1, '2020-02-02 19:14:43', '2020-02-02 19:14:43', 144, 144),
(535, 248, 0, 0, '', 0, 1, '2020-02-02 19:28:01', '2020-02-02 19:28:01', 144, 144),
(536, 248, 0, 0, '', 0, 1, '2020-02-02 19:28:29', '2020-02-02 19:28:29', 144, 144),
(537, 248, 0, 0, '', 0, 1, '2020-02-02 19:29:04', '2020-02-02 19:29:04', 144, 144),
(538, 248, 0, 0, '', 0, 1, '2020-02-02 19:29:30', '2020-02-02 19:29:30', 144, 144),
(539, 248, 0, 0, '', 0, 1, '2020-02-02 19:30:00', '2020-02-02 19:30:00', 144, 144),
(540, 248, 0, 0, '', 0, 1, '2020-02-02 19:30:24', '2020-02-02 19:30:24', 144, 144),
(541, 248, 0, 0, '', 0, 1, '2020-02-02 19:30:48', '2020-02-02 19:30:48', 144, 144),
(542, 248, 0, 0, '', 0, 1, '2020-02-02 19:31:39', '2020-02-02 19:31:39', 144, 144),
(543, 248, 0, 0, '', 0, 1, '2020-02-02 19:32:02', '2020-02-02 19:32:02', 144, 144),
(544, 248, 0, 0, '', 0, 1, '2020-02-02 19:32:27', '2020-02-02 19:32:27', 144, 144),
(545, 248, 0, 0, '', 0, 1, '2020-02-02 19:33:26', '2020-02-02 19:33:26', 144, 144),
(546, 248, 0, 0, '', 0, 1, '2020-02-02 19:33:55', '2020-02-02 19:33:55', 144, 144),
(547, 248, 0, 0, '', 0, 1, '2020-02-02 19:34:25', '2020-02-02 19:34:25', 144, 144),
(548, 248, 0, 0, '', 0, 1, '2020-02-02 19:34:57', '2020-02-02 19:34:57', 144, 144),
(549, 248, 0, 0, '', 0, 1, '2020-02-02 19:35:22', '2020-02-02 19:35:22', 144, 144),
(550, 248, 0, 0, '', 0, 1, '2020-02-02 19:35:53', '2020-02-02 19:35:53', 144, 144),
(551, 248, 0, 0, '', 0, 1, '2020-02-02 19:36:44', '2020-02-02 19:36:44', 144, 144),
(552, 248, 0, 0, '', 0, 1, '2020-02-02 19:37:12', '2020-02-02 19:37:12', 144, 144),
(553, 248, 0, 0, '', 0, 1, '2020-02-02 19:37:40', '2020-02-02 19:37:40', 144, 144),
(554, 248, 0, 0, '', 0, 1, '2020-02-02 19:38:21', '2020-02-02 19:38:21', 144, 144),
(555, 248, 0, 0, '', 0, 1, '2020-02-02 19:40:00', '2020-02-02 19:40:00', 144, 144),
(556, 248, 0, 0, '', 0, 1, '2020-02-02 19:40:30', '2020-02-02 19:40:30', 144, 144),
(557, 248, 0, 0, '', 0, 1, '2020-02-02 19:40:55', '2020-02-02 19:40:55', 144, 144),
(558, 248, 0, 0, '', 0, 1, '2020-02-02 19:44:33', '2020-02-02 19:44:33', 144, 144),
(559, 248, 0, 0, '', 0, 1, '2020-02-02 19:45:15', '2020-02-02 19:45:15', 144, 144),
(560, 248, 0, 0, '', 0, 1, '2020-02-02 19:46:01', '2020-02-02 19:46:01', 144, 144),
(561, 248, 0, 0, '', 0, 1, '2020-02-02 19:47:27', '2020-02-02 19:47:27', 144, 144),
(562, 248, 0, 0, '', 0, 1, '2020-02-02 19:48:52', '2020-02-02 19:48:52', 144, 144),
(563, 248, 0, 0, '', 0, 1, '2020-02-02 19:49:24', '2020-02-02 19:49:24', 144, 144),
(564, 248, 0, 0, '', 0, 1, '2020-02-02 19:50:16', '2020-02-02 19:50:16', 144, 144),
(565, 248, 0, 0, '', 0, 1, '2020-02-02 19:50:33', '2020-02-02 19:50:33', 144, 144),
(566, 248, 0, 0, '', 0, 1, '2020-02-02 19:51:38', '2020-02-02 19:51:38', 144, 144),
(567, 248, 0, 0, '', 0, 1, '2020-02-02 19:52:38', '2020-02-02 19:52:38', 144, 144),
(568, 248, 0, 0, '', 0, 1, '2020-02-02 19:53:05', '2020-02-02 19:53:05', 144, 144),
(569, 248, 0, 0, '', 0, 1, '2020-02-02 19:53:38', '2020-02-02 19:53:38', 144, 144),
(570, 248, 0, 0, '', 0, 1, '2020-02-02 19:54:05', '2020-02-02 19:54:05', 144, 144),
(571, 248, 0, 0, '', 0, 1, '2020-02-02 19:54:44', '2020-02-02 19:54:44', 144, 144),
(572, 248, 0, 0, '', 0, 1, '2020-02-02 19:55:20', '2020-02-02 19:55:20', 144, 144),
(573, 248, 0, 0, '', 0, 1, '2020-02-02 19:55:49', '2020-02-02 19:55:49', 144, 144),
(574, 244, 0, 0, '', 0, 1, '2020-02-02 20:01:29', '2020-02-02 20:01:29', 144, 144),
(575, 244, 0, 0, '', 0, 1, '2020-02-02 20:02:36', '2020-02-02 20:02:36', 144, 144),
(576, 244, 0, 0, '', 0, 1, '2020-02-02 20:03:18', '2020-02-02 20:03:18', 144, 144),
(577, 244, 0, 0, '', 0, 1, '2020-02-02 20:04:01', '2020-02-02 20:04:01', 144, 144),
(578, 244, 0, 0, '', 0, 1, '2020-02-02 20:04:47', '2020-02-02 20:04:47', 144, 144),
(579, 244, 0, 0, '', 0, 1, '2020-02-02 20:05:16', '2020-02-02 20:05:16', 144, 144),
(580, 244, 0, 0, '', 0, 1, '2020-02-02 20:06:13', '2020-02-02 20:06:13', 144, 144),
(581, 244, 0, 0, '', 0, 1, '2020-02-02 20:10:01', '2020-02-02 20:10:01', 144, 144),
(582, 244, 0, 0, '', 0, 1, '2020-02-02 20:10:29', '2020-02-02 20:10:29', 144, 144),
(583, 244, 0, 0, '', 0, 1, '2020-02-02 20:11:17', '2020-02-02 20:11:17', 144, 144),
(584, 244, 0, 0, '', 0, 1, '2020-02-02 20:12:01', '2020-02-02 20:12:01', 144, 144),
(585, 244, 0, 0, '', 0, 1, '2020-02-02 20:12:31', '2020-02-02 20:12:31', 144, 144),
(586, 244, 0, 0, '', 0, 1, '2020-02-02 20:12:57', '2020-02-02 20:12:57', 144, 144),
(588, 244, 0, 0, '', 0, 1, '2020-02-02 20:14:08', '2020-02-02 20:14:08', 144, 144),
(589, 244, 0, 0, '', 0, 1, '2020-02-02 20:15:48', '2020-02-02 20:15:48', 144, 144),
(590, 244, 0, 0, '', 0, 1, '2020-02-02 20:17:31', '2020-02-02 20:17:31', 144, 144),
(591, 244, 0, 0, '', 0, 1, '2020-02-02 20:21:00', '2020-02-02 20:21:00', 144, 144),
(592, 244, 0, 0, '', 0, 1, '2020-02-02 20:21:41', '2020-02-02 20:21:59', 144, 144),
(593, 244, 0, 0, '', 0, 1, '2020-02-02 20:23:33', '2020-02-02 20:23:33', 144, 144),
(594, 244, 0, 0, '', 0, 1, '2020-02-02 20:23:48', '2020-02-02 20:23:48', 144, 144),
(595, 244, 0, 0, '', 0, 1, '2020-02-02 20:24:46', '2020-02-02 20:24:46', 144, 144),
(596, 244, 0, 0, '', 0, 1, '2020-02-02 20:25:29', '2020-02-02 20:25:29', 144, 144),
(597, 244, 0, 0, '', 0, 1, '2020-02-02 20:29:57', '2020-02-02 20:29:57', 144, 144),
(598, 244, 0, 0, '', 0, 1, '2020-02-02 20:31:59', '2020-02-02 20:31:59', 144, 144),
(599, 244, 0, 0, '', 0, 1, '2020-02-02 20:33:08', '2020-02-02 20:33:08', 144, 144),
(600, 244, 0, 0, '', 0, 1, '2020-02-02 20:33:43', '2020-02-02 20:33:43', 144, 144),
(601, 244, 0, 0, '', 0, 1, '2020-02-02 20:34:28', '2020-02-02 20:34:28', 144, 144),
(602, 244, 0, 0, '', 0, 1, '2020-02-02 20:35:04', '2020-02-02 20:35:04', 144, 144),
(603, 244, 0, 0, '', 0, 1, '2020-02-02 20:35:42', '2020-02-02 20:35:42', 144, 144),
(604, 244, 0, 0, '', 0, 1, '2020-02-02 20:36:42', '2020-02-02 20:36:42', 144, 144),
(605, 244, 0, 0, '', 0, 1, '2020-02-02 20:37:29', '2020-02-02 20:37:29', 144, 144),
(606, 244, 0, 0, '', 0, 1, '2020-02-02 20:38:21', '2020-02-02 20:38:21', 144, 144),
(607, 244, 0, 0, '', 0, 1, '2020-02-02 20:39:01', '2020-02-02 20:39:01', 144, 144),
(608, 244, 0, 0, '', 0, 1, '2020-02-02 20:39:57', '2020-02-02 20:39:57', 144, 144),
(609, 244, 0, 0, '', 0, 1, '2020-02-02 20:41:59', '2020-02-02 20:41:59', 144, 144);
INSERT INTO `categories` (`CategoryID`, `ParentID`, `CategoryPrice`, `SortOrder`, `Image`, `Hide`, `IsActive`, `CreatedAt`, `UpdatedAt`, `CreatedBy`, `UpdatedBy`) VALUES
(610, 244, 0, 0, '', 0, 1, '2020-02-02 20:43:05', '2020-02-02 20:43:05', 144, 144),
(611, 244, 0, 0, '', 0, 1, '2020-02-02 20:43:59', '2020-02-02 20:43:59', 144, 144),
(612, 244, 0, 0, '', 0, 1, '2020-02-02 20:44:49', '2020-02-02 20:44:49', 144, 144),
(613, 244, 0, 0, '', 0, 1, '2020-02-02 20:45:29', '2020-02-02 20:45:29', 144, 144),
(614, 244, 0, 0, '', 0, 1, '2020-02-02 20:46:17', '2020-02-02 20:46:17', 144, 144),
(616, 244, 0, 0, '', 0, 1, '2020-02-02 20:49:21', '2020-02-02 20:49:21', 144, 144),
(617, 244, 0, 0, '', 0, 1, '2020-02-02 20:55:46', '2020-02-02 20:55:46', 144, 144),
(618, 244, 0, 0, '', 0, 1, '2020-02-02 20:57:04', '2020-02-02 20:57:04', 144, 144),
(619, 244, 0, 0, '', 0, 1, '2020-02-02 20:58:13', '2020-02-02 20:58:13', 144, 144),
(620, 244, 0, 0, '', 0, 1, '2020-02-02 20:59:00', '2020-02-02 20:59:00', 144, 144),
(621, 244, 0, 0, '', 0, 1, '2020-02-02 20:59:38', '2020-02-02 20:59:38', 144, 144),
(622, 244, 0, 0, '', 0, 1, '2020-02-02 21:01:09', '2020-02-02 21:01:09', 144, 144),
(623, 244, 0, 0, '', 0, 1, '2020-02-02 21:02:05', '2020-02-02 21:02:05', 144, 144),
(624, 244, 0, 0, '', 0, 1, '2020-02-02 21:03:14', '2020-02-02 21:03:14', 144, 144),
(625, 244, 0, 0, '', 0, 1, '2020-02-02 21:04:05', '2020-02-02 21:04:05', 144, 144),
(626, 244, 0, 0, '', 0, 1, '2020-02-02 21:07:35', '2020-02-02 21:07:35', 144, 144),
(627, 244, 0, 0, '', 0, 1, '2020-02-02 21:08:22', '2020-02-02 21:08:22', 144, 144),
(628, 244, 0, 0, '', 0, 1, '2020-02-02 21:09:17', '2020-02-02 21:09:17', 144, 144),
(629, 244, 0, 0, '', 0, 1, '2020-02-02 21:09:25', '2020-02-02 21:09:25', 144, 144),
(630, 244, 0, 0, '', 0, 1, '2020-02-02 21:10:05', '2020-02-02 21:10:05', 144, 144),
(631, 244, 0, 0, '', 0, 1, '2020-02-02 21:10:37', '2020-02-02 21:10:37', 144, 144),
(632, 244, 0, 0, '', 0, 1, '2020-02-02 21:11:10', '2020-02-02 21:11:10', 144, 144),
(633, 244, 0, 0, '', 0, 1, '2020-02-02 21:11:53', '2020-02-02 21:11:53', 144, 144),
(634, 244, 0, 0, '', 0, 1, '2020-02-02 21:12:33', '2020-02-02 21:12:33', 144, 144),
(635, 244, 0, 0, '', 0, 1, '2020-02-02 21:13:13', '2020-02-02 21:13:13', 144, 144),
(636, 244, 0, 0, '', 0, 1, '2020-02-02 21:13:51', '2020-02-02 21:13:51', 144, 144),
(637, 244, 0, 0, '', 0, 1, '2020-02-02 21:14:24', '2020-02-02 21:14:24', 144, 144),
(638, 244, 0, 0, '', 0, 1, '2020-02-02 21:15:48', '2020-02-02 21:15:48', 144, 144),
(639, 244, 0, 0, '', 0, 1, '2020-02-02 21:17:28', '2020-02-02 21:17:28', 144, 144),
(640, 244, 0, 0, '', 0, 1, '2020-02-02 21:17:58', '2020-02-02 21:17:58', 144, 144),
(641, 244, 0, 0, '', 0, 1, '2020-02-02 21:19:50', '2020-02-02 21:19:50', 144, 144),
(642, 244, 0, 0, '', 0, 1, '2020-02-02 21:20:55', '2020-02-02 21:20:55', 144, 144),
(643, 244, 0, 0, '', 0, 1, '2020-02-02 21:21:37', '2020-02-02 21:21:37', 144, 144),
(644, 244, 0, 0, '', 0, 1, '2020-02-02 21:22:14', '2020-02-02 21:22:14', 144, 144),
(645, 244, 0, 0, '', 0, 1, '2020-02-02 21:23:58', '2020-02-02 21:23:58', 144, 144),
(646, 244, 0, 0, '', 0, 1, '2020-02-02 21:25:10', '2020-02-02 21:25:10', 144, 144),
(647, 244, 0, 0, '', 0, 1, '2020-02-02 21:25:51', '2020-02-02 21:25:51', 144, 144),
(648, 244, 0, 0, '', 0, 1, '2020-02-02 21:27:13', '2020-02-02 21:27:13', 144, 144),
(649, 244, 0, 0, '', 0, 1, '2020-02-02 21:28:29', '2020-02-02 21:28:29', 144, 144),
(650, 244, 0, 0, '', 0, 1, '2020-02-02 21:29:10', '2020-02-02 21:29:10', 144, 144),
(651, 244, 0, 0, '', 0, 1, '2020-02-02 21:30:10', '2020-02-02 21:30:10', 144, 144),
(652, 244, 0, 0, '', 0, 1, '2020-02-02 21:30:35', '2020-02-02 21:30:35', 144, 144),
(653, 244, 0, 0, '', 0, 1, '2020-02-02 21:31:29', '2020-02-02 21:31:29', 144, 144),
(654, 244, 0, 0, '', 0, 1, '2020-02-02 21:32:03', '2020-02-02 21:32:03', 144, 144),
(655, 244, 0, 0, '', 0, 1, '2020-02-02 21:32:55', '2020-02-02 21:32:55', 144, 144),
(656, 244, 0, 0, '', 0, 1, '2020-02-02 21:33:58', '2020-02-02 21:33:58', 144, 144),
(657, 244, 0, 0, '', 0, 1, '2020-02-02 21:35:10', '2020-02-02 21:35:10', 144, 144),
(658, 244, 0, 0, '', 0, 1, '2020-02-02 21:35:27', '2020-02-02 21:35:27', 144, 144),
(659, 244, 0, 0, '', 0, 1, '2020-02-02 21:36:09', '2020-02-02 21:36:09', 144, 144),
(660, 244, 0, 0, '', 0, 1, '2020-02-02 21:37:04', '2020-02-02 21:37:04', 144, 144),
(661, 244, 0, 0, '', 0, 1, '2020-02-02 21:37:53', '2020-02-02 21:37:53', 144, 144),
(662, 244, 0, 0, '', 0, 1, '2020-02-02 21:38:38', '2020-02-02 21:38:38', 144, 144),
(663, 244, 0, 0, '', 0, 1, '2020-02-02 21:39:17', '2020-02-02 21:39:17', 144, 144),
(664, 244, 0, 0, '', 0, 1, '2020-02-02 21:40:05', '2020-02-02 21:40:05', 144, 144),
(665, 244, 0, 0, '', 0, 1, '2020-02-02 21:41:07', '2020-02-02 21:41:07', 144, 144),
(666, 244, 0, 0, '', 0, 1, '2020-02-02 21:42:28', '2020-02-02 21:42:28', 144, 144),
(667, 244, 0, 0, '', 0, 1, '2020-02-02 21:43:28', '2020-02-02 21:43:28', 144, 144),
(668, 244, 0, 0, '', 0, 1, '2020-02-02 21:45:37', '2020-02-02 21:45:37', 144, 144),
(669, 244, 0, 0, '', 0, 1, '2020-02-02 21:47:25', '2020-02-02 21:47:25', 144, 144),
(670, 244, 0, 0, '', 0, 1, '2020-02-02 21:48:00', '2020-02-02 21:48:00', 144, 144),
(671, 244, 0, 0, '', 0, 1, '2020-02-02 21:49:04', '2020-02-02 21:49:04', 144, 144),
(672, 244, 0, 0, '', 0, 1, '2020-02-02 21:49:38', '2020-02-02 21:49:38', 144, 144),
(673, 244, 0, 0, '', 0, 1, '2020-02-02 21:50:14', '2020-02-02 21:50:14', 144, 144),
(674, 244, 0, 0, '', 0, 1, '2020-02-02 21:51:11', '2020-02-02 21:51:11', 144, 144),
(675, 244, 0, 0, '', 0, 1, '2020-02-02 21:51:54', '2020-02-02 21:51:54', 144, 144),
(676, 244, 0, 0, '', 0, 1, '2020-02-02 21:53:28', '2020-02-02 21:53:28', 144, 144),
(677, 244, 0, 0, '', 0, 1, '2020-02-02 21:54:09', '2020-02-02 21:54:09', 144, 144),
(678, 244, 0, 0, '', 0, 1, '2020-02-02 21:54:55', '2020-02-02 21:54:55', 144, 144),
(679, 244, 0, 0, '', 0, 1, '2020-02-02 21:55:27', '2020-02-02 21:56:45', 144, 144),
(680, 244, 0, 0, '', 0, 1, '2020-02-02 21:57:47', '2020-02-02 21:57:47', 144, 144),
(681, 244, 0, 0, '', 0, 1, '2020-02-02 21:59:22', '2020-02-02 21:59:22', 144, 144),
(682, 244, 0, 0, '', 0, 1, '2020-02-02 22:00:07', '2020-02-02 22:00:07', 144, 144),
(683, 244, 0, 0, '', 0, 1, '2020-02-02 22:00:12', '2020-02-02 22:00:12', 144, 144),
(684, 244, 0, 0, '', 0, 1, '2020-02-02 22:01:03', '2020-02-02 22:01:03', 144, 144),
(685, 244, 0, 0, '', 0, 1, '2020-02-02 22:01:59', '2020-02-02 22:01:59', 144, 144),
(686, 244, 0, 0, '', 0, 1, '2020-02-02 22:03:26', '2020-02-02 22:03:26', 144, 144),
(687, 244, 0, 0, '', 0, 1, '2020-02-02 22:04:27', '2020-02-02 22:04:27', 144, 144),
(688, 244, 0, 0, '', 0, 1, '2020-02-02 22:05:02', '2020-02-02 22:05:02', 144, 144),
(689, 244, 0, 0, '', 0, 1, '2020-02-02 22:06:06', '2020-02-02 22:06:06', 144, 144),
(690, 244, 0, 0, '', 0, 1, '2020-02-02 22:08:30', '2020-02-02 22:08:30', 144, 144),
(691, 244, 0, 0, '', 0, 1, '2020-02-02 22:08:34', '2020-02-02 22:08:34', 144, 144),
(692, 244, 0, 0, '', 0, 1, '2020-02-02 22:09:44', '2020-02-02 22:09:44', 144, 144),
(693, 244, 0, 0, '', 0, 1, '2020-02-02 22:10:35', '2020-02-02 22:10:35', 144, 144),
(694, 244, 0, 0, '', 0, 1, '2020-02-02 22:11:20', '2020-02-02 22:11:20', 144, 144),
(695, 244, 0, 0, '', 0, 1, '2020-02-02 22:12:36', '2020-02-02 22:12:36', 144, 144),
(696, 244, 0, 0, '', 0, 1, '2020-02-02 22:14:04', '2020-02-02 22:14:04', 144, 144),
(697, 244, 0, 0, '', 0, 1, '2020-02-02 22:14:57', '2020-02-02 22:14:57', 144, 144),
(698, 244, 0, 0, '', 0, 1, '2020-02-02 22:15:58', '2020-02-02 22:15:58', 144, 144),
(699, 244, 0, 0, '', 0, 1, '2020-02-02 22:16:42', '2020-02-02 22:16:42', 144, 144),
(700, 244, 0, 0, '', 0, 1, '2020-02-02 22:18:09', '2020-02-02 22:18:09', 144, 144),
(701, 244, 0, 0, '', 0, 1, '2020-02-02 22:18:54', '2020-02-02 22:18:54', 144, 144),
(702, 244, 0, 0, '', 0, 1, '2020-02-02 22:19:53', '2020-02-02 22:19:53', 144, 144),
(704, 245, 0, 0, '', 0, 1, '2020-02-03 19:15:09', '2020-02-03 19:15:09', 144, 144),
(705, 245, 0, 0, '', 0, 1, '2020-02-03 19:15:54', '2020-02-03 19:15:54', 144, 144),
(706, 245, 0, 0, '', 0, 1, '2020-02-03 19:17:25', '2020-02-03 19:17:25', 144, 144),
(707, 245, 0, 0, '', 0, 1, '2020-02-03 19:18:07', '2020-02-03 19:18:07', 144, 144),
(708, 245, 0, 0, '', 0, 1, '2020-02-03 19:18:32', '2020-02-03 19:18:32', 144, 144),
(709, 245, 0, 0, '', 0, 1, '2020-02-03 19:18:54', '2020-02-03 19:18:54', 144, 144),
(710, 245, 0, 0, '', 0, 1, '2020-02-03 19:19:29', '2020-02-03 19:19:29', 144, 144),
(711, 245, 0, 0, '', 0, 1, '2020-02-03 19:20:07', '2020-02-03 19:20:07', 144, 144),
(712, 245, 0, 0, '', 0, 1, '2020-02-03 19:20:35', '2020-02-03 19:20:35', 144, 144),
(713, 245, 0, 0, '', 0, 1, '2020-02-03 19:21:01', '2020-02-03 19:21:01', 144, 144),
(714, 245, 0, 0, '', 0, 1, '2020-02-03 19:21:53', '2020-02-03 19:21:53', 144, 144),
(715, 245, 0, 0, '', 0, 1, '2020-02-03 19:22:34', '2020-02-03 19:22:34', 144, 144),
(716, 245, 0, 0, '', 0, 1, '2020-02-03 19:23:16', '2020-02-03 19:23:16', 144, 144),
(717, 245, 0, 0, '', 0, 1, '2020-02-03 19:23:45', '2020-02-03 19:23:45', 144, 144),
(718, 245, 0, 0, '', 0, 1, '2020-02-03 19:24:16', '2020-02-03 19:24:16', 144, 144),
(719, 245, 0, 0, '', 0, 1, '2020-02-03 19:25:38', '2020-02-03 19:25:38', 144, 144),
(720, 245, 0, 0, '', 0, 1, '2020-02-03 19:26:13', '2020-02-03 19:26:13', 144, 144),
(721, 245, 0, 0, '', 0, 1, '2020-02-03 19:26:52', '2020-02-03 19:26:52', 144, 144),
(722, 245, 0, 0, '', 0, 1, '2020-02-03 19:27:17', '2020-02-03 19:27:17', 144, 144),
(723, 245, 0, 0, '', 0, 1, '2020-02-03 19:27:43', '2020-02-03 19:27:43', 144, 144),
(724, 245, 0, 0, '', 0, 1, '2020-02-03 19:28:10', '2020-02-03 19:28:10', 144, 144),
(725, 245, 0, 0, '', 0, 1, '2020-02-03 19:28:46', '2020-02-03 19:28:46', 144, 144),
(726, 245, 0, 0, '', 0, 1, '2020-02-03 19:29:32', '2020-02-03 19:29:32', 144, 144),
(727, 245, 0, 0, '', 0, 1, '2020-02-03 19:29:57', '2020-02-03 19:29:57', 144, 144),
(728, 245, 0, 0, '', 0, 1, '2020-02-03 19:30:26', '2020-02-03 19:30:26', 144, 144),
(729, 245, 0, 0, '', 0, 1, '2020-02-03 19:30:56', '2020-02-03 19:30:56', 144, 144),
(730, 245, 0, 0, '', 0, 1, '2020-02-03 19:31:28', '2020-02-03 19:31:28', 144, 144),
(731, 245, 0, 0, '', 0, 1, '2020-02-03 19:31:57', '2020-02-03 19:31:57', 144, 144),
(732, 245, 0, 0, '', 0, 1, '2020-02-03 19:32:24', '2020-02-03 19:32:24', 144, 144),
(733, 245, 0, 0, '', 0, 1, '2020-02-03 19:32:56', '2020-02-03 19:32:56', 144, 144),
(734, 245, 0, 0, '', 0, 1, '2020-02-03 19:33:57', '2020-02-03 19:33:57', 144, 144),
(735, 245, 0, 0, '', 0, 1, '2020-02-03 19:34:47', '2020-02-03 19:35:11', 144, 144),
(736, 246, 0, 0, '', 0, 1, '2020-02-03 19:35:48', '2020-02-03 19:35:48', 144, 144),
(737, 246, 0, 0, '', 0, 1, '2020-02-03 19:36:12', '2020-02-03 19:36:12', 144, 144),
(738, 246, 0, 0, '', 0, 1, '2020-02-03 19:37:16', '2020-02-03 19:37:16', 144, 144),
(739, 246, 0, 0, '', 0, 1, '2020-02-03 19:37:40', '2020-02-03 19:37:40', 144, 144),
(740, 246, 0, 0, '', 0, 1, '2020-02-03 19:38:03', '2020-02-03 19:38:03', 144, 144),
(741, 246, 0, 0, '', 0, 1, '2020-02-03 19:38:24', '2020-02-03 19:38:24', 144, 144),
(742, 246, 0, 0, '', 0, 1, '2020-02-03 19:38:58', '2020-02-03 19:38:58', 144, 144),
(743, 246, 0, 0, '', 0, 1, '2020-02-03 19:39:21', '2020-02-03 19:39:21', 144, 144),
(744, 246, 0, 0, '', 0, 1, '2020-02-03 19:39:54', '2020-02-03 19:39:54', 144, 144),
(745, 247, 0, 0, '', 0, 1, '2020-02-03 19:46:20', '2020-02-03 19:46:20', 144, 144),
(746, 247, 0, 0, '', 0, 1, '2020-02-03 19:46:59', '2020-02-03 19:46:59', 144, 144),
(747, 247, 0, 0, '', 0, 1, '2020-02-03 19:47:28', '2020-02-03 19:47:28', 144, 144),
(748, 247, 0, 0, '', 0, 1, '2020-02-03 19:47:53', '2020-02-03 19:47:53', 144, 144),
(749, 247, 0, 0, '', 0, 1, '2020-02-03 19:48:20', '2020-02-03 19:48:20', 144, 144),
(750, 247, 0, 0, '', 0, 1, '2020-02-03 19:48:44', '2020-02-03 19:48:44', 144, 144),
(751, 247, 0, 0, '', 0, 1, '2020-02-03 19:49:46', '2020-02-03 19:49:46', 144, 144),
(752, 247, 0, 0, '', 0, 1, '2020-02-03 19:50:44', '2020-02-03 19:50:44', 144, 144),
(753, 247, 0, 0, '', 0, 1, '2020-02-03 19:51:42', '2020-02-03 19:51:42', 144, 144),
(754, 247, 0, 0, '', 0, 1, '2020-02-03 19:52:08', '2020-02-03 19:52:08', 144, 144),
(755, 247, 0, 0, '', 0, 1, '2020-02-03 19:52:33', '2020-02-03 19:52:33', 144, 144),
(756, 247, 0, 0, '', 0, 1, '2020-02-03 19:53:30', '2020-02-03 19:53:30', 144, 144),
(757, 247, 0, 0, '', 0, 1, '2020-02-03 19:54:04', '2020-02-03 19:54:04', 144, 144),
(758, 247, 0, 0, '', 0, 1, '2020-02-03 19:54:44', '2020-02-03 19:54:44', 144, 144),
(759, 247, 0, 0, '', 0, 1, '2020-02-03 19:55:16', '2020-02-03 19:55:16', 144, 144),
(760, 247, 0, 0, '', 0, 1, '2020-02-03 19:57:14', '2020-02-03 19:57:14', 144, 144),
(761, 247, 0, 0, '', 0, 1, '2020-02-03 19:57:42', '2020-02-03 19:57:42', 144, 144),
(762, 247, 0, 0, '', 0, 1, '2020-02-03 19:58:11', '2020-02-03 19:58:11', 144, 144),
(763, 247, 0, 0, '', 0, 1, '2020-02-03 19:58:38', '2020-02-03 19:58:38', 144, 144),
(764, 247, 0, 0, '', 0, 1, '2020-02-03 19:59:06', '2020-02-03 19:59:06', 144, 144),
(765, 247, 0, 0, '', 0, 1, '2020-02-03 19:59:54', '2020-02-03 19:59:54', 144, 144),
(766, 247, 0, 0, '', 0, 1, '2020-02-03 20:00:22', '2020-02-03 20:00:22', 144, 144),
(767, 247, 0, 0, '', 0, 1, '2020-02-03 20:00:52', '2020-02-03 20:00:52', 144, 144),
(768, 258, 0, 0, '', 0, 1, '2020-02-03 20:23:07', '2020-02-03 20:23:07', 144, 144),
(769, 258, 0, 0, '', 0, 1, '2020-02-03 20:23:39', '2020-02-03 20:23:39', 144, 144),
(770, 258, 0, 0, '', 0, 1, '2020-02-03 20:24:21', '2020-02-03 20:24:21', 144, 144),
(771, 258, 0, 0, '', 0, 1, '2020-02-03 20:24:52', '2020-02-03 20:24:52', 144, 144),
(772, 258, 0, 0, '', 0, 1, '2020-02-03 20:26:40', '2020-02-03 20:26:40', 144, 144),
(773, 258, 0, 0, '', 0, 1, '2020-02-03 20:27:15', '2020-02-03 20:27:15', 144, 144),
(774, 259, 0, 0, '', 0, 1, '2020-02-03 20:29:02', '2020-02-03 20:29:02', 144, 144),
(775, 259, 0, 0, '', 0, 1, '2020-02-03 20:29:29', '2020-02-03 20:29:29', 144, 144),
(776, 259, 0, 0, '', 0, 1, '2020-02-03 20:30:06', '2020-02-03 20:30:06', 144, 144),
(777, 259, 0, 0, '', 0, 1, '2020-02-03 20:30:43', '2020-02-03 20:30:43', 144, 144),
(778, 260, 0, 0, '', 0, 1, '2020-02-03 20:34:45', '2020-02-03 20:34:45', 144, 144),
(779, 260, 0, 0, '', 0, 1, '2020-02-03 20:35:20', '2020-02-03 20:35:20', 144, 144),
(780, 260, 0, 0, '', 0, 1, '2020-02-03 20:36:05', '2020-02-03 20:36:05', 144, 144),
(781, 260, 0, 0, '', 0, 1, '2020-02-03 20:36:55', '2020-02-03 20:36:55', 144, 144),
(782, 260, 0, 0, '', 0, 1, '2020-02-03 20:37:28', '2020-02-03 20:37:28', 144, 144),
(783, 260, 0, 0, '', 0, 1, '2020-02-03 20:38:01', '2020-02-03 20:38:01', 144, 144),
(784, 260, 0, 0, '', 0, 1, '2020-02-03 20:38:38', '2020-02-03 20:38:38', 144, 144),
(785, 260, 0, 0, '', 0, 1, '2020-02-03 20:39:32', '2020-02-03 20:39:32', 144, 144),
(786, 260, 0, 0, '', 0, 1, '2020-02-03 20:42:08', '2020-02-03 20:42:08', 144, 144),
(787, 260, 0, 0, '', 0, 1, '2020-02-03 20:42:43', '2020-02-03 20:42:43', 144, 144),
(788, 260, 0, 0, '', 0, 1, '2020-02-03 20:45:21', '2020-02-03 20:45:21', 144, 144),
(789, 240, 0, 0, '', 0, 1, '2020-02-03 21:52:16', '2020-02-03 21:52:49', 144, 144),
(790, 240, 0, 0, '', 0, 1, '2020-02-03 21:53:14', '2020-02-03 21:53:14', 144, 144),
(791, 240, 0, 0, '', 0, 1, '2020-02-03 21:53:44', '2020-02-03 21:53:44', 144, 144),
(792, 240, 0, 0, '', 0, 1, '2020-02-03 21:54:06', '2020-02-03 21:54:06', 144, 144),
(793, 240, 0, 0, '', 0, 1, '2020-02-03 21:54:28', '2020-02-03 21:54:28', 144, 144),
(794, 240, 0, 0, '', 0, 1, '2020-02-03 21:57:12', '2020-02-03 21:57:12', 144, 144),
(795, 241, 0, 0, '', 0, 1, '2020-02-03 21:58:25', '2020-02-03 21:58:25', 144, 144),
(796, 241, 0, 0, '', 0, 1, '2020-02-03 21:58:44', '2020-02-03 21:58:44', 144, 144),
(797, 241, 0, 0, '', 0, 1, '2020-02-03 21:59:03', '2020-02-03 21:59:03', 144, 144),
(798, 241, 0, 0, '', 0, 1, '2020-02-03 21:59:24', '2020-02-03 21:59:24', 144, 144),
(799, 241, 0, 0, '', 0, 1, '2020-02-03 21:59:46', '2020-02-03 21:59:46', 144, 144),
(800, 241, 0, 0, '', 0, 1, '2020-02-03 22:00:08', '2020-02-03 22:00:08', 144, 144),
(801, 242, 0, 0, '', 0, 1, '2020-02-03 22:01:10', '2020-02-03 22:01:10', 144, 144),
(802, 242, 0, 0, '', 0, 1, '2020-02-03 22:01:30', '2020-02-03 22:01:30', 144, 144),
(803, 242, 0, 0, '', 0, 1, '2020-02-03 22:01:52', '2020-02-03 22:01:52', 144, 144),
(804, 242, 0, 0, '', 0, 1, '2020-02-03 22:02:16', '2020-02-03 22:02:16', 144, 144),
(805, 242, 0, 0, '', 0, 1, '2020-02-03 22:02:38', '2020-02-03 22:02:38', 144, 144),
(806, 242, 0, 0, '', 0, 1, '2020-02-03 22:03:00', '2020-02-03 22:03:00', 144, 144),
(807, 243, 0, 0, '', 0, 1, '2020-02-03 22:03:58', '2020-02-03 22:03:58', 144, 144),
(808, 243, 0, 0, '', 0, 1, '2020-02-03 22:04:19', '2020-02-03 22:04:19', 144, 144),
(809, 243, 0, 0, '', 0, 1, '2020-02-03 22:04:39', '2020-02-03 22:04:39', 144, 144),
(810, 243, 0, 0, '', 0, 1, '2020-02-03 22:05:03', '2020-02-03 22:05:03', 144, 144),
(811, 243, 0, 0, '', 0, 1, '2020-02-03 22:05:27', '2020-02-03 22:05:27', 144, 144),
(812, 243, 0, 0, '', 0, 1, '2020-02-03 22:05:42', '2020-02-03 22:05:42', 144, 144),
(813, 230, 0, 0, '', 0, 1, '2020-02-03 22:11:02', '2020-02-03 22:11:02', 144, 144),
(814, 230, 0, 0, '', 0, 1, '2020-02-03 22:11:40', '2020-02-03 22:11:40', 144, 144),
(815, 230, 0, 0, '', 0, 1, '2020-02-03 22:12:02', '2020-02-03 22:12:02', 144, 144),
(816, 230, 0, 0, '', 0, 1, '2020-02-03 22:12:23', '2020-02-03 22:12:23', 144, 144),
(817, 230, 0, 0, '', 0, 1, '2020-02-03 22:12:45', '2020-02-03 22:12:45', 144, 144),
(818, 231, 0, 0, '', 0, 1, '2020-02-03 22:13:32', '2020-02-03 22:13:32', 144, 144),
(819, 231, 0, 0, '', 0, 1, '2020-02-03 22:13:58', '2020-02-03 22:13:58', 144, 144),
(820, 231, 0, 0, '', 0, 1, '2020-02-03 22:14:20', '2020-02-03 22:14:20', 144, 144),
(821, 231, 0, 0, '', 0, 1, '2020-02-03 22:14:42', '2020-02-03 22:14:42', 144, 144),
(830, 232, 0, 0, '', 0, 1, '2020-02-04 17:37:37', '2020-02-04 17:37:37', 144, 144),
(831, 232, 0, 0, '', 0, 1, '2020-02-04 17:38:04', '2020-02-04 17:38:04', 144, 144),
(832, 232, 0, 0, '', 0, 1, '2020-02-04 17:38:26', '2020-02-04 17:38:26', 144, 144),
(833, 232, 0, 0, '', 0, 1, '2020-02-04 17:38:53', '2020-02-04 17:38:53', 144, 144),
(834, 232, 0, 0, '', 0, 1, '2020-02-04 17:39:24', '2020-02-04 17:39:24', 144, 144),
(835, 232, 0, 0, '', 0, 1, '2020-02-04 17:39:46', '2020-02-04 17:39:46', 144, 144),
(836, 232, 0, 0, '', 0, 1, '2020-02-04 17:40:17', '2020-02-04 17:40:17', 144, 144),
(837, 232, 0, 0, '', 0, 1, '2020-02-04 17:40:45', '2020-02-04 17:40:45', 144, 144),
(838, 232, 0, 0, '', 0, 1, '2020-02-04 17:41:11', '2020-02-04 17:41:11', 144, 144),
(839, 232, 0, 0, '', 0, 1, '2020-02-04 17:41:33', '2020-02-04 17:41:33', 144, 144),
(840, 233, 0, 0, '', 0, 1, '2020-02-04 17:42:57', '2020-02-04 17:42:57', 144, 144),
(842, 233, 0, 0, '', 0, 1, '2020-02-04 17:46:54', '2020-02-04 17:46:54', 144, 144),
(843, 233, 0, 0, '', 0, 1, '2020-02-04 17:47:27', '2020-02-04 17:47:27', 144, 144),
(844, 233, 0, 0, '', 0, 1, '2020-02-04 18:31:52', '2020-02-04 18:31:52', 144, 144),
(845, 233, 0, 0, '', 0, 1, '2020-02-04 18:32:44', '2020-02-04 18:32:44', 144, 144),
(846, 233, 0, 0, '', 0, 1, '2020-02-04 18:33:12', '2020-02-04 18:33:12', 144, 144),
(849, 231, 0, 0, '', 0, 1, '2020-02-04 19:13:31', '2020-02-04 19:13:31', 144, 144),
(850, 231, 0, 0, '', 0, 1, '2020-02-04 19:14:10', '2020-02-04 19:14:10', 144, 144),
(851, 231, 0, 0, '', 0, 1, '2020-02-04 19:15:54', '2020-02-04 19:15:54', 144, 144),
(852, 231, 0, 0, '', 0, 1, '2020-02-04 19:18:03', '2020-02-04 19:18:03', 144, 144),
(853, 231, 0, 0, '', 0, 1, '2020-02-04 19:19:03', '2020-02-04 19:19:03', 144, 144),
(854, 231, 0, 0, '', 0, 1, '2020-02-04 19:19:41', '2020-02-04 19:19:41', 144, 144),
(855, 231, 0, 0, '', 0, 1, '2020-02-04 19:20:08', '2020-02-04 19:20:08', 144, 144),
(856, 231, 0, 0, '', 0, 1, '2020-02-04 19:21:02', '2020-02-04 19:21:02', 144, 144),
(857, 233, 0, 0, '', 0, 1, '2020-02-04 19:27:50', '2020-02-04 19:27:50', 144, 144),
(858, 233, 0, 0, '', 0, 1, '2020-02-04 19:28:23', '2020-02-04 19:28:23', 144, 144),
(863, 234, 0, 0, '', 0, 1, '2020-02-04 19:39:24', '2020-02-04 19:39:24', 144, 144),
(864, 234, 0, 0, '', 0, 1, '2020-02-04 19:41:36', '2020-02-04 19:41:36', 144, 144),
(865, 234, 0, 0, '', 0, 1, '2020-02-04 19:42:44', '2020-02-04 19:42:44', 144, 144),
(866, 234, 0, 0, '', 0, 1, '2020-02-04 19:43:07', '2020-02-04 19:43:07', 144, 144),
(868, 234, 0, 0, '', 0, 1, '2020-02-04 19:44:05', '2020-02-04 19:44:05', 144, 144),
(869, 234, 0, 0, '', 0, 1, '2020-02-04 19:44:37', '2020-02-04 19:44:37', 144, 144),
(875, 234, 0, 0, '', 0, 1, '2020-02-04 19:47:43', '2020-02-04 19:47:43', 144, 144),
(876, 234, 0, 0, '', 0, 1, '2020-02-04 19:48:17', '2020-02-04 19:48:17', 144, 144),
(891, 234, 0, 0, '', 0, 1, '2020-02-04 21:50:01', '2020-02-04 21:50:01', 144, 144),
(892, 234, 0, 0, '', 0, 1, '2020-02-04 21:51:56', '2020-02-04 21:51:56', 144, 144),
(893, 234, 0, 0, '', 0, 1, '2020-02-04 21:53:04', '2020-02-04 21:53:04', 144, 144),
(894, 235, 0, 0, '', 0, 1, '2020-02-05 17:28:48', '2020-02-05 17:28:48', 144, 144),
(895, 235, 0, 0, '', 0, 1, '2020-02-05 17:29:36', '2020-02-05 17:29:36', 144, 144),
(896, 235, 0, 0, '', 0, 1, '2020-02-05 17:30:03', '2020-02-05 17:30:03', 144, 144),
(897, 235, 0, 0, '', 0, 1, '2020-02-05 17:30:29', '2020-02-05 17:30:29', 144, 144),
(898, 235, 0, 0, '', 0, 1, '2020-02-05 17:30:51', '2020-02-05 17:30:51', 144, 144),
(899, 235, 0, 0, '', 0, 1, '2020-02-05 17:31:16', '2020-02-05 17:31:16', 144, 144),
(900, 235, 0, 0, '', 0, 1, '2020-02-05 17:31:41', '2020-02-05 17:31:41', 144, 144),
(901, 235, 0, 0, '', 0, 1, '2020-02-05 17:32:11', '2020-02-05 17:32:11', 144, 144),
(902, 235, 0, 0, '', 0, 1, '2020-02-05 17:32:46', '2020-02-05 17:32:46', 144, 144),
(903, 235, 0, 0, '', 0, 1, '2020-02-05 17:36:14', '2020-02-05 17:36:14', 144, 144),
(904, 235, 0, 0, '', 0, 1, '2020-02-05 17:36:43', '2020-02-05 17:36:43', 144, 144),
(905, 235, 0, 0, '', 0, 1, '2020-02-05 17:37:06', '2020-02-05 17:37:06', 144, 144),
(906, 235, 0, 0, '', 0, 1, '2020-02-05 17:37:42', '2020-02-05 17:37:42', 144, 144),
(907, 235, 0, 0, '', 0, 1, '2020-02-05 17:38:04', '2020-02-05 17:38:04', 144, 144),
(908, 235, 0, 0, '', 0, 1, '2020-02-05 17:38:39', '2020-02-05 17:38:39', 144, 144),
(909, 235, 0, 0, '', 0, 1, '2020-02-05 17:39:03', '2020-02-05 17:39:03', 144, 144),
(910, 235, 0, 0, '', 0, 1, '2020-02-05 17:39:24', '2020-02-05 17:39:24', 144, 144),
(911, 235, 0, 0, '', 0, 1, '2020-02-05 17:39:52', '2020-02-05 17:39:52', 144, 144),
(912, 235, 0, 0, '', 0, 1, '2020-02-05 17:41:41', '2020-02-05 17:41:41', 144, 144),
(913, 235, 0, 0, '', 0, 1, '2020-02-05 17:42:12', '2020-02-05 17:42:12', 144, 144),
(914, 235, 0, 0, '', 0, 1, '2020-02-05 17:42:43', '2020-02-05 17:42:43', 144, 144),
(915, 235, 0, 0, '', 0, 1, '2020-02-05 17:43:18', '2020-02-05 17:43:18', 144, 144),
(916, 235, 0, 0, '', 0, 1, '2020-02-05 17:43:57', '2020-02-05 17:43:57', 144, 144),
(917, 235, 0, 0, '', 0, 1, '2020-02-05 17:44:54', '2020-02-05 17:44:54', 144, 144),
(918, 235, 0, 0, '', 0, 1, '2020-02-05 17:45:56', '2020-02-05 17:45:56', 144, 144),
(919, 235, 0, 0, '', 0, 1, '2020-02-05 17:46:28', '2020-02-05 17:46:28', 144, 144),
(920, 235, 0, 0, '', 0, 1, '2020-02-05 17:46:50', '2020-02-05 17:46:50', 144, 144),
(921, 235, 0, 0, '', 0, 1, '2020-02-05 17:47:34', '2020-02-05 17:47:34', 144, 144),
(922, 235, 0, 0, '', 0, 1, '2020-02-05 17:48:08', '2020-02-05 17:48:08', 144, 144),
(923, 235, 0, 0, '', 0, 1, '2020-02-05 17:48:48', '2020-02-05 17:48:48', 144, 144),
(924, 235, 0, 0, '', 0, 1, '2020-02-05 17:49:15', '2020-02-05 17:49:15', 144, 144),
(925, 235, 0, 0, '', 0, 1, '2020-02-05 17:50:10', '2020-02-05 17:50:10', 144, 144),
(926, 235, 0, 0, '', 0, 1, '2020-02-05 17:52:27', '2020-02-05 17:52:27', 144, 144),
(927, 235, 0, 0, '', 0, 1, '2020-02-05 17:55:40', '2020-02-05 17:55:40', 144, 144),
(928, 235, 0, 0, '', 0, 1, '2020-02-05 17:56:26', '2020-02-05 17:56:26', 144, 144),
(929, 235, 0, 0, '', 0, 1, '2020-02-05 17:56:58', '2020-02-05 17:56:58', 144, 144),
(930, 235, 0, 0, '', 0, 1, '2020-02-05 18:00:21', '2020-02-05 18:00:21', 144, 144),
(931, 235, 0, 0, '', 0, 1, '2020-02-05 18:00:50', '2020-02-05 18:00:50', 144, 144),
(932, 235, 0, 0, '', 0, 1, '2020-02-05 18:01:54', '2020-02-05 18:01:54', 144, 144),
(933, 235, 0, 0, '', 0, 1, '2020-02-05 18:02:57', '2020-02-05 18:02:57', 144, 144),
(934, 235, 0, 0, '', 0, 1, '2020-02-05 18:03:43', '2020-02-05 18:03:43', 144, 144),
(935, 235, 0, 0, '', 0, 1, '2020-02-05 18:16:04', '2020-02-05 18:16:04', 144, 144),
(936, 235, 0, 0, '', 0, 1, '2020-02-05 18:16:54', '2020-02-05 18:16:54', 144, 144),
(937, 235, 0, 0, '', 0, 1, '2020-02-05 18:17:44', '2020-02-05 18:17:44', 144, 144),
(938, 236, 0, 0, '', 0, 1, '2020-02-05 18:21:51', '2020-02-05 18:21:51', 144, 144),
(939, 236, 0, 0, '', 0, 1, '2020-02-05 18:22:33', '2020-02-05 18:22:33', 144, 144),
(940, 236, 0, 0, '', 0, 1, '2020-02-05 18:23:03', '2020-02-05 18:23:03', 144, 144),
(941, 236, 0, 0, '', 0, 1, '2020-02-05 18:23:24', '2020-02-05 18:23:24', 144, 144),
(942, 236, 0, 0, '', 0, 1, '2020-02-05 18:23:51', '2020-02-05 18:23:51', 144, 144),
(943, 236, 0, 0, '', 0, 1, '2020-02-05 18:24:14', '2020-02-05 18:24:14', 144, 144),
(944, 236, 0, 0, '', 0, 1, '2020-02-05 18:24:38', '2020-02-05 18:24:38', 144, 144),
(945, 236, 0, 0, '', 0, 1, '2020-02-05 18:25:00', '2020-02-05 18:25:00', 144, 144),
(946, 236, 0, 0, '', 0, 1, '2020-02-05 18:25:22', '2020-02-05 18:25:22', 144, 144),
(947, 236, 0, 0, '', 0, 1, '2020-02-05 18:25:51', '2020-02-05 18:25:51', 144, 144),
(948, 236, 0, 0, '', 0, 1, '2020-02-05 18:26:16', '2020-02-05 18:26:16', 144, 144),
(949, 236, 0, 0, '', 0, 1, '2020-02-05 18:26:41', '2020-02-05 18:26:41', 144, 144),
(950, 236, 0, 0, '', 0, 1, '2020-02-05 18:27:08', '2020-02-05 18:27:08', 144, 144),
(951, 237, 0, 0, '', 0, 1, '2020-02-05 18:30:20', '2020-02-05 18:30:20', 144, 144),
(952, 237, 0, 0, '', 0, 1, '2020-02-05 18:33:23', '2020-02-05 18:33:23', 144, 144),
(953, 237, 0, 0, '', 0, 1, '2020-02-05 18:33:52', '2020-02-05 18:33:52', 144, 144),
(954, 237, 0, 0, '', 0, 1, '2020-02-05 18:36:06', '2020-02-05 18:36:06', 144, 144),
(955, 237, 0, 0, '', 0, 1, '2020-02-05 18:38:59', '2020-02-05 18:38:59', 144, 144),
(956, 237, 0, 0, '', 0, 1, '2020-02-05 18:39:26', '2020-02-05 18:39:26', 144, 144),
(957, 237, 0, 0, '', 0, 1, '2020-02-05 18:39:57', '2020-02-05 18:39:57', 144, 144),
(958, 237, 0, 0, '', 0, 1, '2020-02-05 18:40:26', '2020-02-05 18:40:26', 144, 144),
(959, 237, 0, 0, '', 0, 1, '2020-02-05 18:43:08', '2020-02-05 18:43:08', 144, 144),
(960, 237, 0, 0, '', 0, 1, '2020-02-05 18:44:27', '2020-02-05 18:44:27', 144, 144),
(961, 237, 0, 0, '', 0, 1, '2020-02-05 18:45:08', '2020-02-05 18:45:08', 144, 144),
(962, 237, 0, 0, '', 0, 1, '2020-02-05 18:45:37', '2020-02-05 18:45:37', 144, 144),
(963, 238, 0, 0, '', 0, 1, '2020-02-05 18:47:48', '2020-02-05 18:47:48', 144, 144),
(964, 238, 0, 0, '', 0, 1, '2020-02-05 18:48:10', '2020-02-05 18:48:10', 144, 144),
(965, 238, 0, 0, '', 0, 1, '2020-02-05 18:48:38', '2020-02-05 18:48:38', 144, 144),
(966, 238, 0, 0, '', 0, 1, '2020-02-05 18:49:18', '2020-02-05 18:49:18', 144, 144),
(967, 238, 0, 0, '', 0, 1, '2020-02-05 18:50:00', '2020-02-05 18:50:00', 144, 144),
(968, 238, 0, 0, '', 0, 1, '2020-02-05 18:50:34', '2020-02-05 18:50:34', 144, 144),
(969, 238, 0, 0, '', 0, 1, '2020-02-05 18:51:03', '2020-02-05 18:51:03', 144, 144),
(970, 238, 0, 0, '', 0, 1, '2020-02-05 18:51:27', '2020-02-05 18:51:27', 144, 144),
(971, 238, 0, 0, '', 0, 1, '2020-02-05 18:52:58', '2020-02-05 18:52:58', 144, 144),
(972, 238, 0, 0, '', 0, 1, '2020-02-05 18:53:38', '2020-02-05 18:53:38', 144, 144),
(973, 238, 0, 0, '', 0, 1, '2020-02-05 18:54:04', '2020-02-05 18:54:04', 144, 144),
(974, 238, 0, 0, '', 0, 1, '2020-02-05 18:54:27', '2020-02-05 18:54:27', 144, 144),
(975, 238, 0, 0, '', 0, 1, '2020-02-05 18:55:20', '2020-02-05 18:55:20', 144, 144),
(976, 238, 0, 0, '', 0, 1, '2020-02-05 18:55:58', '2020-02-05 18:55:58', 144, 144),
(977, 238, 0, 0, '', 0, 1, '2020-02-05 18:56:23', '2020-02-05 18:56:23', 144, 144),
(978, 238, 0, 0, '', 0, 1, '2020-02-05 18:56:56', '2020-02-05 18:56:56', 144, 144),
(979, 238, 0, 0, '', 0, 1, '2020-02-05 18:57:30', '2020-02-05 18:57:30', 144, 144),
(980, 239, 0, 0, '', 0, 1, '2020-02-05 19:08:33', '2020-02-05 19:08:33', 144, 144),
(981, 239, 0, 0, '', 0, 1, '2020-02-05 19:08:57', '2020-02-05 19:08:57', 144, 144),
(982, 239, 0, 0, '', 0, 1, '2020-02-05 19:09:25', '2020-02-05 19:09:25', 144, 144),
(983, 239, 0, 0, '', 0, 1, '2020-02-05 19:09:50', '2020-02-05 19:09:50', 144, 144),
(984, 239, 0, 0, '', 0, 1, '2020-02-05 19:10:16', '2020-02-05 19:10:16', 144, 144),
(985, 239, 0, 0, '', 0, 1, '2020-02-05 19:10:44', '2020-02-05 19:10:44', 144, 144),
(986, 239, 0, 0, '', 0, 1, '2020-02-05 19:11:46', '2020-02-05 19:11:46', 144, 144),
(987, 239, 0, 0, '', 0, 1, '2020-02-05 19:12:19', '2020-02-05 19:12:19', 144, 144),
(988, 239, 0, 0, '', 0, 1, '2020-02-05 19:12:51', '2020-02-05 19:12:51', 144, 144),
(989, 239, 0, 0, '', 0, 1, '2020-02-05 19:13:27', '2020-02-05 19:13:27', 144, 144),
(990, 239, 0, 0, '', 0, 1, '2020-02-05 19:14:08', '2020-02-05 19:14:08', 144, 144),
(991, 239, 0, 0, '', 0, 1, '2020-02-05 19:14:32', '2020-02-05 19:14:32', 144, 144),
(992, 239, 0, 0, '', 0, 1, '2020-02-05 19:15:01', '2020-02-05 19:15:01', 144, 144),
(993, 239, 0, 0, '', 0, 1, '2020-02-05 19:15:28', '2020-02-05 19:15:28', 144, 144),
(994, 239, 0, 0, '', 0, 1, '2020-02-05 19:16:09', '2020-02-05 19:16:09', 144, 144),
(995, 239, 0, 0, '', 0, 1, '2020-02-05 19:16:50', '2020-02-05 19:16:50', 144, 144),
(996, 239, 0, 0, '', 0, 1, '2020-02-05 19:17:18', '2020-02-05 19:17:18', 144, 144),
(997, 239, 0, 0, '', 0, 1, '2020-02-05 19:17:55', '2020-02-05 19:17:55', 144, 144),
(998, 170, 0, 0, '', 0, 1, '2020-02-05 19:28:28', '2020-02-05 19:28:28', 144, 144),
(999, 380, 0, 0, '', 0, 1, '2020-02-05 19:30:07', '2020-02-05 19:30:07', 144, 144),
(1000, 380, 0, 0, '', 0, 1, '2020-02-05 19:30:34', '2020-02-05 19:30:34', 144, 144),
(1001, 380, 0, 0, '', 0, 1, '2020-02-05 19:31:01', '2020-02-05 19:31:01', 144, 144),
(1002, 380, 0, 0, '', 0, 1, '2020-02-05 19:31:27', '2020-02-05 19:31:27', 144, 144),
(1003, 380, 0, 0, '', 0, 1, '2020-02-05 19:32:01', '2020-02-05 19:32:01', 144, 144),
(1004, 380, 0, 0, '', 0, 1, '2020-02-05 19:32:29', '2020-02-05 19:32:29', 144, 144),
(1005, 380, 0, 0, '', 0, 1, '2020-02-05 19:33:03', '2020-02-05 19:33:03', 144, 144),
(1006, 380, 0, 0, '', 0, 1, '2020-02-05 19:33:30', '2020-02-05 19:33:30', 144, 144),
(1007, 380, 0, 0, '', 0, 1, '2020-02-05 19:33:50', '2020-02-05 19:33:50', 144, 144),
(1008, 380, 0, 0, '', 0, 1, '2020-02-05 19:34:14', '2020-02-05 19:34:14', 144, 144),
(1009, 380, 0, 0, '', 0, 1, '2020-02-05 19:34:52', '2020-02-05 19:34:52', 144, 144),
(1010, 380, 0, 0, '', 0, 1, '2020-02-05 19:35:16', '2020-02-05 19:35:16', 144, 144),
(1011, 380, 0, 0, '', 0, 1, '2020-02-05 19:35:44', '2020-02-05 19:35:44', 144, 144),
(1012, 380, 0, 0, '', 0, 1, '2020-02-05 19:36:06', '2020-02-05 19:36:06', 144, 144),
(1013, 380, 0, 0, '', 0, 1, '2020-02-05 19:36:46', '2020-02-05 19:36:46', 144, 144),
(1014, 380, 0, 0, '', 0, 1, '2020-02-05 19:37:14', '2020-02-05 19:37:14', 144, 144),
(1015, 380, 0, 0, '', 0, 1, '2020-02-05 19:37:37', '2020-02-05 19:37:37', 144, 144),
(1016, 380, 0, 0, '', 0, 1, '2020-02-05 19:38:03', '2020-02-05 19:38:03', 144, 144),
(1017, 380, 0, 0, '', 0, 1, '2020-02-05 19:38:25', '2020-02-05 19:38:25', 144, 144),
(1018, 380, 0, 0, '', 0, 1, '2020-02-05 19:39:16', '2020-02-05 19:39:16', 144, 144),
(1019, 380, 0, 0, '', 0, 1, '2020-02-05 19:39:56', '2020-02-05 19:39:56', 144, 144),
(1020, 380, 0, 0, '', 0, 1, '2020-02-05 19:40:28', '2020-02-05 19:40:28', 144, 144),
(1021, 380, 0, 0, '', 0, 1, '2020-02-05 19:40:50', '2020-02-05 19:40:50', 144, 144),
(1022, 380, 0, 0, '', 0, 1, '2020-02-05 19:41:19', '2020-02-05 19:41:19', 144, 144),
(1023, 380, 0, 0, '', 0, 1, '2020-02-05 19:41:48', '2020-02-05 19:41:48', 144, 144),
(1024, 380, 0, 0, '', 0, 1, '2020-02-05 19:42:33', '2020-02-05 19:42:33', 144, 144),
(1025, 381, 0, 0, '', 0, 1, '2020-02-05 20:28:09', '2020-02-05 20:28:09', 144, 144),
(1026, 381, 0, 0, '', 0, 1, '2020-02-05 20:29:42', '2020-02-05 20:29:42', 144, 144),
(1027, 381, 0, 0, '', 0, 1, '2020-02-05 20:30:12', '2020-02-05 20:30:12', 144, 144),
(1028, 381, 0, 0, '', 0, 1, '2020-02-05 20:30:44', '2020-02-05 20:30:44', 144, 144),
(1029, 381, 0, 0, '', 0, 1, '2020-02-05 20:31:05', '2020-02-05 20:31:05', 144, 144),
(1030, 381, 0, 0, '', 0, 1, '2020-02-05 20:31:30', '2020-02-05 20:31:30', 144, 144),
(1031, 381, 0, 0, '', 0, 1, '2020-02-05 20:31:59', '2020-02-05 20:31:59', 144, 144),
(1032, 381, 0, 0, '', 0, 1, '2020-02-05 20:32:34', '2020-02-05 20:32:34', 144, 144),
(1033, 381, 0, 0, '', 0, 1, '2020-02-05 20:33:06', '2020-02-05 20:33:06', 144, 144),
(1034, 381, 0, 0, '', 0, 1, '2020-02-05 20:34:20', '2020-02-05 20:34:20', 144, 144),
(1035, 381, 0, 0, '', 0, 1, '2020-02-05 20:35:38', '2020-02-05 20:35:38', 144, 144),
(1036, 381, 0, 0, '', 0, 1, '2020-02-05 20:36:36', '2020-02-05 20:36:36', 144, 144),
(1037, 381, 0, 0, '', 0, 1, '2020-02-05 20:37:09', '2020-02-05 20:37:09', 144, 144),
(1038, 381, 0, 0, '', 0, 1, '2020-02-05 20:37:36', '2020-02-05 20:37:36', 144, 144),
(1039, 381, 0, 0, '', 0, 1, '2020-02-05 20:39:56', '2020-02-05 20:39:56', 144, 144),
(1040, 381, 0, 0, '', 0, 1, '2020-02-05 20:40:27', '2020-02-05 20:40:27', 144, 144),
(1041, 381, 0, 0, '', 0, 1, '2020-02-05 20:40:58', '2020-02-05 20:40:58', 144, 144),
(1042, 381, 0, 0, '', 0, 1, '2020-02-05 20:41:30', '2020-02-05 20:41:30', 144, 144),
(1043, 381, 0, 0, '', 0, 1, '2020-02-05 20:41:58', '2020-02-05 20:41:58', 144, 144),
(1044, 381, 0, 0, '', 0, 1, '2020-02-05 20:42:34', '2020-02-05 20:42:34', 144, 144),
(1045, 381, 0, 0, '', 0, 1, '2020-02-05 20:43:07', '2020-02-05 20:43:07', 144, 144),
(1046, 381, 0, 0, '', 0, 1, '2020-02-05 20:45:57', '2020-02-05 20:45:57', 144, 144),
(1047, 381, 0, 0, '', 0, 1, '2020-02-05 20:46:38', '2020-02-05 20:46:38', 144, 144),
(1048, 381, 0, 0, '', 0, 1, '2020-02-05 20:47:18', '2020-02-05 20:47:18', 144, 144),
(1049, 381, 0, 0, '', 0, 1, '2020-02-05 20:47:48', '2020-02-05 20:47:48', 144, 144),
(1050, 381, 0, 0, '', 0, 1, '2020-02-05 20:48:41', '2020-02-05 20:48:41', 144, 144),
(1051, 381, 0, 0, '', 0, 1, '2020-02-05 20:49:21', '2020-02-05 20:49:21', 144, 144),
(1052, 381, 0, 0, '', 0, 1, '2020-02-05 20:50:34', '2020-02-05 20:50:34', 144, 144),
(1053, 381, 0, 0, '', 0, 1, '2020-02-05 20:50:58', '2020-02-05 20:50:58', 144, 144),
(1054, 381, 0, 0, '', 0, 1, '2020-02-05 20:51:49', '2020-02-05 20:51:49', 144, 144),
(1055, 381, 0, 0, '', 0, 1, '2020-02-05 20:52:07', '2020-02-05 20:52:07', 144, 144),
(1056, 382, 0, 0, '', 0, 1, '2020-02-05 21:04:28', '2020-02-05 21:04:28', 144, 144),
(1057, 382, 0, 0, '', 0, 1, '2020-02-05 21:05:01', '2020-02-05 21:05:01', 144, 144),
(1058, 382, 0, 0, '', 0, 1, '2020-02-05 21:05:27', '2020-02-05 21:05:27', 144, 144),
(1059, 382, 0, 0, '', 0, 1, '2020-02-05 21:59:06', '2020-02-05 21:59:06', 144, 144),
(1060, 382, 0, 0, '', 0, 1, '2020-02-05 21:59:22', '2020-02-05 21:59:22', 144, 144),
(1061, 382, 0, 0, '', 0, 1, '2020-02-05 22:04:18', '2020-02-05 22:04:18', 144, 144),
(1062, 382, 0, 0, '', 0, 1, '2020-02-05 22:04:44', '2020-02-05 22:04:44', 144, 144),
(1063, 382, 0, 0, '', 0, 1, '2020-02-05 22:05:12', '2020-02-05 22:05:12', 144, 144),
(1064, 382, 0, 0, '', 0, 1, '2020-02-05 22:05:37', '2020-02-05 22:05:37', 144, 144),
(1065, 382, 0, 0, '', 0, 1, '2020-02-05 22:06:08', '2020-02-05 22:06:08', 144, 144),
(1066, 382, 0, 0, '', 0, 1, '2020-02-05 22:06:32', '2020-02-05 22:06:32', 144, 144),
(1067, 382, 0, 0, '', 0, 1, '2020-02-05 22:07:12', '2020-02-05 22:07:12', 144, 144),
(1068, 382, 0, 0, '', 0, 1, '2020-02-05 22:07:43', '2020-02-05 22:07:43', 144, 144),
(1069, 382, 0, 0, '', 0, 1, '2020-02-05 22:08:05', '2020-02-05 22:08:05', 144, 144),
(1070, 382, 0, 0, '', 0, 1, '2020-02-05 22:19:19', '2020-02-05 22:19:19', 144, 144),
(1071, 382, 0, 0, '', 0, 1, '2020-02-05 22:19:49', '2020-02-05 22:19:49', 144, 144),
(1072, 382, 0, 0, '', 0, 1, '2020-02-05 22:20:25', '2020-02-05 22:20:25', 144, 144),
(1073, 382, 0, 0, '', 0, 1, '2020-02-05 22:21:35', '2020-02-05 22:21:35', 144, 144),
(1074, 382, 0, 0, '', 0, 1, '2020-02-05 22:22:07', '2020-02-05 22:22:07', 144, 144),
(1075, 382, 0, 0, '', 0, 1, '2020-02-05 22:23:21', '2020-02-05 22:23:21', 144, 144),
(1076, 382, 0, 0, '', 0, 1, '2020-02-05 22:23:50', '2020-02-05 22:23:50', 144, 144),
(1077, 382, 0, 0, '', 0, 1, '2020-02-05 22:24:26', '2020-02-05 22:24:26', 144, 144),
(1078, 382, 0, 0, '', 0, 1, '2020-02-05 22:25:13', '2020-02-05 22:25:13', 144, 144),
(1079, 382, 0, 0, '', 0, 1, '2020-02-05 22:25:48', '2020-02-05 22:25:48', 144, 144),
(1080, 382, 0, 0, '', 0, 1, '2020-02-05 22:28:36', '2020-02-05 22:28:36', 144, 144),
(1081, 382, 0, 0, '', 0, 1, '2020-02-05 22:29:31', '2020-02-05 22:29:31', 144, 144),
(1082, 382, 0, 0, '', 0, 1, '2020-02-05 22:32:09', '2020-02-05 22:32:09', 144, 144),
(1083, 382, 0, 0, '', 0, 1, '2020-02-05 22:32:52', '2020-02-05 22:32:52', 144, 144),
(1084, 382, 0, 0, '', 0, 1, '2020-02-05 22:33:30', '2020-02-05 22:33:30', 144, 144),
(1085, 382, 0, 0, '', 0, 1, '2020-02-05 22:34:50', '2020-02-05 22:34:50', 144, 144),
(1086, 382, 0, 0, '', 0, 1, '2020-02-05 22:35:17', '2020-02-05 22:35:17', 144, 144),
(1087, 382, 0, 0, '', 0, 1, '2020-02-05 22:35:55', '2020-02-05 22:35:55', 144, 144),
(1088, 382, 0, 0, '', 0, 1, '2020-02-05 22:36:50', '2020-02-05 22:36:50', 144, 144),
(1089, 382, 0, 0, '', 0, 1, '2020-02-05 22:37:26', '2020-02-05 22:37:26', 144, 144),
(1090, 382, 0, 0, '', 0, 1, '2020-02-05 22:38:52', '2020-02-05 22:38:52', 144, 144),
(1091, 382, 0, 0, '', 0, 1, '2020-02-05 22:39:32', '2020-02-05 22:39:32', 144, 144),
(1092, 382, 0, 0, '', 0, 1, '2020-02-05 22:40:05', '2020-02-05 22:40:05', 144, 144),
(1093, 382, 0, 0, '', 0, 1, '2020-02-05 22:41:07', '2020-02-05 22:41:07', 144, 144),
(1094, 382, 0, 0, '', 0, 1, '2020-02-05 22:42:43', '2020-02-05 22:42:43', 144, 144),
(1095, 382, 0, 0, '', 0, 1, '2020-02-05 22:43:14', '2020-02-05 22:43:14', 144, 144),
(1096, 382, 0, 0, '', 0, 1, '2020-02-05 22:43:55', '2020-02-05 22:43:55', 144, 144),
(1097, 383, 0, 0, '', 0, 1, '2020-02-05 22:46:14', '2020-02-05 22:46:14', 144, 144),
(1098, 383, 0, 4, '', 0, 1, '2020-02-05 22:46:37', '2020-02-05 22:46:37', 144, 144),
(1099, 383, 0, 8, '', 0, 1, '2020-02-05 22:49:17', '2020-02-05 22:49:17', 144, 144),
(1100, 383, 0, 0, '', 0, 1, '2020-02-05 22:49:43', '2020-02-05 22:49:43', 144, 144),
(1101, 383, 0, 2, '', 0, 1, '2020-02-05 22:50:06', '2020-02-05 22:50:06', 144, 144),
(1102, 383, 0, 6, '', 0, 1, '2020-02-05 22:51:37', '2020-02-05 22:51:37', 144, 144),
(1103, 383, 0, 10, '', 0, 1, '2020-02-05 22:52:22', '2020-02-05 22:52:22', 144, 144),
(1104, 383, 0, 0, '', 0, 1, '2020-02-05 22:53:04', '2020-02-05 22:53:04', 144, 144),
(1105, 383, 0, 3, '', 0, 1, '2020-02-05 22:53:32', '2020-02-05 22:53:32', 144, 144),
(1106, 383, 0, 7, '', 0, 1, '2020-02-05 22:54:00', '2020-02-05 22:54:00', 144, 144),
(1107, 383, 0, 0, '', 0, 1, '2020-02-05 22:54:47', '2020-02-05 22:54:47', 144, 144),
(1108, 383, 0, 0, '', 0, 1, '2020-02-05 22:55:20', '2020-02-05 22:55:20', 144, 144),
(1109, 383, 0, 5, '', 0, 1, '2020-02-05 22:56:18', '2020-02-05 22:56:18', 144, 144),
(1110, 383, 0, 9, '', 0, 1, '2020-02-05 22:56:50', '2020-02-05 22:56:50', 144, 144),
(1111, 383, 0, 0, '', 0, 1, '2020-02-05 22:59:41', '2020-02-05 22:59:41', 144, 144),
(1112, 383, 0, 1, '', 0, 1, '2020-02-05 23:00:23', '2020-02-05 23:00:23', 144, 144),
(1113, 383, 0, 0, '', 0, 1, '2020-02-05 23:00:58', '2020-02-05 23:00:58', 144, 144),
(1114, 383, 0, 0, '', 0, 1, '2020-02-05 23:01:31', '2020-02-05 23:01:31', 144, 144),
(1115, 383, 0, 0, '', 0, 1, '2020-02-05 23:02:00', '2020-02-05 23:02:00', 144, 144),
(1116, 383, 0, 0, '', 0, 1, '2020-02-05 23:03:20', '2020-02-05 23:03:20', 144, 144),
(1117, 383, 0, 0, '', 0, 1, '2020-02-05 23:03:47', '2020-02-05 23:03:47', 144, 144),
(1118, 383, 0, 0, '', 0, 1, '2020-02-05 23:04:09', '2020-02-05 23:04:09', 144, 144),
(1119, 383, 0, 0, '', 0, 1, '2020-02-05 23:04:38', '2020-02-05 23:04:38', 144, 144),
(1120, 383, 0, 0, '', 0, 1, '2020-02-05 23:05:08', '2020-02-05 23:05:08', 144, 144),
(1121, 383, 0, 0, '', 0, 1, '2020-02-05 23:05:33', '2020-02-05 23:05:33', 144, 144),
(1122, 383, 0, 0, '', 0, 1, '2020-02-05 23:06:01', '2020-02-05 23:06:01', 144, 144),
(1123, 383, 0, 0, '', 0, 1, '2020-02-05 23:07:15', '2020-02-05 23:07:15', 144, 144),
(1124, 383, 0, 0, '', 0, 1, '2020-02-05 23:07:43', '2020-02-05 23:07:43', 144, 144),
(1125, 383, 0, 0, '', 0, 1, '2020-02-05 23:08:14', '2020-02-05 23:08:14', 144, 144),
(1126, 383, 0, 0, '', 0, 1, '2020-02-05 23:08:44', '2020-02-05 23:08:44', 144, 144),
(1127, 383, 0, 0, '', 0, 1, '2020-02-05 23:09:09', '2020-02-05 23:09:09', 144, 144),
(1128, 384, 0, 0, '', 0, 1, '2020-02-05 23:10:25', '2020-02-05 23:10:25', 144, 144),
(1129, 384, 0, 0, '', 0, 1, '2020-02-05 23:10:51', '2020-02-05 23:10:51', 144, 144),
(1130, 384, 0, 0, '', 0, 1, '2020-02-05 23:11:16', '2020-02-05 23:11:16', 144, 144),
(1131, 384, 0, 0, '', 0, 1, '2020-02-05 23:11:40', '2020-02-05 23:11:40', 144, 144),
(1132, 384, 0, 0, '', 0, 1, '2020-02-05 23:12:04', '2020-02-05 23:12:04', 144, 144),
(1133, 384, 0, 0, '', 0, 1, '2020-02-05 23:12:33', '2020-02-05 23:12:33', 144, 144),
(1134, 384, 0, 0, '', 0, 1, '2020-02-05 23:14:45', '2020-02-05 23:14:45', 144, 144),
(1135, 384, 0, 0, '', 0, 1, '2020-02-05 23:15:16', '2020-02-05 23:15:16', 144, 144),
(1136, 384, 0, 0, '', 0, 1, '2020-02-05 23:15:45', '2020-02-05 23:15:45', 144, 144),
(1137, 998, 0, 0, '', 0, 1, '2020-02-05 23:17:02', '2020-02-05 23:17:02', 144, 144),
(1138, 998, 0, 0, '', 0, 1, '2020-02-05 23:17:29', '2020-02-05 23:17:29', 144, 144),
(1139, 998, 0, 0, '', 0, 1, '2020-02-05 23:17:57', '2020-02-05 23:17:57', 144, 144),
(1140, 998, 0, 0, '', 0, 1, '2020-02-05 23:18:21', '2020-02-05 23:18:21', 144, 144),
(1141, 998, 0, 0, '', 0, 1, '2020-02-05 23:18:52', '2020-02-05 23:18:52', 144, 144),
(1142, 998, 0, 0, '', 0, 1, '2020-02-05 23:19:27', '2020-02-05 23:19:27', 144, 144),
(1143, 998, 0, 0, '', 0, 1, '2020-02-05 23:20:02', '2020-02-05 23:20:02', 144, 144),
(1144, 998, 0, 0, '', 0, 1, '2020-02-05 23:20:26', '2020-02-05 23:20:26', 144, 144),
(1145, 998, 0, 0, '', 0, 1, '2020-02-05 23:21:02', '2020-02-05 23:21:02', 144, 144),
(1146, 998, 0, 0, '', 0, 1, '2020-02-05 23:21:37', '2020-02-05 23:21:37', 144, 144),
(1147, 998, 0, 0, '', 0, 1, '2020-02-05 23:22:37', '2020-02-05 23:22:37', 144, 144),
(1148, 998, 0, 0, '', 0, 1, '2020-02-05 23:23:20', '2020-02-05 23:23:20', 144, 144);

-- --------------------------------------------------------

--
-- Table structure for table `categories_text`
--

CREATE TABLE `categories_text` (
  `CategoryTextID` int(11) NOT NULL,
  `CategoryID` int(11) NOT NULL,
  `Title` varchar(255) NOT NULL,
  `SystemLanguageID` int(11) NOT NULL,
  `CreatedAt` datetime NOT NULL,
  `UpdatedAt` datetime NOT NULL,
  `CreatedBy` int(11) NOT NULL,
  `UpdatedBy` int(11) NOT NULL
) ENGINE=InnoDB DEFAULT CHARSET=utf8;

--
-- Dumping data for table `categories_text`
--

INSERT INTO `categories_text` (`CategoryTextID`, `CategoryID`, `Title`, `SystemLanguageID`, `CreatedAt`, `UpdatedAt`, `CreatedBy`, `UpdatedBy`) VALUES
(1, 1, 'Fashion', 1, '2019-04-17 15:51:09', '2019-07-26 10:50:56', 1, 1),
(2, 1, 'الموضة والأزياء', 2, '2019-04-17 15:51:09', '2020-02-01 09:58:00', 1, 144),
(3, 2, 'Fashion Accessories', 1, '2019-04-17 15:51:39', '2019-07-26 10:58:11', 1, 1),
(4, 2, ' ملحقات وإكسسوارات الموضة ', 2, '2019-04-17 15:51:39', '2020-02-01 10:59:04', 1, 144),
(5, 3, 'Health & Beauty', 1, '2019-04-17 15:51:57', '2019-07-26 10:49:12', 1, 1),
(6, 3, 'الصحة والجمال', 2, '2019-04-17 15:51:57', '2019-04-17 15:51:57', 1, 1),
(7, 4, 'Men\'s Clothing ', 1, '2019-04-17 15:52:22', '2019-04-17 15:52:22', 1, 1),
(8, 4, 'ملابس رجالية', 2, '2019-04-17 15:52:22', '2020-02-01 10:00:20', 1, 144),
(9, 5, 'Men\'s Footwear', 1, '2019-04-17 15:52:37', '2019-04-17 15:52:37', 1, 1),
(10, 5, 'أحذية رجالية', 2, '2019-04-17 15:52:37', '2019-04-17 15:52:37', 1, 1),
(11, 6, 'Ladies\' Clothing', 1, '2019-04-17 15:52:54', '2019-04-17 15:52:54', 1, 1),
(12, 6, 'ملابس النساء', 2, '2019-04-17 15:52:54', '2020-02-01 10:03:07', 1, 144),
(13, 7, 'Ladies\' Footwear', 1, '2019-04-17 15:53:15', '2019-04-17 15:53:15', 1, 1),
(14, 7, 'أحذية النساء', 2, '2019-04-17 15:53:15', '2020-02-01 10:03:29', 1, 144),
(15, 8, 'Polos', 1, '2019-04-17 15:53:57', '2019-04-17 15:53:57', 1, 1),
(16, 8, 'البولو', 2, '2019-04-17 15:53:57', '2020-02-01 10:20:38', 1, 144),
(17, 9, 'Shirts', 1, '2019-04-17 15:54:05', '2019-04-17 15:54:14', 1, 1),
(18, 9, 'القمصان', 2, '2019-04-17 15:54:05', '2020-02-01 10:14:43', 1, 144),
(19, 10, 'T-Shirts', 1, '2019-04-17 15:56:46', '2019-04-17 15:56:46', 1, 1),
(20, 10, 'التيشيرتات ', 2, '2019-04-17 15:56:46', '2020-02-01 10:16:30', 1, 144),
(21, 11, 'Pants', 1, '2019-04-17 15:56:59', '2019-04-17 15:56:59', 1, 1),
(22, 11, 'البنطلونات ', 2, '2019-04-17 15:56:59', '2020-02-01 10:17:59', 1, 144),
(23, 12, 'Shorts', 1, '2019-04-17 15:57:04', '2019-04-17 15:57:04', 1, 1),
(24, 12, 'السراويل القصيرة', 2, '2019-04-17 15:57:04', '2019-04-17 15:57:04', 1, 1),
(25, 13, 'Suits & Blazers', 1, '2019-04-17 15:57:09', '2019-04-17 15:57:09', 1, 1),
(26, 13, 'البدلات و البليزرات', 2, '2019-04-17 15:57:09', '2020-02-01 10:16:12', 1, 144),
(27, 14, 'Hoodies & Sweatshirts', 1, '2019-04-17 15:57:14', '2019-04-17 15:57:14', 1, 1),
(28, 14, 'هوديز وكنزات', 2, '2019-04-17 15:57:14', '2020-02-01 10:09:31', 1, 144),
(29, 15, 'Underwear', 1, '2019-04-17 15:57:21', '2019-04-17 15:57:21', 1, 1),
(30, 15, 'ملابس داخلية ', 2, '2019-04-17 15:57:21', '2020-02-01 10:17:22', 1, 144),
(31, 16, 'Uniforms', 1, '2019-04-17 15:57:27', '2019-04-17 15:57:27', 1, 1),
(32, 16, 'زي موحد', 2, '2019-04-17 15:57:27', '2020-02-01 10:14:18', 1, 144),
(33, 17, 'Sleepwear', 1, '2019-04-17 15:57:33', '2019-04-17 15:57:33', 1, 1),
(34, 17, 'ملابس النوم', 2, '2019-04-17 15:57:33', '2020-02-01 10:15:08', 1, 144),
(35, 18, 'Jeans', 1, '2019-04-17 15:57:48', '2019-04-17 15:57:48', 1, 1),
(36, 18, 'جينز', 2, '2019-04-17 15:57:48', '2020-02-01 10:14:04', 1, 144),
(37, 19, 'Coats and Jackets', 1, '2019-04-17 15:57:53', '2019-04-17 15:57:53', 1, 1),
(38, 19, 'جاكيتات ومعاطف', 2, '2019-04-17 15:57:53', '2020-02-01 10:19:31', 1, 144),
(39, 20, 'Belts', 1, '2019-04-17 15:58:03', '2019-04-17 15:58:03', 1, 1),
(40, 20, 'أحزمة', 2, '2019-04-17 15:58:03', '2020-02-01 10:15:33', 1, 144),
(41, 21, 'Makeup & Cosmetics ', 1, '2019-04-19 09:48:33', '2019-04-19 09:48:33', 1, 1),
(42, 21, 'المكياج ومستحضرات التجميل', 2, '2019-04-19 09:48:33', '2020-02-01 11:18:27', 1, 144),
(43, 22, 'Eyewear', 1, '2019-04-30 10:40:29', '2019-07-26 10:28:01', 1, 1),
(44, 22, 'البصريات ', 2, '2019-04-30 10:40:29', '2020-02-01 11:00:27', 1, 144),
(45, 23, 'Home & Office Supplies', 1, '2019-04-30 10:51:30', '2019-07-26 10:46:09', 1, 1),
(46, 23, ' مستلزمات المنزل والمكتب', 2, '2019-04-30 10:51:30', '2020-02-01 13:41:03', 1, 144),
(47, 24, 'Stationery', 1, '2019-04-30 10:52:53', '2019-07-26 10:42:51', 1, 1),
(48, 24, 'أدوات مكتبية ', 2, '2019-04-30 10:52:53', '2020-02-01 13:54:00', 1, 144),
(49, 25, 'Kid\'s Clothing', 1, '2019-07-26 09:00:45', '2019-07-26 10:22:12', 1, 1),
(50, 25, 'ملابس الأطفال', 2, '2019-07-26 09:00:45', '2020-02-01 10:04:10', 1, 144),
(51, 26, 'Hats & Caps', 1, '2019-07-26 09:03:13', '2019-07-26 09:03:13', 1, 1),
(52, 26, 'قبعات ', 2, '2019-07-26 09:03:13', '2020-02-01 10:17:04', 1, 144),
(53, 27, 'Traditional Wears', 1, '2019-07-26 09:04:06', '2019-07-26 09:04:06', 1, 1),
(54, 27, 'ملابس تقليدية ', 2, '2019-07-26 09:04:06', '2020-02-01 10:19:05', 1, 144),
(55, 28, 'Pullovers', 1, '2019-07-26 09:04:42', '2019-07-26 09:04:42', 1, 1),
(56, 28, 'بلوفرات', 2, '2019-07-26 09:04:42', '2020-02-01 10:12:15', 1, 144),
(57, 29, 'Arabian Clothing', 1, '2019-07-26 09:04:50', '2019-07-26 09:04:50', 1, 1),
(58, 29, 'ملابس عربية', 2, '2019-07-26 09:04:50', '2020-02-01 10:11:43', 1, 144),
(59, 30, 'Sweaters', 1, '2019-07-26 09:04:58', '2019-07-26 09:04:58', 1, 1),
(60, 30, 'سترات', 2, '2019-07-26 09:04:58', '2020-02-01 10:12:35', 1, 144),
(61, 31, 'Tie', 1, '2019-07-26 09:11:16', '2019-07-26 09:11:16', 1, 1),
(62, 31, 'ربطات عنق', 2, '2019-07-26 09:11:16', '2020-02-01 10:20:06', 1, 144),
(63, 32, 'Socks', 1, '2019-07-26 09:19:31', '2019-07-26 09:19:31', 1, 1),
(64, 32, 'جوارب', 2, '2019-07-26 09:19:31', '2020-02-01 10:24:02', 1, 144),
(65, 33, 'Casual Shoes', 1, '2019-07-26 09:19:41', '2019-07-26 09:19:41', 1, 1),
(66, 33, 'أحذية كاجوال', 2, '2019-07-26 09:19:41', '2020-02-01 10:24:24', 1, 144),
(67, 34, 'Formal Shoes', 1, '2019-07-26 09:19:48', '2019-07-26 09:19:48', 1, 1),
(68, 34, 'أحذية رسمية ', 2, '2019-07-26 09:19:48', '2020-02-01 10:26:29', 1, 144),
(69, 35, 'Sandals', 1, '2019-07-26 09:19:58', '2019-07-26 09:19:58', 1, 1),
(70, 35, 'صنادل ', 2, '2019-07-26 09:19:58', '2020-02-01 10:21:52', 1, 144),
(71, 36, 'Slippers', 1, '2019-07-26 09:20:05', '2019-07-26 09:20:05', 1, 1),
(72, 36, 'شباشب', 2, '2019-07-26 09:20:05', '2020-02-01 10:22:57', 1, 144),
(73, 37, 'Boots', 1, '2019-07-26 09:20:09', '2019-07-26 09:20:09', 1, 1),
(74, 37, 'أحذية برقبة  ', 2, '2019-07-26 09:20:09', '2020-02-01 10:25:00', 1, 144),
(75, 38, 'Loafers', 1, '2019-07-26 09:20:15', '2019-07-26 09:20:15', 1, 1),
(76, 38, 'أحذية بدون رباط ', 2, '2019-07-26 09:20:15', '2020-02-01 10:21:33', 1, 144),
(77, 39, 'Work & Safety', 1, '2019-07-26 09:20:22', '2019-07-26 09:20:22', 1, 1),
(78, 39, 'أحذية العمل والسلامة ', 2, '2019-07-26 09:20:22', '2020-02-01 10:23:18', 1, 144),
(79, 40, 'Sneakers', 1, '2019-07-26 09:20:28', '2019-07-26 09:20:28', 1, 1),
(80, 40, 'سنيكرز ', 2, '2019-07-26 09:20:28', '2020-02-01 10:23:43', 1, 144),
(81, 41, 'Shoes Accessories', 1, '2019-07-26 09:20:35', '2019-07-26 09:20:35', 1, 1),
(82, 41, 'إكسسوارات ومستلزمات الأحذية ', 2, '2019-07-26 09:20:35', '2020-02-01 10:26:02', 1, 144),
(85, 43, 'Polos', 1, '2019-07-26 10:06:24', '2019-07-26 10:06:24', 1, 1),
(86, 43, 'البولو', 2, '2019-07-26 10:06:24', '2020-02-01 10:41:19', 1, 144),
(87, 44, 'T-Shirts', 1, '2019-07-26 10:06:29', '2019-07-26 10:06:29', 1, 1),
(88, 44, 'التيشيرتات ', 2, '2019-07-26 10:06:29', '2020-02-01 10:32:17', 1, 144),
(89, 45, 'Shirts & Vests', 1, '2019-07-26 10:06:35', '2019-07-26 10:06:35', 1, 1),
(90, 45, 'القمصان ', 2, '2019-07-26 10:06:35', '2020-02-01 10:33:16', 1, 144),
(91, 46, 'Pants', 1, '2019-07-26 10:06:40', '2019-07-26 10:06:40', 1, 1),
(92, 46, 'البنطلونات ', 2, '2019-07-26 10:06:40', '2020-02-01 10:41:02', 1, 144),
(93, 47, 'Skirts', 1, '2019-07-26 10:06:42', '2019-07-26 10:06:42', 1, 1),
(94, 47, 'التنورات ', 2, '2019-07-26 10:06:42', '2020-02-01 10:28:11', 1, 144),
(95, 48, 'Shorts', 1, '2019-07-26 10:06:45', '2019-07-26 10:06:45', 1, 1),
(96, 48, 'الشورتات ', 2, '2019-07-26 10:06:45', '2020-02-01 10:31:21', 1, 144),
(97, 49, 'Dresses', 1, '2019-07-26 10:06:48', '2019-07-26 10:06:48', 1, 1),
(98, 49, 'الفساتين ', 2, '2019-07-26 10:06:48', '2020-02-01 10:28:54', 1, 144),
(99, 50, 'Party Dresses', 1, '2019-07-26 10:06:52', '2019-07-26 10:06:52', 1, 1),
(100, 50, 'فساتين السهرة ', 2, '2019-07-26 10:06:52', '2020-02-01 10:40:45', 1, 144),
(101, 51, 'Underwear', 1, '2019-07-26 10:06:59', '2019-07-26 10:06:59', 1, 1),
(102, 51, 'ملابس داخلية ', 2, '2019-07-26 10:06:59', '2020-02-01 10:30:33', 1, 144),
(103, 52, 'Uniforms', 1, '2019-07-26 10:07:04', '2019-07-26 10:07:04', 1, 1),
(104, 52, 'زي موحد ', 2, '2019-07-26 10:07:04', '2020-02-01 10:31:55', 1, 144),
(105, 53, 'Sleepwear', 1, '2019-07-26 10:07:07', '2019-07-26 10:07:07', 1, 1),
(106, 53, 'ملابس النوم ', 2, '2019-07-26 10:07:07', '2020-02-01 10:34:05', 1, 144),
(107, 54, 'Jeans', 1, '2019-07-26 10:07:10', '2019-07-26 10:07:10', 1, 1),
(108, 54, 'جينز ', 2, '2019-07-26 10:07:10', '2020-02-01 10:40:21', 1, 144),
(109, 55, 'Coats & Jackets', 1, '2019-07-26 10:07:15', '2019-07-26 10:07:15', 1, 1),
(110, 55, 'جاكيتات ومعاطف', 2, '2019-07-26 10:07:15', '2020-02-01 10:29:12', 1, 144),
(111, 56, 'Belts', 1, '2019-07-26 10:07:18', '2019-07-26 10:07:18', 1, 1),
(112, 56, 'أحزمة ', 2, '2019-07-26 10:07:18', '2020-02-01 10:34:22', 1, 144),
(113, 57, 'Lingerie', 1, '2019-07-26 10:07:21', '2019-07-26 10:07:21', 1, 1),
(114, 57, 'لانجيري', 2, '2019-07-26 10:07:21', '2020-02-01 10:40:00', 1, 144),
(115, 58, 'Hats & Caps', 1, '2019-07-26 10:07:25', '2019-07-26 10:07:25', 1, 1),
(116, 58, 'قبعات ', 2, '2019-07-26 10:07:25', '2020-02-01 10:30:13', 1, 144),
(117, 59, 'Traditional Wears', 1, '2019-07-26 10:07:33', '2019-07-26 10:07:33', 1, 1),
(118, 59, 'ملابس تقليدية ', 2, '2019-07-26 10:07:33', '2020-02-01 10:29:35', 1, 144),
(119, 60, 'Pullovers', 1, '2019-07-26 10:07:36', '2019-07-26 10:07:36', 1, 1),
(120, 60, 'بلوفرات ', 2, '2019-07-26 10:07:36', '2020-02-01 10:33:41', 1, 144),
(121, 61, 'Maternity wear', 1, '2019-07-26 10:07:42', '2019-07-26 10:07:42', 1, 1),
(122, 61, 'ملابس الحمل', 2, '2019-07-26 10:07:42', '2020-02-01 10:38:57', 1, 144),
(123, 62, 'Scarves', 1, '2019-07-26 10:07:49', '2019-07-26 10:07:49', 1, 1),
(124, 62, 'طُرح وإسكارفات ', 2, '2019-07-26 10:07:49', '2020-02-01 10:32:47', 1, 144),
(125, 63, 'Jumpsuits & Rompers', 1, '2019-07-26 10:07:58', '2019-07-26 10:07:58', 1, 1),
(126, 63, 'الجمبسوت والرومبر', 2, '2019-07-26 10:07:58', '2020-02-01 10:38:00', 1, 144),
(127, 64, 'Arabian Clothing', 1, '2019-07-26 10:08:04', '2019-07-26 10:08:04', 1, 1),
(128, 64, 'ملابس عربية ', 2, '2019-07-26 10:08:04', '2020-02-01 10:37:35', 1, 144),
(129, 65, 'Leggings', 1, '2019-07-26 10:08:07', '2019-07-26 10:08:07', 1, 1),
(130, 65, 'الليجنز ', 2, '2019-07-26 10:08:07', '2020-02-01 10:29:53', 1, 144),
(131, 66, 'Blazers', 1, '2019-07-26 10:08:10', '2019-07-26 10:08:10', 1, 1),
(132, 66, 'البليزرات ', 2, '2019-07-26 10:08:10', '2020-02-01 10:27:26', 1, 144),
(133, 67, 'Hoodies & Sweatshirts', 1, '2019-07-26 10:08:20', '2019-07-26 10:08:20', 1, 1),
(134, 67, 'هوديز وكنزات ', 2, '2019-07-26 10:08:20', '2020-02-01 10:30:56', 1, 144),
(135, 68, 'Sweaters', 1, '2019-07-26 10:08:22', '2019-07-26 10:08:22', 1, 1),
(136, 68, 'سترات ', 2, '2019-07-26 10:08:22', '2020-02-01 10:39:28', 1, 144),
(137, 69, 'Socks', 1, '2019-07-26 10:19:17', '2019-07-26 10:19:17', 1, 1),
(138, 69, 'جوارب', 2, '2019-07-26 10:19:17', '2020-02-01 10:42:01', 1, 144),
(139, 70, 'Casual Shoes', 1, '2019-07-26 10:19:23', '2019-07-26 10:19:23', 1, 1),
(140, 70, 'أحذية كاجوال', 2, '2019-07-26 10:19:23', '2020-02-01 10:42:18', 1, 144),
(141, 71, 'Formal & Dress Shoes', 1, '2019-07-26 10:19:32', '2019-07-26 10:19:32', 1, 1),
(142, 71, 'أحذية رسمية ', 2, '2019-07-26 10:19:32', '2020-02-01 10:42:35', 1, 144),
(143, 72, 'Sandals', 1, '2019-07-26 10:19:36', '2019-07-26 10:19:36', 1, 1),
(144, 72, 'صنادل ', 2, '2019-07-26 10:19:36', '2020-02-01 10:42:51', 1, 144),
(145, 73, 'Slippers', 1, '2019-07-26 10:19:39', '2019-07-26 10:19:39', 1, 1),
(146, 73, 'شباشب', 2, '2019-07-26 10:19:39', '2020-02-01 10:43:13', 1, 144),
(147, 74, 'Boots', 1, '2019-07-26 10:19:42', '2019-07-26 10:19:42', 1, 1),
(148, 74, 'أحذية برقبة  ', 2, '2019-07-26 10:19:42', '2020-02-01 10:43:30', 1, 144),
(149, 75, 'Flats', 1, '2019-07-26 10:19:44', '2019-07-26 10:19:44', 1, 1),
(150, 75, 'أحذية فلات وباليرينا', 2, '2019-07-26 10:19:44', '2020-02-01 10:43:49', 1, 144),
(151, 76, 'Loafers', 1, '2019-07-26 10:19:47', '2019-07-26 10:19:47', 1, 1),
(152, 76, 'أحذية بدون رباط ', 2, '2019-07-26 10:19:47', '2020-02-01 10:44:09', 1, 144),
(153, 77, 'Pumps', 1, '2019-07-26 10:19:49', '2019-07-26 10:19:49', 1, 1),
(154, 77, 'أحذية كعب عالي', 2, '2019-07-26 10:19:49', '2020-02-01 10:44:42', 1, 144),
(155, 78, 'Work & Safety', 1, '2019-07-26 10:19:55', '2019-07-26 10:19:55', 1, 1),
(156, 78, 'أحذية العمل والسلامة ', 2, '2019-07-26 10:19:55', '2020-02-01 10:45:21', 1, 144),
(157, 79, 'Sneakers', 1, '2019-07-26 10:19:58', '2019-07-26 10:19:58', 1, 1),
(158, 79, 'سنيكرز ', 2, '2019-07-26 10:19:58', '2020-02-01 10:45:37', 1, 144),
(159, 80, 'Shoes Acessories', 1, '2019-07-26 10:20:03', '2019-07-26 10:20:03', 1, 1),
(160, 80, 'إكسسوارات ومستلزمات الأحذية ', 2, '2019-07-26 10:20:03', '2020-02-01 10:46:04', 1, 144),
(161, 81, 'Polos', 1, '2019-07-26 10:23:31', '2019-07-26 10:23:31', 1, 1),
(162, 81, 'البولو', 2, '2019-07-26 10:23:31', '2020-02-01 10:48:11', 1, 144),
(163, 82, 'T-Shirts', 1, '2019-07-26 10:23:38', '2019-07-26 10:23:38', 1, 1),
(164, 82, 'التيشيرتات ', 2, '2019-07-26 10:23:38', '2020-02-01 10:48:32', 1, 144),
(165, 83, 'Shirts', 1, '2019-07-26 10:23:41', '2019-07-26 10:23:41', 1, 1),
(166, 83, 'القمصان ', 2, '2019-07-26 10:23:41', '2020-02-01 10:48:50', 1, 144),
(167, 84, 'Pants', 1, '2019-07-26 10:23:43', '2019-07-26 10:23:43', 1, 1),
(168, 84, 'البنطلونات ', 2, '2019-07-26 10:23:43', '2020-02-01 10:49:09', 1, 144),
(169, 85, 'Shorts', 1, '2019-07-26 10:23:46', '2019-07-26 10:23:46', 1, 1),
(170, 85, 'الشورتات ', 2, '2019-07-26 10:23:46', '2020-02-01 10:47:42', 1, 144),
(171, 86, 'Suits', 1, '2019-07-26 10:23:49', '2019-07-26 10:23:49', 1, 1),
(172, 86, 'البدلات والبليزرات', 2, '2019-07-26 10:23:49', '2020-02-01 10:49:33', 1, 144),
(173, 87, 'Hoodies & Sweatshirts', 1, '2019-07-26 10:23:56', '2019-07-26 10:25:16', 1, 1),
(174, 87, 'هوديز وكنزات ', 2, '2019-07-26 10:23:56', '2020-02-01 10:49:57', 1, 144),
(175, 88, 'Underwear', 1, '2019-07-26 10:24:02', '2019-07-26 10:24:02', 1, 1),
(176, 88, 'ملابس داخلية ', 2, '2019-07-26 10:24:02', '2020-02-01 10:50:18', 1, 144),
(177, 89, 'Uniforms', 1, '2019-07-26 10:24:07', '2019-07-26 10:24:07', 1, 1),
(178, 89, 'زي موحد ', 2, '2019-07-26 10:24:07', '2020-02-01 10:50:37', 1, 144),
(179, 90, 'Sleepwear', 1, '2019-07-26 10:24:14', '2019-07-26 10:24:14', 1, 1),
(180, 90, 'ملابس النوم ', 2, '2019-07-26 10:24:14', '2020-02-01 10:50:52', 1, 144),
(181, 91, 'Jeans', 1, '2019-07-26 10:24:16', '2019-07-26 10:24:16', 1, 1),
(182, 91, 'جينز ', 2, '2019-07-26 10:24:16', '2020-02-01 10:51:10', 1, 144),
(183, 92, 'Coats and Jackets', 1, '2019-07-26 10:24:24', '2019-07-26 10:24:24', 1, 1),
(184, 92, 'جاكيتات ومعاطف', 2, '2019-07-26 10:24:24', '2020-02-01 10:51:34', 1, 144),
(185, 93, 'Belts', 1, '2019-07-26 10:24:27', '2019-07-26 10:24:27', 1, 1),
(186, 93, 'أحزمة ', 2, '2019-07-26 10:24:27', '2020-02-01 10:51:52', 1, 144),
(187, 94, 'Ties', 1, '2019-07-26 10:24:30', '2019-07-26 10:24:30', 1, 1),
(188, 94, 'ربطات عنق', 2, '2019-07-26 10:24:30', '2020-02-01 10:52:17', 1, 144),
(189, 95, 'Hats & Caps', 1, '2019-07-26 10:24:36', '2019-07-26 10:24:36', 1, 1),
(190, 95, 'قبعات ', 2, '2019-07-26 10:24:36', '2020-02-01 10:52:37', 1, 144),
(191, 96, 'Traditional Wears', 1, '2019-07-26 10:24:41', '2019-07-26 10:24:41', 1, 1),
(192, 96, 'ملابس تقليدية ', 2, '2019-07-26 10:24:41', '2020-02-01 10:52:52', 1, 144),
(193, 97, 'Pullovers', 1, '2019-07-26 10:24:44', '2019-07-26 10:24:44', 1, 1),
(194, 97, 'بلوفرات ', 2, '2019-07-26 10:24:44', '2020-02-01 10:53:10', 1, 144),
(195, 98, 'Dresses', 1, '2019-07-26 10:24:46', '2019-07-26 10:24:46', 1, 1),
(196, 98, 'فساتين ', 2, '2019-07-26 10:24:46', '2020-02-01 10:53:28', 1, 144),
(197, 99, 'Accessories', 1, '2019-07-26 10:24:49', '2019-07-26 10:24:49', 1, 1),
(198, 99, 'إكسسوارات الملابس', 2, '2019-07-26 10:24:49', '2020-02-01 10:54:00', 1, 144),
(199, 100, 'Sweaters', 1, '2019-07-26 10:24:54', '2019-07-26 10:24:54', 1, 1),
(200, 100, 'سترات ', 2, '2019-07-26 10:24:54', '2020-02-01 10:54:19', 1, 144),
(201, 101, 'Arabian Clothing', 1, '2019-07-26 10:24:57', '2019-07-26 10:24:57', 1, 1),
(202, 101, 'ملابس عربية ', 2, '2019-07-26 10:24:57', '2020-02-01 10:54:45', 1, 144),
(203, 102, 'Kid\'s Footwear', 1, '2019-07-26 10:25:55', '2019-07-26 10:25:55', 1, 1),
(204, 102, 'أحذية الأطفال', 2, '2019-07-26 10:25:55', '2020-02-01 10:07:38', 1, 144),
(205, 103, 'Socks', 1, '2019-07-26 10:26:18', '2019-07-26 10:26:18', 1, 1),
(206, 103, 'جوارب', 2, '2019-07-26 10:26:18', '2020-02-01 10:55:31', 1, 144),
(207, 104, 'Casual Shoes', 1, '2019-07-26 10:26:21', '2019-07-26 10:26:21', 1, 1),
(208, 104, 'أحذية كاجوال', 2, '2019-07-26 10:26:21', '2020-02-01 10:55:47', 1, 144),
(209, 105, 'Casual Shoes', 1, '2019-07-26 10:27:00', '2019-07-26 10:27:00', 1, 1),
(210, 105, 'Casual Shoes', 2, '2019-07-26 10:27:00', '2019-07-26 10:27:00', 1, 1),
(211, 106, 'Formal Shoes', 1, '2019-07-26 10:27:08', '2019-07-26 10:27:08', 1, 1),
(212, 106, 'أحذية رسمية ', 2, '2019-07-26 10:27:08', '2020-02-01 10:56:01', 1, 144),
(213, 107, 'Sandals', 1, '2019-07-26 10:27:11', '2019-07-26 10:27:11', 1, 1),
(214, 107, 'صنادل ', 2, '2019-07-26 10:27:11', '2020-02-01 10:56:15', 1, 144),
(215, 108, 'Slippers', 1, '2019-07-26 10:27:13', '2019-07-26 10:27:13', 1, 1),
(216, 108, 'شباشب', 2, '2019-07-26 10:27:13', '2020-02-01 10:56:29', 1, 144),
(217, 109, 'Boots', 1, '2019-07-26 10:27:15', '2019-07-26 10:27:15', 1, 1),
(218, 109, 'أحذية برقبة  ', 2, '2019-07-26 10:27:15', '2020-02-01 10:56:44', 1, 144),
(219, 110, 'Loafers', 1, '2019-07-26 10:27:18', '2019-07-26 10:27:18', 1, 1),
(220, 110, 'أحذية بدون رباط ', 2, '2019-07-26 10:27:18', '2020-02-01 10:56:57', 1, 144),
(221, 111, 'Sneakers', 1, '2019-07-26 10:27:24', '2019-07-26 10:27:24', 1, 1),
(222, 111, 'سنيكرز ', 2, '2019-07-26 10:27:24', '2020-02-01 10:57:15', 1, 144),
(223, 112, 'Flats', 1, '2019-07-26 10:27:26', '2019-07-26 10:27:26', 1, 1),
(224, 112, 'أحذية فلات وباليرينا', 2, '2019-07-26 10:27:26', '2020-02-01 10:57:42', 1, 144),
(225, 113, 'Shoes Accessories', 1, '2019-07-26 10:27:32', '2019-07-26 10:27:32', 1, 1),
(226, 113, 'إكسسوارات ومستلزمات الأحذية ', 2, '2019-07-26 10:27:32', '2020-02-01 10:58:06', 1, 144),
(227, 114, 'Contact Lenses', 1, '2019-07-26 10:28:42', '2019-07-26 10:28:42', 1, 1),
(228, 114, 'عدسات لاصقة', 2, '2019-07-26 10:28:42', '2020-02-01 11:13:36', 1, 144),
(229, 115, 'Eyewear', 1, '2019-07-26 10:28:46', '2019-07-26 10:28:46', 1, 1),
(230, 115, 'نظارات ', 2, '2019-07-26 10:28:46', '2020-02-01 11:13:56', 1, 144),
(231, 116, 'Glasses Frames', 1, '2019-07-26 10:28:50', '2019-07-26 10:28:50', 1, 1),
(232, 116, 'إطارات النظارات ', 2, '2019-07-26 10:28:50', '2020-02-01 11:14:13', 1, 144),
(233, 117, 'Men\'s Sunglasses', 1, '2019-07-26 10:28:56', '2019-07-26 10:28:56', 1, 1),
(234, 117, 'نظارات شمسية للرجال', 2, '2019-07-26 10:28:56', '2020-02-01 11:14:32', 1, 144),
(235, 118, 'Women\'s Sunglasses', 1, '2019-07-26 10:29:04', '2019-07-26 10:29:04', 1, 1),
(236, 118, 'نظارات شمسية للسيدات ', 2, '2019-07-26 10:29:04', '2020-02-01 11:14:51', 1, 144),
(237, 119, 'Eyewear Accessories', 1, '2019-07-26 10:29:09', '2019-07-26 10:29:09', 1, 1),
(238, 119, 'إكسسوارات النظارات ', 2, '2019-07-26 10:29:09', '2020-02-01 11:15:13', 1, 144),
(239, 120, 'Eyewear Sets', 1, '2019-07-26 10:29:14', '2019-07-26 10:29:14', 1, 1),
(240, 120, 'أطقم نظارات ', 2, '2019-07-26 10:29:14', '2020-02-01 11:15:29', 1, 144),
(241, 121, 'Lips', 1, '2019-07-26 10:41:17', '2019-07-26 10:41:17', 1, 1),
(242, 121, 'الشفاه', 2, '2019-07-26 10:41:17', '2020-02-01 11:18:47', 1, 144),
(243, 122, 'Eyes', 1, '2019-07-26 10:41:21', '2019-07-26 10:41:21', 1, 1),
(244, 122, 'العيون', 2, '2019-07-26 10:41:21', '2020-02-01 11:22:38', 1, 144),
(245, 123, 'Face', 1, '2019-07-26 10:41:24', '2019-07-26 10:41:24', 1, 1),
(246, 123, 'الوجه', 2, '2019-07-26 10:41:24', '2020-02-01 11:25:02', 1, 144),
(247, 124, 'Body', 1, '2019-07-26 10:41:26', '2019-07-26 10:41:26', 1, 1),
(248, 124, 'الجسم', 2, '2019-07-26 10:41:26', '2020-02-01 11:25:25', 1, 144),
(249, 125, 'Makeup Remover', 1, '2019-07-26 10:41:30', '2019-07-26 10:41:30', 1, 1),
(250, 125, 'مزيل مستحضرات التجميل', 2, '2019-07-26 10:41:30', '2020-02-01 11:25:42', 1, 144),
(251, 126, 'Makeup Brushes & Tools', 1, '2019-07-26 10:41:36', '2019-07-26 10:41:36', 1, 1),
(252, 126, 'أدوات وفرش مستحضرات التجميل', 2, '2019-07-26 10:41:36', '2020-02-01 11:27:55', 1, 144),
(253, 127, 'Nails', 1, '2019-07-26 10:41:38', '2019-07-26 10:41:38', 1, 1),
(254, 127, 'الأظافر', 2, '2019-07-26 10:41:38', '2020-02-01 11:28:11', 1, 144),
(255, 128, 'Primers', 1, '2019-07-26 10:41:40', '2020-02-01 11:28:44', 1, 144),
(256, 128, 'أوليات', 2, '2019-07-26 10:41:40', '2020-02-01 11:28:35', 1, 144),
(257, 129, 'Makeup Bags', 1, '2019-07-26 10:41:43', '2019-07-26 10:41:43', 1, 1),
(258, 129, 'شنط مكياج ', 2, '2019-07-26 10:41:43', '2020-02-01 11:29:03', 1, 144),
(259, 130, 'Organic & Natural', 1, '2019-07-26 10:41:48', '2019-07-26 10:41:48', 1, 1),
(260, 130, 'مواد طبيعية ', 2, '2019-07-26 10:41:48', '2020-02-01 11:29:27', 1, 144),
(261, 131, 'Makeup Sanitisers', 1, '2019-07-26 10:41:55', '2019-07-26 10:41:55', 1, 1),
(262, 131, 'أدوات تعقيم المكياج ', 2, '2019-07-26 10:41:55', '2020-02-01 11:29:46', 1, 144),
(263, 132, 'Wallets & Bags', 1, '2019-08-01 21:06:43', '2019-08-01 21:06:43', 1, 1),
(264, 132, 'المحافظ والشنط', 2, '2019-08-01 21:06:43', '2020-02-01 11:00:08', 1, 144),
(265, 133, 'Wallets', 1, '2019-08-01 21:07:06', '2019-08-01 21:07:06', 1, 1),
(266, 133, 'محافظ ', 2, '2019-08-01 21:07:06', '2020-02-01 11:09:36', 1, 144),
(267, 134, 'Backpacks', 1, '2019-08-01 21:07:15', '2019-08-01 21:07:15', 1, 1),
(268, 134, 'حقائب ظهر ', 2, '2019-08-01 21:07:15', '2020-02-01 11:09:51', 1, 144),
(269, 135, 'Duffle Bags', 1, '2019-08-01 21:07:21', '2019-08-01 21:07:21', 1, 1),
(270, 135, 'حقائب دفل إسطوانية', 2, '2019-08-01 21:07:21', '2020-02-01 11:10:10', 1, 144),
(271, 136, 'Handbags', 1, '2019-08-01 21:07:26', '2019-08-01 21:07:26', 1, 1),
(272, 136, 'حقائب يد ', 2, '2019-08-01 21:07:26', '2020-02-01 11:11:49', 1, 144),
(273, 137, 'Specialty Bags & Carry Cases', 1, '2019-08-01 21:07:37', '2019-08-01 21:07:37', 1, 1),
(274, 137, 'حقائب لاستخدامات معينة', 2, '2019-08-01 21:07:37', '2020-02-01 11:12:12', 1, 144),
(275, 138, 'Trolley Suitcases & Bags', 1, '2019-08-01 21:07:50', '2019-08-01 21:07:50', 1, 1),
(276, 138, 'حقائب بعجلات', 2, '2019-08-01 21:07:50', '2020-02-01 11:12:35', 1, 144),
(277, 139, 'Packing & Bags Accessories', 1, '2019-08-01 21:07:59', '2019-08-01 21:07:59', 1, 1),
(278, 139, 'إكسسوارات الحقائب وحزم الأمتعة', 2, '2019-08-01 21:07:59', '2020-02-01 11:13:02', 1, 144),
(279, 140, 'Watches', 1, '2019-08-01 21:08:27', '2019-08-01 21:08:27', 1, 1),
(280, 140, 'الساعات ', 2, '2019-08-01 21:08:27', '2020-02-01 10:59:25', 1, 144),
(281, 141, 'Men\'s Watches', 1, '2019-08-01 21:08:48', '2019-08-01 21:08:48', 1, 1),
(282, 141, 'ساعات الرجال', 2, '2019-08-01 21:08:48', '2020-02-01 11:06:55', 1, 144),
(283, 142, 'Women\'s Watches', 1, '2019-08-01 21:08:56', '2019-08-01 21:08:56', 1, 1),
(284, 142, 'ساعات السيدات', 2, '2019-08-01 21:08:56', '2020-02-01 11:07:12', 1, 144),
(285, 143, 'Kid\'s Watches', 1, '2019-08-01 21:09:03', '2019-08-01 21:09:03', 1, 1),
(286, 143, 'ساعات الاطفال', 2, '2019-08-01 21:09:03', '2020-02-01 11:07:28', 1, 144),
(287, 144, 'Smart Watches', 1, '2019-08-01 21:09:08', '2019-08-01 21:09:08', 1, 1),
(288, 144, 'ساعات ذكية ', 2, '2019-08-01 21:09:08', '2020-02-01 11:07:43', 1, 144),
(289, 145, 'Sports Watches', 1, '2019-08-01 21:09:12', '2019-08-01 21:09:12', 1, 1),
(290, 145, 'ساعات رياضية ', 2, '2019-08-01 21:09:12', '2020-02-01 11:08:05', 1, 144),
(291, 146, 'Watch Accessories', 1, '2019-08-01 21:09:21', '2019-08-01 21:09:21', 1, 1),
(292, 146, 'إكسسوارات الساعات ', 2, '2019-08-01 21:09:21', '2020-02-01 11:08:30', 1, 144),
(293, 147, 'Jewelry', 1, '2019-08-01 21:09:52', '2019-08-01 21:09:52', 1, 1),
(294, 147, 'المجوهرات', 2, '2019-08-01 21:09:52', '2020-02-01 10:59:46', 1, 144),
(295, 148, 'Bracelets', 1, '2019-08-01 21:10:21', '2019-08-01 21:10:21', 1, 1),
(296, 148, 'أساور', 2, '2019-08-01 21:10:21', '2020-02-01 11:01:05', 1, 144),
(297, 149, 'Rings', 1, '2019-08-01 21:10:24', '2019-08-01 21:10:24', 1, 1),
(298, 149, 'خواتم', 2, '2019-08-01 21:10:24', '2020-02-01 11:01:30', 1, 144),
(299, 150, 'Earrings', 1, '2019-08-01 21:10:28', '2019-08-01 21:10:28', 1, 1),
(300, 150, 'أقراط أذن', 2, '2019-08-01 21:10:28', '2020-02-01 11:01:55', 1, 144),
(301, 151, 'Fine Jewelry', 1, '2019-08-01 21:10:36', '2019-08-01 21:10:36', 1, 1),
(302, 151, 'المجوهرات النفيسة', 2, '2019-08-01 21:10:36', '2020-02-01 11:02:15', 1, 144),
(303, 152, 'Jewelry Sets', 1, '2019-08-01 21:10:43', '2019-08-01 21:10:43', 1, 1),
(304, 152, 'أطقم مجوهرات', 2, '2019-08-01 21:10:43', '2020-02-01 11:02:31', 1, 144),
(305, 153, 'Loose Gemstones & Diamonds', 1, '2019-08-01 21:10:54', '2019-08-01 21:10:54', 1, 1),
(306, 153, 'أحجار كريمة', 2, '2019-08-01 21:10:54', '2020-02-01 11:02:47', 1, 144),
(307, 154, 'Necklaces', 1, '2019-08-01 21:10:59', '2019-08-01 21:10:59', 1, 1),
(308, 154, 'سلاسل', 2, '2019-08-01 21:10:59', '2020-02-01 11:03:02', 1, 144),
(309, 155, 'Men\'s Jewelry', 1, '2019-08-01 21:11:05', '2019-08-01 21:11:05', 1, 1),
(310, 155, 'مجوهرات رجالية', 2, '2019-08-01 21:11:05', '2020-02-01 11:03:21', 1, 144),
(311, 156, 'Body Jewelry', 1, '2019-08-01 21:11:10', '2019-08-01 21:11:10', 1, 1),
(312, 156, 'مجوهرات الجسم', 2, '2019-08-01 21:11:10', '2020-02-01 11:03:41', 1, 144),
(313, 157, 'Pendants & Charms', 1, '2019-08-01 21:11:18', '2019-08-01 21:11:18', 1, 1),
(314, 157, 'تعليقات', 2, '2019-08-01 21:11:18', '2020-02-01 11:03:58', 1, 144),
(315, 158, 'Jewelry Accessories', 1, '2019-08-01 21:11:26', '2019-08-01 21:11:26', 1, 1),
(316, 158, 'إكسسورات المجوهرات', 2, '2019-08-01 21:11:26', '2020-02-01 11:04:20', 1, 144),
(317, 159, 'Children\'s Jewelry', 1, '2019-08-01 21:11:33', '2019-08-01 21:11:33', 1, 1),
(318, 159, 'مجوهرات الأطفال', 2, '2019-08-01 21:11:33', '2020-02-01 11:05:33', 1, 144),
(319, 160, 'Engagement', 1, '2019-08-01 21:11:37', '2019-08-01 21:11:37', 1, 1),
(320, 160, 'مجوهرات الخطوبة ', 2, '2019-08-01 21:11:37', '2020-02-01 11:05:47', 1, 144),
(321, 161, 'Wedding', 1, '2019-08-01 21:11:41', '2019-08-01 21:11:41', 1, 1),
(322, 161, 'مجوهرات الزواج ', 2, '2019-08-01 21:11:41', '2020-02-01 11:06:12', 1, 144),
(323, 162, 'Personal & Skin Care', 1, '2019-08-01 21:12:08', '2019-08-01 21:12:08', 1, 1),
(324, 162, 'العناية الشخصية والعناية بالبشرة ', 2, '2019-08-01 21:12:08', '2020-02-01 11:20:39', 1, 144),
(325, 163, 'Hair Care', 1, '2019-08-01 21:12:14', '2019-08-01 21:12:14', 1, 1),
(326, 163, 'العناية بالشعر', 2, '2019-08-01 21:12:14', '2020-02-01 11:21:15', 1, 144),
(327, 164, 'Perfumes & Fragrances', 1, '2019-08-01 21:12:23', '2019-08-01 21:12:23', 1, 1),
(328, 164, 'العطور ', 2, '2019-08-01 21:12:23', '2020-02-01 11:21:29', 1, 144),
(329, 165, 'Health', 1, '2019-08-01 21:12:28', '2019-08-01 21:12:28', 1, 1),
(330, 165, 'الصحة ', 2, '2019-08-01 21:12:28', '2020-02-01 11:21:46', 1, 144),
(331, 166, 'Baby', 1, '2019-08-01 21:12:48', '2019-08-02 15:13:06', 1, 1),
(332, 166, 'حديثي الولادة', 2, '2019-08-01 21:12:48', '2020-02-01 12:03:41', 1, 144),
(333, 167, 'Technology', 1, '2019-08-01 21:12:57', '2019-08-02 14:58:08', 1, 1),
(334, 167, 'التكنولوجيا', 2, '2019-08-01 21:12:57', '2020-02-01 13:02:38', 1, 144),
(335, 168, 'Sports & Fitness', 1, '2019-08-01 21:13:15', '2019-08-02 15:11:02', 1, 1),
(336, 168, ' الرياضة والرشاقة ', 2, '2019-08-01 21:13:15', '2020-02-02 19:57:55', 1, 144),
(337, 169, 'Motors & Vehicles', 1, '2019-08-01 21:13:24', '2019-08-02 15:07:22', 1, 1),
(338, 169, 'السيارات والمواتير', 2, '2019-08-01 21:13:24', '2020-02-03 20:03:22', 1, 144),
(339, 170, 'Entertainment & Books', 1, '2019-08-01 21:13:34', '2019-08-02 15:13:42', 1, 1),
(340, 170, 'الترفيه والكتب', 2, '2019-08-01 21:13:34', '2020-02-03 20:47:52', 1, 144),
(341, 171, 'Food & Beverages', 1, '2019-08-01 21:13:43', '2019-08-02 15:06:29', 1, 1),
(342, 171, 'المأكولات والمشروبات ', 2, '2019-08-01 21:13:43', '2020-02-03 22:09:13', 1, 144),
(343, 172, 'Antiques & Collectibles', 1, '2019-08-01 21:13:59', '2020-02-04 22:08:09', 1, 144),
(344, 172, 'الأنتيكات والمقتنيات ', 2, '2019-08-01 21:13:59', '2020-02-04 22:07:34', 1, 144),
(345, 173, 'Pets', 1, '2019-08-01 21:14:06', '2019-08-02 15:12:42', 1, 1),
(346, 173, 'الحيوانات الأليفة', 2, '2019-08-01 21:14:06', '2020-02-03 21:51:21', 1, 144),
(347, 174, 'Hair Care', 1, '2019-08-01 21:15:09', '2019-08-01 21:15:09', 1, 1),
(348, 174, 'منتجات العناية بالشعر', 2, '2019-08-01 21:15:09', '2020-02-01 11:50:41', 1, 144),
(349, 175, 'Hair Dyes & Colors', 1, '2019-08-01 21:15:17', '2019-08-01 21:15:17', 1, 1),
(350, 175, 'صبغات الشعر', 2, '2019-08-01 21:15:17', '2020-02-01 11:51:02', 1, 144),
(351, 176, 'Hair Treatment', 1, '2019-08-01 21:15:23', '2019-08-01 21:15:23', 1, 1),
(352, 176, 'علاجات للشعر ', 2, '2019-08-01 21:15:23', '2020-02-01 11:51:28', 1, 144),
(353, 177, 'Shampoos & Conditioners', 1, '2019-08-01 21:15:31', '2019-08-01 21:15:31', 1, 1),
(354, 177, 'شامبوهات ومنعمات ', 2, '2019-08-01 21:15:31', '2020-02-01 11:51:48', 1, 144),
(355, 178, 'Hair Styling Electronics', 1, '2019-08-01 21:15:45', '2019-08-01 21:15:45', 1, 1),
(356, 178, 'إلكترونيات الشعر', 2, '2019-08-01 21:15:45', '2020-02-01 11:52:08', 1, 144),
(357, 179, 'Wigs', 1, '2019-08-01 21:15:52', '2019-08-01 21:15:52', 1, 1),
(358, 179, 'شعر مستعار', 2, '2019-08-01 21:15:52', '2020-02-01 11:52:25', 1, 144),
(359, 180, 'Hair Tools & Accessories', 1, '2019-08-01 21:15:59', '2019-08-01 21:15:59', 1, 1),
(360, 180, 'أدوات وإكسسوارات الشعر', 2, '2019-08-01 21:15:59', '2020-02-01 11:52:49', 1, 144),
(361, 181, 'Hair Loss Products', 1, '2019-08-01 21:16:05', '2019-08-01 21:16:05', 1, 1),
(362, 181, 'منتجات علاج تساقط الشعر', 2, '2019-08-01 21:16:05', '2020-02-01 11:53:06', 1, 144),
(363, 182, 'Oils & Serums', 1, '2019-08-01 21:16:13', '2019-08-01 21:16:13', 1, 1),
(364, 182, 'زيوت الشعر', 2, '2019-08-01 21:16:13', '2020-02-01 11:53:23', 1, 144),
(365, 183, 'Organic & Natural', 1, '2019-08-01 21:16:20', '2019-08-01 21:16:20', 1, 1),
(366, 183, 'منتجات طبيعية ', 2, '2019-08-01 21:16:20', '2020-02-01 11:53:38', 1, 144),
(367, 184, 'Supplements', 1, '2019-08-01 21:16:25', '2019-08-01 21:16:25', 1, 1),
(368, 184, 'مكملات للعناية بالشعر', 2, '2019-08-01 21:16:25', '2020-02-01 11:53:56', 1, 144),
(369, 185, 'Babies & Children', 1, '2019-08-01 21:16:31', '2019-08-01 21:17:15', 1, 1),
(370, 185, 'الأطفال وحديثي الولادة ', 2, '2019-08-01 21:16:31', '2020-02-01 11:54:21', 1, 144),
(371, 186, 'Attar', 1, '2019-08-01 21:18:04', '2019-08-01 21:18:04', 1, 1),
(372, 186, 'عطر الورد', 2, '2019-08-01 21:18:04', '2020-02-01 11:55:09', 1, 144),
(373, 187, 'Body Mists & Sprays', 1, '2019-08-01 21:18:13', '2019-08-01 21:18:13', 1, 1),
(374, 187, 'عطور وبخاخات الجسم', 2, '2019-08-01 21:18:13', '2020-02-01 11:55:35', 1, 144),
(375, 188, 'Eau de Cologne', 1, '2019-08-01 21:18:19', '2019-08-01 21:18:19', 1, 1),
(376, 188, 'ماء كولونيا', 2, '2019-08-01 21:18:19', '2020-02-01 11:55:51', 1, 144),
(377, 189, 'Eau de Parfum', 1, '2019-08-01 21:18:27', '2019-08-01 21:18:27', 1, 1),
(378, 189, 'عطر', 2, '2019-08-01 21:18:27', '2020-02-01 11:56:15', 1, 144),
(379, 190, 'Eau de Toilette', 1, '2019-08-01 21:18:34', '2019-08-01 21:18:34', 1, 1),
(380, 190, 'أو دي تواليت', 2, '2019-08-01 21:18:34', '2020-02-01 11:56:32', 1, 144),
(381, 191, 'Gift Sets', 1, '2019-08-01 21:18:39', '2019-08-01 21:18:39', 1, 1),
(382, 191, 'أطقم الهدايا', 2, '2019-08-01 21:18:39', '2020-02-01 11:56:49', 1, 144),
(383, 192, 'Oud & Incense', 1, '2019-08-01 21:18:46', '2019-08-01 21:19:50', 1, 1),
(384, 192, 'العود والبخور', 2, '2019-08-01 21:18:46', '2020-02-01 11:57:03', 1, 144),
(385, 193, 'Parfum', 1, '2019-08-01 21:18:54', '2019-08-01 21:18:54', 1, 1),
(386, 193, 'عطر مركز', 2, '2019-08-01 21:18:54', '2020-02-01 11:57:19', 1, 144),
(387, 194, 'Perfume Oil', 1, '2019-08-01 21:19:00', '2019-08-01 21:19:00', 1, 1),
(388, 194, 'زيت معطر', 2, '2019-08-01 21:19:00', '2020-02-01 11:57:32', 1, 144),
(389, 195, 'Deodorants', 1, '2019-08-01 21:19:04', '2020-02-01 11:58:46', 1, 144),
(390, 195, 'مزيل العرق', 2, '2019-08-01 21:19:04', '2020-02-01 11:57:47', 1, 144),
(391, 196, 'Home Fragrances', 1, '2019-08-01 21:19:10', '2019-08-01 21:19:10', 1, 1),
(392, 196, 'عطور المنزل', 2, '2019-08-01 21:19:10', '2020-02-01 11:59:00', 1, 144),
(393, 197, 'Body & Hair Mist', 1, '2019-08-01 21:19:19', '2019-08-01 21:19:19', 1, 1),
(394, 197, 'عطر للشعر والجسم ', 2, '2019-08-01 21:19:19', '2020-02-01 11:59:25', 1, 144),
(395, 198, 'Bath & Shower', 1, '2019-08-01 21:19:28', '2019-08-01 21:19:28', 1, 1),
(396, 198, 'عطور الاستحمام ', 2, '2019-08-01 21:19:28', '2020-02-01 11:59:47', 1, 144),
(397, 199, 'Vitamins & Dietary Supplements', 1, '2019-08-01 21:20:38', '2019-08-01 21:20:38', 1, 1),
(398, 199, 'الفيتامينات والمكملات الغذائية', 2, '2019-08-01 21:20:38', '2020-02-01 12:00:28', 1, 144),
(399, 200, 'Health Care', 1, '2019-08-01 21:20:43', '2019-08-01 21:20:43', 1, 1),
(400, 200, 'الرعاية الصحية', 2, '2019-08-01 21:20:43', '2020-02-01 12:00:44', 1, 144),
(401, 201, 'Medical Supplies & Equipment', 1, '2019-08-01 21:20:51', '2019-08-01 21:20:51', 1, 1),
(402, 201, 'اللوازم والمعدات الطبية', 2, '2019-08-01 21:20:51', '2020-02-01 12:01:02', 1, 144),
(403, 202, 'Sports Nutrition', 1, '2019-08-01 21:20:59', '2019-08-01 21:20:59', 1, 1),
(404, 202, 'التغذية الرياضية', 2, '2019-08-01 21:20:59', '2020-02-01 12:01:16', 1, 144),
(405, 203, 'Medicines', 1, '2019-08-01 21:21:03', '2019-08-01 21:21:03', 1, 1),
(406, 203, 'أدوية ', 2, '2019-08-01 21:21:03', '2020-02-01 12:01:31', 1, 144),
(407, 204, 'Feminine Care', 1, '2019-08-01 21:21:26', '2019-08-01 21:21:26', 1, 1),
(408, 204, 'مستلزمات عناية نسائية', 2, '2019-08-01 21:21:26', '2020-02-01 11:31:34', 1, 144),
(409, 205, 'Men\'s Care', 1, '2019-08-01 21:21:31', '2019-08-01 21:21:31', 1, 1),
(410, 205, 'مستلزمات عناية رجالية ', 2, '2019-08-01 21:21:31', '2020-02-01 11:31:51', 1, 144),
(411, 206, 'Tools & Accessories', 1, '2019-08-01 21:21:45', '2019-08-01 21:21:45', 1, 1),
(412, 206, 'أدوات وإكسسوارات ', 2, '2019-08-01 21:21:45', '2020-02-01 11:32:17', 1, 144),
(413, 207, 'Body', 1, '2019-08-01 21:21:49', '2019-08-01 21:21:49', 1, 1),
(414, 207, 'العناية بالجسم ', 2, '2019-08-01 21:21:49', '2020-02-01 11:32:36', 1, 144),
(415, 208, 'Face', 1, '2019-08-01 21:21:53', '2019-08-01 21:21:53', 1, 1),
(416, 208, 'العناية بالوجه ', 2, '2019-08-01 21:21:53', '2020-02-01 11:32:56', 1, 144),
(417, 209, 'Hands & Nails', 1, '2019-08-01 21:21:58', '2019-08-01 21:21:58', 1, 1),
(418, 209, 'العناية بالأيدي والأظافر', 2, '2019-08-01 21:21:58', '2020-02-01 11:33:15', 1, 144),
(419, 210, 'Sun Care', 1, '2019-08-01 21:22:03', '2019-08-01 21:22:03', 1, 1),
(420, 210, 'الوقاية من الشمس ', 2, '2019-08-01 21:22:03', '2020-02-01 11:33:37', 1, 144),
(421, 211, 'Lip Care', 1, '2019-08-01 21:22:08', '2019-08-01 21:22:08', 1, 1),
(422, 211, 'العناية بالشفاه ', 2, '2019-08-01 21:22:08', '2020-02-01 11:33:55', 1, 144),
(423, 212, 'Shaving & Hair Removal', 1, '2019-08-01 21:22:17', '2019-08-01 21:22:17', 1, 1),
(424, 212, 'مزيل الشعر ', 2, '2019-08-01 21:22:17', '2020-02-01 11:34:14', 1, 144),
(425, 213, 'Eye Care', 1, '2019-08-01 21:22:21', '2019-08-01 21:22:21', 1, 1),
(426, 213, 'العناية بصحة العينين ', 2, '2019-08-01 21:22:21', '2020-02-01 11:34:29', 1, 144),
(427, 214, 'Oral Hygiene', 1, '2019-08-01 21:22:30', '2019-08-01 21:22:30', 1, 1),
(428, 214, 'العناية بصحة الفم ', 2, '2019-08-01 21:22:30', '2020-02-01 11:34:53', 1, 144),
(429, 215, 'Hand & Foot Care', 1, '2019-08-01 21:22:37', '2019-08-01 21:22:37', 1, 1),
(430, 215, 'العناية بالقدمين واليدين ', 2, '2019-08-01 21:22:37', '2020-02-01 11:35:13', 1, 144),
(431, 216, 'Tattoos', 1, '2019-08-01 21:22:51', '2019-08-01 21:22:51', 1, 1),
(432, 216, 'تاتو', 2, '2019-08-01 21:22:51', '2020-02-01 11:35:30', 1, 144),
(433, 217, 'Anti-Aging', 1, '2019-08-01 21:22:57', '2019-08-01 21:22:57', 1, 1),
(434, 217, 'مضادات الشيخوخة ', 2, '2019-08-01 21:22:57', '2020-02-01 11:35:51', 1, 144),
(435, 218, 'Treatments', 1, '2019-08-01 21:23:03', '2019-08-01 21:23:03', 1, 1),
(436, 218, 'علاجات البشرة ', 2, '2019-08-01 21:23:03', '2020-02-01 11:36:18', 1, 144),
(437, 219, 'Neck & Decollete Care', 1, '2019-08-01 21:23:15', '2019-08-01 21:23:15', 1, 1),
(438, 219, 'العناية بالعنق', 2, '2019-08-01 21:23:15', '2020-02-01 11:36:37', 1, 144),
(439, 220, 'Supplements', 1, '2019-08-01 21:23:23', '2019-08-01 21:23:23', 1, 1),
(440, 220, 'مكملات للعناية بالبشرة ', 2, '2019-08-01 21:23:23', '2020-02-01 11:36:53', 1, 144),
(441, 221, 'Children & Teens', 1, '2019-08-01 21:23:38', '2019-08-01 21:23:38', 1, 1),
(442, 221, 'بشرة الأطفال والمراهقين ', 2, '2019-08-01 21:23:38', '2020-02-01 11:37:18', 1, 144),
(443, 222, 'Organic', 1, '2019-08-01 21:23:43', '2019-08-01 21:23:43', 1, 1),
(444, 222, 'مواد عضوية للعناية بالبشرة', 2, '2019-08-01 21:23:43', '2020-02-01 11:37:36', 1, 144),
(445, 223, 'Moisturizers', 1, '2019-08-01 21:23:50', '2019-08-01 21:23:50', 1, 1),
(446, 223, 'مرطبات البشرة ', 2, '2019-08-01 21:23:50', '2020-02-01 11:37:54', 1, 144),
(447, 224, 'Cleansers', 1, '2019-08-01 21:23:55', '2019-08-01 21:23:55', 1, 1),
(448, 224, 'منظفات البشرة ', 2, '2019-08-01 21:23:55', '2020-02-01 11:38:22', 1, 144),
(449, 225, 'Mobiles & Tablets', 1, '2019-08-02 13:11:32', '2019-08-02 13:11:32', 1, 1),
(450, 225, 'الموبايل والتابلت ', 2, '2019-08-02 13:11:32', '2020-02-01 13:03:03', 1, 144),
(451, 226, 'Laptops & PCs', 1, '2019-08-02 13:11:41', '2019-08-02 13:11:41', 1, 1),
(452, 226, 'اللابتوب والكمبيوترات', 2, '2019-08-02 13:11:41', '2020-02-01 13:09:19', 1, 144),
(453, 227, 'TVs', 1, '2019-08-02 13:11:45', '2019-08-02 13:11:45', 1, 1),
(454, 227, 'التليفزيونات', 2, '2019-08-02 13:11:45', '2020-02-01 13:09:34', 1, 144),
(455, 228, 'Cameras', 1, '2019-08-02 13:11:50', '2019-08-02 13:11:50', 1, 1),
(456, 228, 'الكاميرات', 2, '2019-08-02 13:11:50', '2020-02-01 13:09:48', 1, 144),
(457, 229, 'Others and Accessories', 1, '2019-08-02 13:11:59', '2019-08-02 13:11:59', 1, 1),
(458, 229, 'أجهزة أخرى وإكسسوارات ', 2, '2019-08-02 13:11:59', '2020-02-01 13:10:19', 1, 144),
(459, 230, 'Fresh', 1, '2019-08-02 13:12:34', '2019-08-02 13:12:34', 1, 1),
(460, 230, 'الأكلات الطازجة ', 2, '2019-08-02 13:12:34', '2020-02-03 22:09:33', 1, 144),
(461, 231, 'Grocery', 1, '2019-08-02 13:12:40', '2019-08-02 13:12:40', 1, 1),
(462, 231, 'البقالة ', 2, '2019-08-02 13:12:40', '2020-02-03 22:09:47', 1, 144),
(463, 232, 'Bakery Center', 1, '2019-08-02 13:12:45', '2019-08-02 13:12:45', 1, 1),
(464, 232, 'المخبوزات ', 2, '2019-08-02 13:12:45', '2020-02-03 22:10:03', 1, 144),
(465, 233, 'Beverages', 1, '2019-08-02 13:12:53', '2019-08-02 13:12:53', 1, 1),
(466, 233, 'المشروبات', 2, '2019-08-02 13:12:53', '2020-02-03 22:10:19', 1, 144),
(467, 234, 'Restaurants', 1, '2019-08-02 13:12:58', '2019-08-02 13:12:58', 1, 1),
(468, 234, 'المطاعم ', 2, '2019-08-02 13:12:58', '2020-02-03 22:10:37', 1, 144),
(469, 235, 'Antiques', 1, '2019-08-02 13:13:48', '2019-08-02 13:13:48', 1, 1),
(470, 235, 'الأنتيكات والتُحف', 2, '2019-08-02 13:13:48', '2020-02-05 17:26:35', 1, 144),
(471, 236, 'Paintings & Drawings', 1, '2019-08-02 13:13:56', '2019-08-02 13:13:56', 1, 1),
(472, 236, 'اللوحات والرسومات ', 2, '2019-08-02 13:13:56', '2020-02-05 17:28:14', 1, 144),
(473, 237, 'Handcrafts', 1, '2019-08-02 13:14:02', '2019-08-02 13:14:02', 1, 1),
(474, 237, 'المصنوعات اليدوية ', 2, '2019-08-02 13:14:02', '2020-02-05 17:27:53', 1, 144),
(475, 238, 'Stamps', 1, '2019-08-02 13:14:05', '2019-08-02 13:14:05', 1, 1),
(476, 238, 'الطوابع ', 2, '2019-08-02 13:14:05', '2020-02-05 17:27:37', 1, 144),
(477, 239, 'Coins', 1, '2019-08-02 13:14:14', '2019-08-02 13:14:14', 1, 1),
(478, 239, 'العملات ', 2, '2019-08-02 13:14:14', '2020-02-05 17:27:24', 1, 144),
(479, 240, 'Live Pets', 1, '2019-08-02 13:14:37', '2020-02-03 21:51:47', 1, 144),
(480, 240, 'حيوانات حية ', 2, '2019-08-02 13:14:37', '2020-02-03 21:51:37', 1, 144),
(481, 241, 'Food & Treats', 1, '2019-08-02 13:14:45', '2019-08-02 13:14:45', 1, 1),
(482, 241, 'الطعام والحلوى ', 2, '2019-08-02 13:14:45', '2020-02-03 21:57:57', 1, 144),
(483, 242, 'Supplies & Accessories', 1, '2019-08-02 13:14:52', '2019-08-02 13:14:52', 1, 1),
(484, 242, 'لوازم وإكسسوارات', 2, '2019-08-02 13:14:52', '2020-02-03 22:00:50', 1, 144),
(485, 243, 'Health Care Products', 1, '2019-08-02 13:14:58', '2019-08-02 13:14:58', 1, 1),
(486, 243, 'منتجات الرعاية الصحية', 2, '2019-08-02 13:14:58', '2020-02-03 22:03:39', 1, 144),
(487, 244, 'Athletic Clothes & Shoes', 1, '2019-08-02 13:34:20', '2019-08-02 13:34:20', 1, 1),
(488, 244, 'ملابس وأحذية رياضية ', 2, '2019-08-02 13:34:20', '2020-02-02 19:58:27', 1, 144),
(489, 245, 'Equipment', 1, '2019-08-02 13:34:26', '2019-08-02 13:34:26', 1, 1),
(490, 245, 'معدات ومستلزمات رياضية', 2, '2019-08-02 13:34:26', '2020-02-02 19:58:48', 1, 144),
(491, 246, 'Supplements', 1, '2019-08-02 13:34:31', '2019-08-02 13:34:31', 1, 1),
(492, 246, 'مكملات ', 2, '2019-08-02 13:34:31', '2020-02-02 19:59:36', 1, 144),
(493, 247, 'Accessories', 1, '2019-08-02 13:34:36', '2019-08-02 13:34:36', 1, 1),
(494, 247, 'إكسسوارات رياضية', 2, '2019-08-02 13:34:36', '2020-02-02 20:00:01', 1, 144),
(495, 248, 'Kitchen', 1, '2019-08-02 13:35:05', '2019-08-02 13:35:05', 1, 1),
(496, 248, 'المطبخ', 2, '2019-08-02 13:35:05', '2020-02-01 13:54:14', 1, 144),
(497, 249, 'Garden Supplies', 1, '2019-08-02 13:35:12', '2020-02-01 13:53:42', 1, 144),
(498, 249, 'مستلزمات الحدائق', 2, '2019-08-02 13:35:12', '2020-02-01 13:53:30', 1, 144),
(499, 250, 'Decoration & Accessories', 1, '2019-08-02 13:35:20', '2019-08-02 13:35:20', 1, 1),
(500, 250, 'الديكور وإكسسوارات المنزل', 2, '2019-08-02 13:35:20', '2020-02-01 13:53:04', 1, 144),
(501, 251, 'Furniture', 1, '2019-08-02 13:35:24', '2019-08-02 13:35:24', 1, 1),
(502, 251, 'الأثاث', 2, '2019-08-02 13:35:24', '2020-02-01 13:52:43', 1, 144),
(503, 252, 'Appliances', 1, '2019-08-02 13:35:30', '2019-08-02 13:35:30', 1, 1),
(504, 252, 'الأجهزة الكهربائية', 2, '2019-08-02 13:35:30', '2020-02-01 13:52:32', 1, 144),
(505, 253, 'Clothes & Shoes', 1, '2019-08-02 13:36:01', '2019-08-02 13:36:01', 1, 1),
(506, 253, 'الملابس والأحذية', 2, '2019-08-02 13:36:01', '2020-02-01 12:04:14', 1, 144),
(507, 254, 'Safety & Health', 1, '2019-08-02 13:36:06', '2019-08-02 13:36:06', 1, 1),
(508, 254, 'الصحة والسلامة ', 2, '2019-08-02 13:36:06', '2020-02-01 12:04:39', 1, 144),
(509, 255, 'Feeding', 1, '2019-08-02 13:36:10', '2019-08-02 13:36:10', 1, 1),
(510, 255, 'مستلزمات الإطعام ', 2, '2019-08-02 13:36:10', '2020-02-01 12:05:01', 1, 144),
(511, 256, 'Nursery Furniture', 1, '2019-08-02 13:36:18', '2019-08-02 13:36:18', 1, 1),
(512, 256, 'أثاث حديثي الولادة والأطفال', 2, '2019-08-02 13:36:18', '2020-02-01 12:05:18', 1, 144),
(513, 257, 'Toys & Accessories', 1, '2019-08-02 13:36:25', '2019-08-02 13:36:25', 1, 1),
(514, 257, 'الألعاب والإكسسوارات', 2, '2019-08-02 13:36:25', '2020-02-01 12:05:50', 1, 144),
(515, 258, 'Cars', 1, '2019-08-02 13:37:05', '2019-08-02 13:37:05', 1, 1),
(516, 258, 'سيارات ', 2, '2019-08-02 13:37:05', '2020-02-03 20:03:47', 1, 144),
(517, 259, 'Motorcycle', 1, '2019-08-02 13:37:11', '2019-08-02 13:37:11', 1, 1),
(518, 259, 'دراجات نارية ', 2, '2019-08-02 13:37:11', '2020-02-03 20:15:48', 1, 144),
(519, 260, 'Other Vehicles', 1, '2019-08-02 13:37:18', '2019-08-02 13:37:18', 1, 1),
(520, 260, 'المركبات الأخرى ', 2, '2019-08-02 13:37:18', '2020-02-03 20:16:13', 1, 144),
(521, 261, 'Televisions', 1, '2019-08-02 13:59:46', '2019-08-02 13:59:46', 1, 1),
(522, 261, 'تلفزيونات', 2, '2019-08-02 13:59:46', '2020-02-01 13:20:36', 1, 144),
(523, 262, '3D Glasses', 1, '2019-08-02 14:00:21', '2019-08-02 14:00:21', 1, 1),
(524, 262, 'نظارات ثلاثية الأبعاد', 2, '2019-08-02 14:00:21', '2020-02-01 13:20:56', 1, 144),
(525, 263, 'Satellite Receivers', 1, '2019-08-02 14:01:40', '2019-08-02 14:01:40', 1, 1),
(526, 263, 'أجهزة استقبال القنوات الفضائية - ستالايت', 2, '2019-08-02 14:01:41', '2020-02-01 13:21:42', 1, 144),
(527, 264, 'Tuners', 1, '2019-08-02 14:01:54', '2019-08-02 14:01:54', 1, 1),
(528, 264, 'أجهزة ضبط واستقبال إذاعات الراديو', 2, '2019-08-02 14:01:54', '2020-02-01 13:22:08', 1, 144),
(529, 265, 'TV Mounts & Panel', 1, '2019-08-02 14:02:44', '2019-08-02 14:02:44', 1, 1),
(530, 265, 'حوامل وألواح التلفاز', 2, '2019-08-02 14:02:44', '2020-02-01 13:23:45', 1, 144),
(531, 266, 'TV & Satellite Accessories', 1, '2019-08-02 14:03:37', '2019-08-02 14:03:37', 1, 1),
(532, 266, 'إكسسوارات تلفزيون وأجهزة استقبال', 2, '2019-08-02 14:03:37', '2020-02-01 13:24:11', 1, 144),
(533, 267, 'Universal Remote Controls', 1, '2019-08-02 14:04:12', '2019-08-02 14:04:12', 1, 1),
(534, 267, '(أجهزة التحكم عن بعد (ريموت كنترول', 2, '2019-08-02 14:04:12', '2020-02-01 13:24:28', 1, 144),
(535, 268, 'VCD , VCP & VCR Player', 1, '2019-08-02 14:04:58', '2019-08-02 14:04:58', 1, 1),
(536, 268, 'VCD, VCP and VCR مشغلات', 2, '2019-08-02 14:04:58', '2020-02-01 13:24:47', 1, 144),
(537, 269, 'Amplifiers & Receivers', 1, '2019-08-02 14:05:40', '2019-08-02 14:05:40', 1, 1),
(538, 269, 'مكبرات صوت وأجهزة الاستقبال', 2, '2019-08-02 14:05:40', '2020-02-01 13:25:07', 1, 144),
(539, 270, 'DVD & Blu-Ray Players', 1, '2019-08-02 14:06:21', '2019-08-02 14:06:21', 1, 1),
(540, 270, 'مشغلات دي في دي وبلو راي', 2, '2019-08-02 14:06:21', '2020-02-01 13:25:26', 1, 144),
(541, 271, 'DVD & VCR Combos', 1, '2019-08-02 14:06:50', '2019-08-02 14:06:50', 1, 1),
(542, 271, 'أجهزة فيديو مع دي في دي', 2, '2019-08-02 14:06:50', '2020-02-01 13:25:41', 1, 144),
(543, 272, 'Speakers', 1, '2019-08-02 14:07:05', '2019-08-02 14:07:05', 1, 1),
(544, 272, 'سماعات', 2, '2019-08-02 14:07:05', '2020-02-01 13:26:07', 1, 144),
(545, 273, 'Video Tapes', 1, '2019-08-02 14:07:21', '2019-08-02 14:07:21', 1, 1),
(546, 273, 'أشرطة فيديو', 2, '2019-08-02 14:07:21', '2020-02-01 13:26:28', 1, 144),
(547, 274, 'Home Theater Systems', 1, '2019-08-02 14:07:50', '2019-08-02 14:07:50', 1, 1),
(548, 274, 'أنظمة المسرح المنزلية', 2, '2019-08-02 14:07:50', '2020-02-01 13:26:51', 1, 144),
(549, 275, 'Other Accessories', 1, '2019-08-02 14:08:12', '2019-08-02 14:08:12', 1, 1),
(550, 275, 'إكسسوارات أخرى', 2, '2019-08-02 14:08:12', '2020-02-01 13:27:18', 1, 144),
(551, 276, 'Mobiles', 1, '2019-08-02 14:09:43', '2019-08-02 14:09:43', 1, 1),
(552, 276, 'موبايلات ', 2, '2019-08-02 14:09:43', '2020-02-01 13:10:50', 1, 144),
(553, 277, 'Tablets', 1, '2019-08-02 14:09:54', '2019-08-02 14:09:54', 1, 1),
(554, 277, 'تابلت ', 2, '2019-08-02 14:09:54', '2020-02-01 13:11:03', 1, 144),
(555, 278, 'Batteries', 1, '2019-08-02 14:10:11', '2019-08-02 14:10:11', 1, 1),
(556, 278, 'بطاريات ', 2, '2019-08-02 14:10:11', '2020-02-01 13:11:18', 1, 144),
(557, 279, 'Power Bank', 1, '2019-08-02 14:10:29', '2019-08-02 14:10:29', 1, 1),
(558, 279, 'باور بانك ', 2, '2019-08-02 14:10:29', '2020-02-01 13:11:34', 1, 144),
(559, 280, 'Screen Protectors', 1, '2019-08-02 14:10:51', '2019-08-02 14:10:51', 1, 1),
(560, 280, 'واقيات للشاشة ', 2, '2019-08-02 14:10:51', '2020-02-01 13:11:48', 1, 144),
(561, 281, 'Memory Cards', 1, '2019-08-02 14:11:07', '2019-08-02 14:11:07', 1, 1),
(562, 281, 'كارت تخزين ', 2, '2019-08-02 14:11:07', '2020-02-01 13:12:03', 1, 144),
(563, 282, 'Chargers', 1, '2019-08-02 14:11:22', '2019-08-02 14:11:22', 1, 1),
(564, 282, 'شواحن ', 2, '2019-08-02 14:11:22', '2020-02-01 13:12:19', 1, 144),
(565, 283, 'Headphones', 1, '2019-08-02 14:12:09', '2019-08-02 14:12:09', 1, 1),
(566, 283, 'سماعات ', 2, '2019-08-02 14:12:09', '2020-02-01 13:12:38', 1, 144),
(567, 284, 'Cases', 1, '2019-08-02 14:12:29', '2019-08-02 14:12:29', 1, 1),
(568, 284, 'جرابات ', 2, '2019-08-02 14:12:29', '2020-02-01 13:12:53', 1, 144),
(569, 285, 'Mobile Accessories', 1, '2019-08-02 14:13:01', '2019-08-02 14:13:01', 1, 1),
(570, 285, 'إكسسوارات موبايل', 2, '2019-08-02 14:13:01', '2020-02-01 13:13:16', 1, 144),
(571, 286, 'Tablet Accessories', 1, '2019-08-02 14:13:45', '2019-08-02 14:13:45', 1, 1),
(572, 286, 'إكسسوارات تابلت ', 2, '2019-08-02 14:13:45', '2020-02-01 13:13:39', 1, 144),
(573, 287, 'Brands', 1, '2019-08-02 14:14:39', '2019-08-02 14:14:39', 1, 1),
(574, 287, 'ماركات', 2, '2019-08-02 14:14:39', '2020-02-01 13:14:09', 1, 144),
(575, 288, 'Batteries', 1, '2019-08-02 14:14:54', '2019-08-02 14:14:54', 1, 1),
(576, 288, 'بطاريات ', 2, '2019-08-02 14:14:54', '2020-02-01 13:14:23', 1, 144),
(577, 289, 'Flash Drivers', 1, '2019-08-02 14:15:08', '2019-08-02 14:15:08', 1, 1),
(578, 289, 'فلاشات ', 2, '2019-08-02 14:15:08', '2020-02-01 13:14:37', 1, 144),
(579, 290, 'Microphones', 1, '2019-08-02 14:15:22', '2019-08-02 14:15:22', 1, 1),
(580, 290, 'ميكروفون ', 2, '2019-08-02 14:15:22', '2020-02-01 13:14:55', 1, 144),
(581, 291, 'Mouse', 1, '2019-08-02 14:15:41', '2019-08-02 14:15:41', 1, 1),
(582, 291, 'فأرة ', 2, '2019-08-02 14:15:41', '2020-02-01 13:15:12', 1, 144),
(583, 292, 'Keyboard', 1, '2019-08-02 14:15:57', '2019-08-02 14:15:57', 1, 1),
(584, 292, 'لوحة مفاتيح ', 2, '2019-08-02 14:15:57', '2020-02-01 13:15:30', 1, 144),
(585, 293, 'Mother Boards', 1, '2019-08-02 14:16:14', '2019-08-02 14:16:14', 1, 1),
(586, 293, 'اللوحة الأم ', 2, '2019-08-02 14:16:14', '2020-02-01 13:15:46', 1, 144),
(587, 294, 'Hard Disks', 1, '2019-08-02 14:16:31', '2019-08-02 14:16:31', 1, 1),
(588, 294, 'أقراص صلبة ', 2, '2019-08-02 14:16:31', '2020-02-01 13:16:05', 1, 144),
(589, 295, 'Computer Fans', 1, '2019-08-02 14:16:53', '2019-08-02 14:16:53', 1, 1),
(590, 295, 'Computer Fans', 2, '2019-08-02 14:16:53', '2019-08-02 14:16:53', 1, 1),
(591, 296, 'Computer Fans', 1, '2019-08-02 14:17:07', '2019-08-02 14:17:07', 1, 1),
(592, 296, 'مراوح كمبيوتر ', 2, '2019-08-02 14:17:07', '2020-02-01 13:16:25', 1, 144),
(593, 297, 'Computer Casing', 1, '2019-08-02 14:17:37', '2020-02-01 13:16:52', 1, 144),
(594, 297, 'Computer casing', 2, '2019-08-02 14:17:37', '2019-08-02 14:17:37', 1, 1),
(595, 298, 'Computer Chargers', 1, '2019-08-02 14:18:08', '2019-08-02 14:18:08', 1, 1),
(596, 298, 'شاحن كمبيوتر ', 2, '2019-08-02 14:18:08', '2020-02-01 13:17:19', 1, 144),
(597, 299, 'Sound Cards', 1, '2019-08-02 14:18:31', '2019-08-02 14:18:31', 1, 1),
(598, 299, 'كارت صوت ', 2, '2019-08-02 14:18:31', '2020-02-01 13:17:37', 1, 144),
(599, 300, 'Video Cards', 1, '2019-08-02 14:18:43', '2019-08-02 14:18:43', 1, 1),
(600, 300, 'كارت فيديو ', 2, '2019-08-02 14:18:43', '2020-02-01 13:17:52', 1, 144),
(601, 301, 'Cooling Pads', 1, '2019-08-02 14:18:56', '2019-08-02 14:18:56', 1, 1),
(602, 301, 'منصات تبريد ', 2, '2019-08-02 14:18:56', '2020-02-01 13:18:13', 1, 144),
(603, 302, 'Servers', 1, '2019-08-02 14:19:07', '2019-08-02 14:19:07', 1, 1),
(604, 302, 'سيرفرات ', 2, '2019-08-02 14:19:07', '2020-02-01 13:18:26', 1, 144),
(605, 303, 'Software', 1, '2019-08-02 14:19:27', '2019-08-02 14:19:27', 1, 1),
(606, 303, 'برمجيات ', 2, '2019-08-02 14:19:27', '2020-02-01 13:18:38', 1, 144),
(607, 304, 'CDs', 1, '2019-08-02 14:19:41', '2019-08-02 14:19:41', 1, 1),
(608, 304, 'أقراص سي دي', 2, '2019-08-02 14:19:41', '2020-02-01 13:18:52', 1, 144),
(609, 305, 'Webcams', 1, '2019-08-02 14:19:54', '2019-08-02 14:32:25', 1, 1);
INSERT INTO `categories_text` (`CategoryTextID`, `CategoryID`, `Title`, `SystemLanguageID`, `CreatedAt`, `UpdatedAt`, `CreatedBy`, `UpdatedBy`) VALUES
(610, 305, 'كاميرا الويب ', 2, '2019-08-02 14:19:54', '2020-02-01 13:19:07', 1, 144),
(611, 306, 'Bags & Carry Cases', 1, '2019-08-02 14:20:43', '2020-02-01 13:19:24', 1, 144),
(612, 306, 'حقائب لابتوب ', 2, '2019-08-02 14:20:43', '2020-02-01 13:19:30', 1, 144),
(613, 307, 'Other Accessories', 1, '2019-08-02 14:21:07', '2019-08-02 14:21:07', 1, 1),
(614, 307, 'إكسسوارات ', 2, '2019-08-02 14:21:07', '2020-02-01 13:19:58', 1, 144),
(615, 308, 'Point & Shoot Cameras', 1, '2019-08-02 14:33:51', '2019-08-02 14:33:51', 1, 1),
(616, 308, 'Point & Shoot كاميرات', 2, '2019-08-02 14:33:51', '2020-02-01 13:27:55', 1, 144),
(617, 309, 'DSLR Cameras', 1, '2019-08-02 14:33:57', '2019-08-02 14:35:51', 1, 1),
(618, 309, 'كاميرات رقمية بعدسة أحادية عاكسة', 2, '2019-08-02 14:33:57', '2020-02-01 13:28:18', 1, 144),
(619, 310, 'Action Cameras', 1, '2019-08-02 14:34:04', '2019-08-02 14:34:04', 1, 1),
(620, 310, 'كاميرات الحركة', 2, '2019-08-02 14:34:04', '2020-02-01 13:28:32', 1, 144),
(621, 311, 'Instant Cameras', 1, '2019-08-02 14:34:10', '2019-08-02 14:34:10', 1, 1),
(622, 311, 'كاميرات فورية', 2, '2019-08-02 14:34:10', '2020-02-01 13:28:50', 1, 144),
(623, 312, 'Camcorders & Drones', 1, '2019-08-02 14:34:26', '2019-08-02 14:34:26', 1, 1),
(624, 312, 'كاميرات الفيديو الرقمية والطائرات بدون طيار', 2, '2019-08-02 14:34:26', '2020-02-01 13:29:22', 1, 144),
(625, 313, 'Binoculars & Telescopes', 1, '2019-08-02 14:34:34', '2019-08-02 14:34:34', 1, 1),
(626, 313, 'المناظير والتلسكوبات', 2, '2019-08-02 14:34:34', '2020-02-01 13:29:40', 1, 144),
(627, 314, 'Lenses', 1, '2019-08-02 14:34:38', '2019-08-02 14:34:38', 1, 1),
(628, 314, 'العدسات', 2, '2019-08-02 14:34:38', '2020-02-01 13:29:58', 1, 144),
(629, 315, 'Digital Cameras', 1, '2019-08-02 14:34:43', '2019-08-02 14:34:43', 1, 1),
(630, 315, 'الكاميرات الرقمية', 2, '2019-08-02 14:34:43', '2020-02-01 13:30:12', 1, 144),
(631, 316, 'Video', 1, '2019-08-02 14:34:48', '2019-08-02 14:34:48', 1, 1),
(632, 316, 'الفيديو', 2, '2019-08-02 14:34:48', '2020-02-01 13:30:26', 1, 144),
(633, 317, 'Surveillance Cameras', 1, '2019-08-02 14:34:57', '2019-08-02 14:34:57', 1, 1),
(634, 317, 'كاميرات المراقبة', 2, '2019-08-02 14:34:57', '2020-02-01 13:30:41', 1, 144),
(635, 318, 'Bags & Cases', 1, '2019-08-02 14:35:04', '2019-08-02 14:35:04', 1, 1),
(636, 318, 'الحقائب والعلب', 2, '2019-08-02 14:35:04', '2020-02-01 13:31:00', 1, 144),
(637, 319, 'Camcorders', 1, '2019-08-02 14:35:09', '2019-08-02 14:35:09', 1, 1),
(638, 319, 'كاميرات تسجيل الفيديو', 2, '2019-08-02 14:35:09', '2020-02-01 13:31:17', 1, 144),
(639, 320, 'Flashes', 1, '2019-08-02 14:35:14', '2019-08-02 14:35:14', 1, 1),
(640, 320, 'أجهزة الفلاش', 2, '2019-08-02 14:35:14', '2020-02-01 13:31:33', 1, 144),
(641, 321, 'Other Accessories', 1, '2019-08-02 14:35:20', '2019-08-02 14:35:20', 1, 1),
(642, 321, 'إكسسوارات أخرى', 2, '2019-08-02 14:35:20', '2020-02-01 13:32:00', 1, 144),
(643, 322, 'Smartwatches & Accessories', 1, '2019-08-02 14:38:09', '2019-08-02 14:38:09', 1, 1),
(644, 322, 'الساعات الذكية وإكسسواراتها', 2, '2019-08-02 14:38:09', '2020-02-01 13:32:49', 1, 144),
(645, 323, 'VR Headsets', 1, '2019-08-02 14:38:15', '2019-08-02 14:38:15', 1, 1),
(646, 323, 'أجهزة الواقع الافتراضي ', 2, '2019-08-02 14:38:15', '2020-02-01 13:33:08', 1, 144),
(647, 324, 'Fitness Trackers', 1, '2019-08-02 14:38:21', '2019-08-02 14:38:21', 1, 1),
(648, 324, 'أجهزة تتبع النشاط ', 2, '2019-08-02 14:38:21', '2020-02-01 13:33:22', 1, 144),
(649, 325, 'Projectors', 1, '2019-08-02 14:38:27', '2019-08-02 14:38:27', 1, 1),
(650, 325, 'أجهزة البروجكتور', 2, '2019-08-02 14:38:27', '2020-02-01 13:33:40', 1, 144),
(651, 326, 'Audio Video Accessories', 1, '2019-08-02 14:38:35', '2019-08-02 14:38:35', 1, 1),
(652, 326, 'إكسسوارات أجهزة الصوت والفيديو', 2, '2019-08-02 14:38:35', '2020-02-01 13:33:58', 1, 144),
(653, 327, 'Speakers', 1, '2019-08-02 14:38:41', '2019-08-02 14:38:41', 1, 1),
(654, 327, 'مكبرات الصوت', 2, '2019-08-02 14:38:41', '2020-02-01 13:34:11', 1, 144),
(655, 328, 'Headphones & Earphones', 1, '2019-08-02 14:38:49', '2019-08-02 14:38:49', 1, 1),
(656, 328, 'سماعات الرأس ', 2, '2019-08-02 14:38:49', '2020-02-01 13:34:29', 1, 144),
(657, 329, 'eBook Readers', 1, '2019-08-02 14:38:59', '2019-08-02 14:38:59', 1, 1),
(658, 329, 'قارئ كتب إلكتروني ', 2, '2019-08-02 14:38:59', '2020-02-01 13:35:13', 1, 144),
(659, 330, 'Recording and Studio Equipment', 1, '2019-08-02 14:39:11', '2019-08-02 14:39:11', 1, 1),
(660, 330, 'معدات استوديو', 2, '2019-08-02 14:39:11', '2020-02-01 13:35:50', 1, 144),
(661, 331, 'MP3', 1, '2019-08-02 14:39:16', '2019-08-02 14:39:16', 1, 1),
(662, 331, 'إم بي ثري', 2, '2019-08-02 14:39:16', '2020-02-01 13:36:14', 1, 144),
(663, 332, 'MP4', 1, '2019-08-02 14:39:20', '2019-08-02 14:39:20', 1, 1),
(664, 332, 'إم بي فور ', 2, '2019-08-02 14:39:20', '2020-02-01 13:36:33', 1, 144),
(665, 333, 'Cables', 1, '2019-08-02 14:39:24', '2019-08-02 14:39:24', 1, 1),
(666, 333, 'كابلات ووصلات', 2, '2019-08-02 14:39:24', '2020-02-01 13:36:55', 1, 144),
(667, 334, '3D Printers', 1, '2019-08-02 14:39:30', '2019-08-02 14:39:30', 1, 1),
(668, 334, 'طابعات ثلاثية الأبعاد', 2, '2019-08-02 14:39:30', '2020-02-01 13:37:14', 1, 144),
(669, 335, 'Printers', 1, '2019-08-02 14:39:34', '2019-08-02 14:39:34', 1, 1),
(670, 335, 'طابعات', 2, '2019-08-02 14:39:34', '2020-02-01 13:37:35', 1, 144),
(671, 336, 'Printer & Scanner Accessories', 1, '2019-08-02 14:39:41', '2019-08-02 14:39:41', 1, 1),
(672, 336, 'إكسسوارات طابعات وماسحات', 2, '2019-08-02 14:39:41', '2020-02-01 13:38:00', 1, 144),
(673, 337, 'Scanners', 1, '2019-08-02 14:39:49', '2019-08-02 14:40:27', 1, 1),
(674, 337, 'ماسحات ضوئية', 2, '2019-08-02 14:39:49', '2020-02-01 13:38:17', 1, 144),
(675, 338, 'Other Accessories', 1, '2019-08-02 14:39:55', '2019-08-02 14:39:55', 1, 1),
(676, 338, 'إكسسوارات أخرى', 2, '2019-08-02 14:39:55', '2020-02-01 13:38:40', 1, 144),
(677, 339, 'Fax Machines', 1, '2019-08-02 14:39:59', '2019-08-02 14:39:59', 1, 1),
(678, 339, 'أجهزة الفاكس ', 2, '2019-08-02 14:39:59', '2020-02-01 13:38:54', 1, 144),
(679, 340, 'Pens', 1, '2019-08-02 14:40:59', '2019-08-02 14:40:59', 1, 1),
(680, 340, 'أقلام ', 2, '2019-08-02 14:40:59', '2020-02-02 19:16:24', 1, 144),
(681, 341, 'Pencils', 1, '2019-08-02 14:41:04', '2019-08-02 14:41:04', 1, 1),
(682, 341, 'أقلام رصاص', 2, '2019-08-02 14:41:04', '2020-02-02 19:16:58', 1, 144),
(683, 342, 'Markers & Highlighters', 1, '2019-08-02 14:41:11', '2020-02-02 19:17:23', 1, 144),
(684, 342, 'أقلام الماركر والتظليل', 2, '2019-08-02 14:41:11', '2020-02-02 19:17:17', 1, 144),
(685, 343, 'Cutting & Measuring Tools', 1, '2019-08-02 14:41:20', '2019-08-02 14:41:20', 1, 1),
(686, 343, 'أدوات القطع والقياس', 2, '2019-08-02 14:41:20', '2020-02-02 19:17:41', 1, 144),
(687, 344, 'Notebooks', 1, '2019-08-02 14:41:26', '2019-08-02 14:41:26', 1, 1),
(688, 344, 'دفاتر', 2, '2019-08-02 14:41:26', '2020-02-02 19:18:12', 1, 144),
(689, 345, 'Desk Organisers & Accessories', 1, '2019-08-02 14:41:34', '2019-08-02 14:41:34', 1, 1),
(690, 345, 'ملحقات أدوات تنظيم المكتب ', 2, '2019-08-02 14:41:34', '2020-02-02 19:18:35', 1, 144),
(691, 346, 'Office Electronics', 1, '2019-08-02 14:41:42', '2019-08-02 14:41:42', 1, 1),
(692, 346, 'الإلكترونيات المكتبية ', 2, '2019-08-02 14:41:42', '2020-02-02 19:19:03', 1, 144),
(693, 347, 'Papers', 1, '2019-08-02 14:41:47', '2019-08-02 14:41:47', 1, 1),
(694, 347, 'أوراق ', 2, '2019-08-02 14:41:47', '2020-02-02 19:19:18', 1, 144),
(695, 348, 'Albums', 1, '2019-08-02 14:41:51', '2019-08-02 14:41:51', 1, 1),
(696, 348, 'ألبومات ', 2, '2019-08-02 14:41:51', '2020-02-02 19:19:37', 1, 144),
(697, 349, 'Catalogues', 1, '2019-08-02 14:41:56', '2019-08-02 14:41:56', 1, 1),
(698, 349, 'كاتالوجات ', 2, '2019-08-02 14:41:56', '2020-02-02 19:19:53', 1, 144),
(699, 350, 'Cards', 1, '2019-08-02 14:42:01', '2019-08-02 14:42:01', 1, 1),
(700, 350, 'كروت ', 2, '2019-08-02 14:42:01', '2020-02-02 19:20:13', 1, 144),
(701, 351, 'Bags & Accessories', 1, '2019-08-02 14:42:08', '2020-02-02 19:20:48', 1, 144),
(702, 351, 'شنط وإكسسوارات ', 2, '2019-08-02 14:42:08', '2020-02-02 19:20:37', 1, 144),
(703, 352, 'Gifts', 1, '2019-08-02 14:42:12', '2019-08-02 14:42:12', 1, 1),
(704, 352, 'هدايا ', 2, '2019-08-02 14:42:12', '2020-02-02 19:21:12', 1, 144),
(705, 353, 'Art Supplies', 1, '2019-08-02 14:42:17', '2019-08-02 14:42:17', 1, 1),
(706, 353, 'لوازم التلوين والرسم ', 2, '2019-08-02 14:42:17', '2020-02-02 19:21:37', 1, 144),
(707, 354, 'Services', 1, '2019-10-19 08:46:42', '2019-10-19 08:47:21', 1, 1),
(708, 354, 'الخدمات', 2, '2019-10-19 08:46:42', '2020-02-01 09:57:15', 1, 144),
(709, 355, 'Personal Services', 1, '2019-10-19 08:47:56', '2019-10-19 08:47:56', 1, 1),
(710, 355, 'خدمات شخصية', 2, '2019-10-19 08:47:56', '2020-02-03 21:32:57', 1, 144),
(711, 356, 'Asset Services', 1, '2019-10-19 08:48:23', '2019-10-19 08:48:23', 1, 1),
(712, 356, 'خدمات الممتلكات ', 2, '2019-10-19 08:48:23', '2020-02-03 21:42:24', 1, 144),
(713, 357, 'Business Services', 1, '2019-10-19 08:48:29', '2019-10-19 08:48:29', 1, 1),
(714, 357, 'خدمات المال والأعمال', 2, '2019-10-19 08:48:29', '2020-02-03 21:43:41', 1, 144),
(715, 358, 'Other General Services', 1, '2019-10-19 08:48:38', '2019-10-19 08:48:38', 1, 1),
(716, 358, 'خدمات عامة أخرى', 2, '2019-10-19 08:48:38', '2020-02-01 09:56:22', 1, 144),
(717, 359, 'Fashion & Clothing Services', 1, '2019-10-19 08:49:06', '2019-10-19 08:49:06', 1, 1),
(718, 359, 'خدمات الأزياء والموضة ', 2, '2019-10-19 08:49:06', '2020-02-03 21:33:27', 1, 144),
(719, 360, 'Health & Beauty Services', 1, '2019-10-19 08:49:16', '2019-10-19 08:49:16', 1, 1),
(720, 360, 'خدمات الصحة والجمال', 2, '2019-10-19 08:49:16', '2020-02-03 21:33:48', 1, 144),
(721, 361, 'Baby Services', 1, '2019-10-19 08:49:22', '2019-10-19 08:49:22', 1, 1),
(722, 361, 'خدمات حديثي الولادة والأطفال', 2, '2019-10-19 08:49:22', '2020-02-03 21:34:12', 1, 144),
(723, 362, 'Sports Services', 1, '2019-10-19 08:49:28', '2019-10-19 08:49:28', 1, 1),
(724, 362, 'الخدمات الرياضية', 2, '2019-10-19 08:49:28', '2020-02-03 21:41:45', 1, 144),
(725, 363, 'Electronics Services', 1, '2019-10-19 08:49:50', '2019-10-19 08:49:50', 1, 1),
(726, 363, 'خدمات الإلكترونيات ', 2, '2019-10-19 08:49:50', '2020-02-03 21:42:44', 1, 144),
(727, 364, 'Home Services', 1, '2019-10-19 08:49:57', '2019-10-19 08:49:57', 1, 1),
(728, 364, 'خدمات المنزل', 2, '2019-10-19 08:49:57', '2020-02-03 21:43:02', 1, 144),
(729, 365, 'Motors & Vehicles Services', 1, '2019-10-19 08:50:07', '2019-10-19 08:50:07', 1, 1),
(730, 365, 'خدمات السيارات والمركبات ', 2, '2019-10-19 08:50:07', '2020-02-03 21:43:18', 1, 144),
(731, 366, 'Website Design, IT & Software', 1, '2019-10-19 08:50:50', '2019-10-19 08:50:50', 1, 1),
(732, 366, 'خدمات تصميم المواقع وتكنولوجيا المعلومات', 2, '2019-10-19 08:50:50', '2020-02-03 21:44:17', 1, 144),
(733, 367, 'Translation & Languages', 1, '2019-10-19 08:50:59', '2019-10-19 08:50:59', 1, 1),
(734, 367, 'خدمات الترجمة واللغات ', 2, '2019-10-19 08:50:59', '2020-02-03 21:44:37', 1, 144),
(735, 368, 'Writing & Content', 1, '2019-10-19 08:51:08', '2020-02-03 21:45:03', 1, 144),
(736, 368, 'خدمات الكتابة وصناعة المحتوى ', 2, '2019-10-19 08:51:08', '2020-02-03 21:44:53', 1, 144),
(737, 369, 'Photography & Design Services', 1, '2019-10-19 08:51:18', '2019-10-19 08:51:18', 1, 1),
(738, 369, 'خدمات التصوير والتصميم ', 2, '2019-10-19 08:51:18', '2020-02-03 21:45:20', 1, 144),
(739, 370, 'Marketing Services', 1, '2019-10-19 08:51:25', '2019-10-19 08:51:25', 1, 1),
(740, 370, 'خدمات تسويقية', 2, '2019-10-19 08:51:25', '2020-02-03 21:45:38', 1, 144),
(741, 371, 'Financial Consulting Services', 1, '2019-10-19 08:51:34', '2019-10-19 08:51:34', 1, 1),
(742, 371, 'خدمات الاستشارات المالية', 2, '2019-10-19 08:51:34', '2020-02-03 21:45:55', 1, 144),
(743, 372, 'Management Consulting Services', 1, '2019-10-19 08:51:40', '2019-10-19 08:51:40', 1, 1),
(744, 372, 'خدمات الاستشارات الإدارية', 2, '2019-10-19 08:51:40', '2020-02-03 21:46:33', 1, 144),
(745, 373, 'Legal Consulting Services', 1, '2019-10-19 08:51:46', '2019-10-19 08:51:46', 1, 1),
(746, 373, 'خدمات الاستشارات القانونية', 2, '2019-10-19 08:51:46', '2020-02-03 21:46:51', 1, 144),
(747, 374, 'Delivery, Shipping & Transportation', 1, '2019-10-19 08:52:09', '2019-10-19 08:52:09', 1, 1),
(748, 374, 'خدمات التوصيل والنقل', 2, '2019-10-19 08:52:09', '2020-02-03 21:47:56', 1, 144),
(749, 375, 'Educational Services', 1, '2019-10-19 08:52:16', '2019-10-19 08:52:16', 1, 1),
(750, 375, 'الخدمات التعليمية', 2, '2019-10-19 08:52:16', '2020-02-03 21:48:11', 1, 144),
(751, 376, 'Handcrafts Services', 1, '2019-10-19 08:52:24', '2019-10-19 08:52:24', 1, 1),
(752, 376, 'خدمات الصناعات اليدوية ', 2, '2019-10-19 08:52:24', '2020-02-03 21:48:27', 1, 144),
(753, 377, 'Science & Engineering Services', 1, '2019-10-19 08:52:35', '2019-10-19 08:52:35', 1, 1),
(754, 377, 'خدمات الهندسة والعلوم ', 2, '2019-10-19 08:52:35', '2020-02-03 21:48:44', 1, 144),
(755, 378, 'Shoes', 1, '2019-12-13 09:37:55', '2019-12-13 09:37:55', 1, 1),
(756, 378, 'Shoes', 2, '2019-12-13 09:37:55', '2019-12-13 09:37:55', 1, 1),
(757, 379, 'Lubricants', 1, '2019-12-19 20:19:22', '2019-12-19 20:19:22', 1, 1),
(758, 379, 'Lubricants', 2, '2019-12-19 20:19:22', '2019-12-19 20:19:22', 1, 1),
(759, 380, 'Music', 1, '2020-01-26 00:21:12', '2020-01-26 00:21:12', 1, 1),
(760, 380, 'موسيقى', 2, '2020-01-26 00:21:12', '2020-02-03 21:17:52', 1, 144),
(761, 381, 'Movies', 1, '2020-01-26 00:21:26', '2020-01-26 00:21:26', 1, 1),
(762, 381, 'أفلام', 2, '2020-01-26 00:21:26', '2020-02-03 21:18:29', 1, 144),
(763, 382, 'Books', 1, '2020-01-26 00:21:33', '2020-01-26 00:21:33', 1, 1),
(764, 382, 'كتب', 2, '2020-01-26 00:21:33', '2020-02-03 21:19:04', 1, 144),
(765, 383, 'Games & Toys', 1, '2020-01-26 00:22:13', '2020-01-26 00:22:13', 1, 1),
(766, 383, 'ألعاب', 2, '2020-01-26 00:22:13', '2020-02-03 21:19:40', 1, 144),
(767, 384, 'Bikes', 1, '2020-01-26 00:22:35', '2020-01-26 00:22:35', 1, 1),
(768, 384, 'دراجات ', 2, '2020-01-26 00:22:35', '2020-02-03 21:20:24', 1, 144),
(769, 385, 'Baby Boys Clothes ', 1, '2020-02-01 12:11:41', '2020-02-01 12:23:56', 144, 144),
(770, 385, 'ملابس أولادي', 2, '2020-02-01 12:11:41', '2020-02-01 12:12:02', 144, 144),
(771, 386, 'Baby Boys Shoes', 1, '2020-02-01 12:12:21', '2020-02-01 12:24:12', 144, 144),
(772, 386, 'أحذية أولادي', 2, '2020-02-01 12:12:21', '2020-02-01 12:12:32', 144, 144),
(773, 387, 'Baby Girls Clothes ', 1, '2020-02-01 12:12:51', '2020-02-01 12:24:25', 144, 144),
(774, 387, 'ملابس بناتي', 2, '2020-02-01 12:12:51', '2020-02-01 12:13:35', 144, 144),
(775, 388, 'Baby Girls Shoes', 1, '2020-02-01 12:14:01', '2020-02-01 12:24:38', 144, 144),
(776, 388, 'أحذية بناتي', 2, '2020-02-01 12:14:01', '2020-02-01 12:14:14', 144, 144),
(779, 390, 'Soaps & Cleansers', 1, '2020-02-01 12:18:23', '2020-02-01 12:18:23', 144, 144),
(780, 390, 'صابون ومنظفات البشرة', 2, '2020-02-01 12:18:23', '2020-02-01 12:18:54', 144, 144),
(781, 391, 'Washcloths & Towels', 1, '2020-02-01 12:19:25', '2020-02-01 12:19:25', 144, 144),
(782, 391, 'مناشف الوجه والجسم', 2, '2020-02-01 12:19:25', '2020-02-01 12:19:38', 144, 144),
(783, 392, 'Grooming & Healthcare Kits', 1, '2020-02-01 12:19:54', '2020-02-01 12:19:54', 144, 144),
(784, 392, 'أدوات الزينة والعناية الصحية', 2, '2020-02-01 12:19:54', '2020-02-01 12:20:08', 144, 144),
(785, 393, 'Skin Care', 1, '2020-02-01 12:20:30', '2020-02-01 12:20:30', 144, 144),
(786, 393, 'العناية بالبشرة', 2, '2020-02-01 12:20:30', '2020-02-01 12:20:45', 144, 144),
(787, 394, 'Shampoos', 1, '2020-02-01 12:21:01', '2020-02-01 12:21:01', 144, 144),
(788, 394, 'الشامبو', 2, '2020-02-01 12:21:01', '2020-02-01 12:21:12', 144, 144),
(789, 395, 'Sun Protection', 1, '2020-02-01 12:21:27', '2020-02-01 12:21:27', 144, 144),
(790, 395, 'واقي من الشمس', 2, '2020-02-01 12:21:27', '2020-02-01 12:21:58', 144, 144),
(791, 396, 'Disposable Diapers', 1, '2020-02-01 12:22:12', '2020-02-01 12:22:12', 144, 144),
(792, 396, 'حفاضات ', 2, '2020-02-01 12:22:12', '2020-02-01 12:22:26', 144, 144),
(793, 397, 'Wipes & Holders', 1, '2020-02-01 12:22:45', '2020-02-01 12:22:45', 144, 144),
(794, 397, 'مناديل مبللة ', 2, '2020-02-01 12:22:45', '2020-02-01 12:22:56', 144, 144),
(795, 398, 'Food Mills & Storage', 1, '2020-02-01 12:26:56', '2020-02-01 12:26:56', 144, 144),
(796, 398, 'أدوات طحن وتخزين الطعام', 2, '2020-02-01 12:26:56', '2020-02-01 12:27:18', 144, 144),
(797, 399, 'Bottle-Feeding', 1, '2020-02-01 12:27:50', '2020-02-01 12:27:50', 144, 144),
(798, 399, 'إرضاع بالزجاجة', 2, '2020-02-01 12:27:50', '2020-02-01 12:28:00', 144, 144),
(799, 400, 'Solid Feeding', 1, '2020-02-01 12:28:16', '2020-02-01 12:28:16', 144, 144),
(800, 400, 'أدوات الإطعام الصلبة', 2, '2020-02-01 12:28:16', '2020-02-01 12:28:30', 144, 144),
(801, 401, 'Breastfeeding', 1, '2020-02-01 12:28:58', '2020-02-01 12:28:58', 144, 144),
(802, 401, 'أدوات الرضاعة الطبيعية', 2, '2020-02-01 12:28:58', '2020-02-01 12:29:08', 144, 144),
(803, 402, 'Bibs', 1, '2020-02-01 12:29:24', '2020-02-01 12:29:24', 144, 144),
(804, 402, 'مرايل', 2, '2020-02-01 12:29:24', '2020-02-01 12:29:33', 144, 144),
(805, 403, 'Baby Beverages', 1, '2020-02-01 12:29:54', '2020-02-01 12:29:54', 144, 144),
(806, 403, 'مشروبات الأطفال', 2, '2020-02-01 12:29:54', '2020-02-01 12:30:07', 144, 144),
(807, 404, 'Baby Biscuit', 1, '2020-02-01 12:30:22', '2020-02-01 12:30:22', 144, 144),
(808, 404, 'بسكويت الأطفال', 2, '2020-02-01 12:30:22', '2020-02-01 12:30:35', 144, 144),
(809, 405, 'Baby Cereals', 1, '2020-02-01 12:30:49', '2020-02-01 12:30:49', 144, 144),
(810, 405, 'حبوب الطفل', 2, '2020-02-01 12:30:49', '2020-02-01 12:31:03', 144, 144),
(811, 406, 'Baby Food', 1, '2020-02-01 12:31:17', '2020-02-01 12:31:17', 144, 144),
(812, 406, 'طعام الأطفال', 2, '2020-02-01 12:31:17', '2020-02-01 12:31:33', 144, 144),
(813, 407, 'Baby Formulas', 1, '2020-02-01 12:31:48', '2020-02-01 12:31:48', 144, 144),
(814, 407, 'أطعمة الطفل المعادلة', 2, '2020-02-01 12:31:48', '2020-02-01 12:32:01', 144, 144),
(815, 408, 'Highchairs & Booster Seats', 1, '2020-02-01 12:32:58', '2020-02-01 12:32:58', 144, 144),
(816, 408, 'الكراسي الطويلة والمقاعد', 2, '2020-02-01 12:32:58', '2020-02-01 12:33:11', 144, 144),
(817, 409, 'Car Seats', 1, '2020-02-01 12:33:31', '2020-02-01 12:33:31', 144, 144),
(818, 409, 'مقاعد السيارة ', 2, '2020-02-01 12:33:31', '2020-02-01 12:33:42', 144, 144),
(819, 410, 'Bathing Tubs & Seats', 1, '2020-02-01 12:33:57', '2020-02-01 12:33:57', 144, 144),
(820, 410, 'أحواض ومقاعد الاستحمام', 2, '2020-02-01 12:33:57', '2020-02-01 12:34:10', 144, 144),
(821, 411, '  Baby Crib Beds ', 1, '2020-02-01 12:34:24', '2020-02-01 12:34:24', 144, 144),
(822, 411, 'سرير لحديثي الولادة ', 2, '2020-02-01 12:34:24', '2020-02-01 12:34:38', 144, 144),
(823, 412, '  Gliders, Ottomans & Nursery Chairs ', 1, '2020-02-01 12:34:56', '2020-02-01 12:34:56', 144, 144),
(824, 412, 'مقاعد متأرجحة ', 2, '2020-02-01 12:34:56', '2020-02-01 12:35:06', 144, 144),
(825, 413, '  Baby Changing Pads ', 1, '2020-02-01 12:35:21', '2020-02-01 12:35:21', 144, 144),
(826, 413, 'منضدة تغيير للأطفال  ', 2, '2020-02-01 12:35:21', '2020-02-01 12:36:07', 144, 144),
(827, 414, '  Nursery Furniture Sets ', 1, '2020-02-01 12:36:22', '2020-02-01 12:36:22', 144, 144),
(828, 414, 'مجموعات الأثاث', 2, '2020-02-01 12:36:22', '2020-02-01 12:36:35', 144, 144),
(829, 415, '  Portable Cribs ', 1, '2020-02-01 12:37:19', '2020-02-01 12:37:19', 144, 144),
(830, 415, 'أسرة محمولة ', 2, '2020-02-01 12:37:19', '2020-02-01 12:37:30', 144, 144),
(831, 416, '  Portable Changing Pads ', 1, '2020-02-01 12:37:45', '2020-02-01 12:37:45', 144, 144),
(832, 416, 'منضدة تغيير للأطفال محمولة ', 2, '2020-02-01 12:37:45', '2020-02-01 12:38:03', 144, 144),
(833, 417, '  Toddler Beds ', 1, '2020-02-01 12:38:18', '2020-02-01 12:38:18', 144, 144),
(834, 417, 'سرير للأطفال', 2, '2020-02-01 12:38:18', '2020-02-01 12:38:32', 144, 144),
(835, 418, '  Cradles ', 1, '2020-02-01 12:38:47', '2020-02-01 12:38:47', 144, 144),
(836, 418, 'مهد متأرجح ', 2, '2020-02-01 12:38:47', '2020-02-01 12:38:57', 144, 144),
(837, 419, '  Baby Mattresses ', 1, '2020-02-01 12:39:12', '2020-02-01 12:39:12', 144, 144),
(838, 419, 'سرير أطفال مع فراش', 2, '2020-02-01 12:39:12', '2020-02-01 12:39:30', 144, 144),
(839, 420, '  Bassinets ', 1, '2020-02-01 12:39:43', '2020-02-01 12:39:43', 144, 144),
(840, 420, 'حقيبة لحمل الطفل', 2, '2020-02-01 12:39:43', '2020-02-01 12:39:55', 144, 144),
(841, 421, '  Changing Tables ', 1, '2020-02-01 12:40:08', '2020-02-01 12:40:08', 144, 144),
(842, 421, 'منضدة للتغيير للطفل', 2, '2020-02-01 12:40:08', '2020-02-01 12:40:33', 144, 144),
(843, 422, '  Moses Baskets ', 1, '2020-02-01 12:40:49', '2020-02-01 12:40:49', 144, 144),
(844, 422, 'سلة الطفل ', 2, '2020-02-01 12:40:49', '2020-02-01 12:41:01', 144, 144),
(845, 423, '  Baby Dressers ', 1, '2020-02-01 12:41:18', '2020-02-01 12:41:18', 144, 144),
(846, 423, 'تسريحة لغرفة الأطفال', 2, '2020-02-01 12:41:18', '2020-02-01 12:41:32', 144, 144),
(847, 424, '  Bedside Cots ', 1, '2020-02-01 12:41:49', '2020-02-01 12:41:49', 144, 144),
(848, 424, 'سرير متنقل ', 2, '2020-02-01 12:41:49', '2020-02-01 12:42:23', 144, 144),
(849, 425, '  Nursery Storage ', 1, '2020-02-01 12:42:37', '2020-02-01 12:42:37', 144, 144),
(850, 425, 'أدوات تخزين ', 2, '2020-02-01 12:42:37', '2020-02-01 12:42:57', 144, 144),
(851, 426, '  Playard Mattresses ', 1, '2020-02-01 12:49:22', '2020-02-01 12:49:22', 144, 144),
(852, 426, 'مرتبة للأطفال', 2, '2020-02-01 12:49:22', '2020-02-01 12:49:55', 144, 144),
(853, 427, '  Toddler Armchairs ', 1, '2020-02-01 12:50:22', '2020-02-01 12:50:22', 144, 144),
(854, 427, 'كرسي للأطفال', 2, '2020-02-01 12:50:22', '2020-02-01 12:50:38', 144, 144),
(855, 428, 'Pacifiers & Accessories', 1, '2020-02-01 12:51:15', '2020-02-01 12:51:15', 144, 144),
(856, 428, 'لهايات الأطفال وإكسسواراتها', 2, '2020-02-01 12:51:15', '2020-02-01 12:51:33', 144, 144),
(857, 429, 'Toy Gift Sets', 1, '2020-02-01 12:51:50', '2020-02-01 12:51:50', 144, 144),
(858, 429, 'مجموعات هدايا الألعاب', 2, '2020-02-01 12:51:50', '2020-02-01 12:52:00', 144, 144),
(859, 430, 'Stuffed Animals & Toys', 1, '2020-02-01 12:52:28', '2020-02-01 12:52:28', 144, 144),
(860, 430, 'الألعاب ودمى الحيوانات المحشوة', 2, '2020-02-01 12:52:28', '2020-02-01 12:52:48', 144, 144),
(861, 431, 'Blocks', 1, '2020-02-01 12:53:28', '2020-02-01 12:53:28', 144, 144),
(862, 431, 'المكعبات', 2, '2020-02-01 12:53:28', '2020-02-01 12:53:40', 144, 144),
(863, 432, 'Activity Centers', 1, '2020-02-01 12:53:56', '2020-02-01 12:53:56', 144, 144),
(864, 432, 'ألعاب الأنشطة', 2, '2020-02-01 12:53:56', '2020-02-01 12:54:14', 144, 144),
(865, 433, 'Rattles', 1, '2020-02-01 12:54:31', '2020-02-01 12:54:31', 144, 144),
(866, 433, 'الخشخيشات', 2, '2020-02-01 12:54:31', '2020-02-01 12:54:43', 144, 144),
(867, 434, 'Teethers', 1, '2020-02-01 12:55:07', '2020-02-01 12:55:07', 144, 144),
(868, 434, 'عضاضات الأسنان', 2, '2020-02-01 12:55:07', '2020-02-01 12:55:18', 144, 144),
(869, 435, 'Stacking & Nesting Toys', 1, '2020-02-01 12:55:35', '2020-02-01 12:55:35', 144, 144),
(870, 435, 'ألعاب الرص والأشكال المتداخلة', 2, '2020-02-01 12:55:35', '2020-02-01 12:55:54', 144, 144),
(871, 436, 'Bath Toys', 1, '2020-02-01 12:56:09', '2020-02-01 12:56:09', 144, 144),
(872, 436, 'ألعاب الاستحمام', 2, '2020-02-01 12:56:09', '2020-02-01 12:56:21', 144, 144),
(873, 437, 'Rocking & Spring Ride-ons', 1, '2020-02-01 12:56:39', '2020-02-01 12:56:39', 144, 144),
(874, 437, 'ألعاب الركوب المتأرجحة', 2, '2020-02-01 12:56:39', '2020-02-01 12:56:54', 144, 144),
(875, 438, 'Car Seat & Stroller Toys', 1, '2020-02-01 12:57:10', '2020-02-01 12:57:10', 144, 144),
(876, 438, 'ألعاب لمقعد السيارة والعربة', 2, '2020-02-01 12:57:10', '2020-02-01 12:57:36', 144, 144),
(877, 439, 'Hammering & Pounding Toys', 1, '2020-02-01 12:57:57', '2020-02-01 12:57:57', 144, 144),
(878, 439, 'ألعاب الطرق والركل', 2, '2020-02-01 12:57:57', '2020-02-01 12:58:08', 144, 144),
(879, 440, 'Crib Toys & Attachments', 1, '2020-02-01 12:58:25', '2020-02-01 12:58:25', 144, 144),
(880, 440, 'ألعاب وملحقات سرير الطفل', 2, '2020-02-01 12:58:25', '2020-02-01 12:58:37', 144, 144),
(881, 441, 'Shape Sorters', 1, '2020-02-01 12:58:56', '2020-02-01 12:58:56', 144, 144),
(882, 441, 'ألعاب فرز أشكال', 2, '2020-02-01 12:58:56', '2020-02-01 12:59:12', 144, 144),
(883, 442, 'Baby Gyms & Playmats', 1, '2020-02-01 12:59:34', '2020-02-01 12:59:34', 144, 144),
(884, 442, 'أبسطة لعب وصالة رياضية للأطفال', 2, '2020-02-01 12:59:34', '2020-02-01 12:59:49', 144, 144),
(885, 443, 'Music & Sound', 1, '2020-02-01 13:00:09', '2020-02-01 13:00:09', 144, 144),
(886, 443, 'الموسيقى والصوت', 2, '2020-02-01 13:00:09', '2020-02-01 13:00:24', 144, 144),
(887, 444, 'Push & Pull Toys', 1, '2020-02-01 13:00:40', '2020-02-01 13:00:40', 144, 144),
(888, 444, 'ألعاب الدفع والسحب', 2, '2020-02-01 13:00:40', '2020-02-01 13:00:51', 144, 144),
(889, 445, 'Air Conditioners & Coolers', 1, '2020-02-02 17:14:03', '2020-02-02 17:14:03', 144, 144),
(890, 445, 'مكيفات هواء', 2, '2020-02-02 17:14:03', '2020-02-02 17:15:37', 144, 144),
(891, 446, 'Air Treatment', 1, '2020-02-02 17:16:02', '2020-02-02 17:16:02', 144, 144),
(892, 446, 'ملطفات الجو', 2, '2020-02-02 17:16:02', '2020-02-02 17:16:22', 144, 144),
(893, 447, 'Fans', 1, '2020-02-02 17:16:45', '2020-02-02 17:16:45', 144, 144),
(894, 447, 'مراوح', 2, '2020-02-02 17:16:45', '2020-02-02 17:16:58', 144, 144),
(895, 448, 'Heaters', 1, '2020-02-02 17:17:18', '2020-02-02 17:17:18', 144, 144),
(896, 448, 'مدافئ', 2, '2020-02-02 17:17:18', '2020-02-02 17:17:30', 144, 144),
(897, 449, 'Water Heaters', 1, '2020-02-02 17:17:48', '2020-02-02 17:17:48', 144, 144),
(898, 449, 'سخانات الماء', 2, '2020-02-02 17:17:48', '2020-02-02 17:51:41', 144, 144),
(899, 450, 'Irons', 1, '2020-02-02 17:18:16', '2020-02-02 17:18:16', 144, 144),
(900, 450, 'مكاوي', 2, '2020-02-02 17:18:16', '2020-02-02 17:18:30', 144, 144),
(901, 451, 'Sewing & Accessories', 1, '2020-02-02 17:18:41', '2020-02-02 17:18:41', 144, 144),
(902, 451, 'الخياطة وملحقاتها', 2, '2020-02-02 17:18:41', '2020-02-02 17:19:03', 144, 144),
(903, 452, 'Steam Cleaners', 1, '2020-02-02 17:19:17', '2020-02-02 17:19:17', 144, 144),
(904, 452, 'منظفات بالبخار', 2, '2020-02-02 17:19:17', '2020-02-02 17:19:30', 144, 144),
(905, 453, 'Dryers', 1, '2020-02-02 17:19:43', '2020-02-02 17:19:43', 144, 144),
(906, 453, 'نشافات وحماصات', 2, '2020-02-02 17:19:43', '2020-02-02 17:49:49', 144, 144),
(907, 454, 'Washers Dryers 2 in 1', 1, '2020-02-02 17:50:05', '2020-02-02 17:50:05', 144, 144),
(908, 454, 'غسالات نشافات', 2, '2020-02-02 17:50:05', '2020-02-02 17:50:20', 144, 144),
(909, 455, 'Washing Machines', 1, '2020-02-02 17:50:36', '2020-02-02 17:50:36', 144, 144),
(910, 455, 'غسالات', 2, '2020-02-02 17:50:36', '2020-02-02 17:50:50', 144, 144),
(913, 457, 'Vacuum Floor Care Accessories', 1, '2020-02-02 17:52:09', '2020-02-02 17:52:09', 144, 144),
(914, 457, 'إكسسوارات المكانس الكهربائية', 2, '2020-02-02 17:52:09', '2020-02-02 17:52:31', 144, 144),
(915, 458, 'Appliances Parts & Accessories', 1, '2020-02-02 17:52:48', '2020-02-02 17:52:48', 144, 144),
(916, 458, 'ملحقات وإكسسوارات الأجهزة المنزلية', 2, '2020-02-02 17:52:48', '2020-02-02 17:53:06', 144, 144),
(917, 459, 'Vacuum Cleaners', 1, '2020-02-02 17:53:19', '2020-02-02 17:53:19', 144, 144),
(918, 459, 'المكانس الكهربائية', 2, '2020-02-02 17:53:19', '2020-02-02 17:53:39', 144, 144),
(919, 460, 'Trash Compactors', 1, '2020-02-02 17:53:53', '2020-02-02 17:53:53', 144, 144),
(920, 460, 'ضواغط القمامة ', 2, '2020-02-02 17:53:53', '2020-02-02 17:54:05', 144, 144),
(921, 461, 'Beds & Bed Frames', 1, '2020-02-02 17:54:50', '2020-02-02 17:54:50', 144, 144),
(922, 461, 'الأسرّة وهياكل الأسرّة ', 2, '2020-02-02 17:54:50', '2020-02-02 17:55:06', 144, 144),
(923, 462, 'Mattresses & Box Springs', 1, '2020-02-02 18:00:42', '2020-02-02 18:00:42', 144, 144),
(924, 462, 'المراتب وصناديق اليايات ', 2, '2020-02-02 18:00:42', '2020-02-02 18:01:12', 144, 144),
(925, 463, 'Bedroom Armoires', 1, '2020-02-02 18:06:59', '2020-02-02 18:06:59', 144, 144),
(926, 463, 'خزائن غرف النوم ', 2, '2020-02-02 18:06:59', '2020-02-02 18:07:32', 144, 144),
(927, 464, 'Tables', 1, '2020-02-02 18:07:48', '2020-02-02 18:07:48', 144, 144),
(928, 464, 'طاولات ', 2, '2020-02-02 18:07:48', '2020-02-02 18:08:02', 144, 144),
(929, 465, 'Chairs', 1, '2020-02-02 18:08:15', '2020-02-02 18:08:15', 144, 144),
(930, 465, 'كراسي ', 2, '2020-02-02 18:08:15', '2020-02-02 18:08:29', 144, 144),
(931, 466, 'Sofas & Couches', 1, '2020-02-02 18:08:42', '2020-02-02 18:08:42', 144, 144),
(932, 466, 'أرائك وصوفا', 2, '2020-02-02 18:08:42', '2020-02-02 18:08:59', 144, 144),
(933, 467, 'Chaise Lounges', 1, '2020-02-02 18:09:18', '2020-02-02 18:09:18', 144, 144),
(934, 467, 'أرائك الاسترخاء', 2, '2020-02-02 18:09:18', '2020-02-02 18:09:29', 144, 144),
(935, 468, 'Kids\' Furniture', 1, '2020-02-02 18:09:44', '2020-02-02 18:09:44', 144, 144),
(936, 468, 'أساس غرف الأطفال ', 2, '2020-02-02 18:09:44', '2020-02-02 18:10:01', 144, 144),
(937, 469, 'Game & Recreation Room Furniture', 1, '2020-02-02 18:10:18', '2020-02-02 18:10:18', 144, 144),
(938, 469, 'أساس غرف الترفيه ', 2, '2020-02-02 18:10:18', '2020-02-02 18:10:32', 144, 144),
(939, 470, 'Entryway Furniture', 1, '2020-02-02 18:10:46', '2020-02-02 18:10:46', 144, 144),
(940, 470, 'أساس المداخل ', 2, '2020-02-02 18:10:46', '2020-02-02 18:10:58', 144, 144),
(941, 471, 'Bean Bags ', 1, '2020-02-02 18:11:17', '2020-02-02 18:11:17', 144, 144),
(942, 471, 'بين باج', 2, '2020-02-02 18:11:17', '2020-02-02 18:11:30', 144, 144),
(943, 472, 'Storage & Organization', 1, '2020-02-02 18:11:45', '2020-02-02 18:11:45', 144, 144),
(944, 472, 'أثاث التخزين والتنظيم ', 2, '2020-02-02 18:11:45', '2020-02-02 18:12:04', 144, 144),
(945, 473, 'Artificial Flower & Plants', 1, '2020-02-02 18:12:58', '2020-02-02 18:12:58', 144, 144),
(946, 473, 'أزهار ونباتات صناعية', 2, '2020-02-02 18:12:58', '2020-02-02 18:13:13', 144, 144),
(947, 474, 'Candles & Holders', 1, '2020-02-02 18:13:38', '2020-02-02 18:13:38', 144, 144),
(948, 474, 'شموع وشمعدانات', 2, '2020-02-02 18:13:38', '2020-02-02 18:13:53', 144, 144),
(949, 475, 'Clocks', 1, '2020-02-02 18:14:06', '2020-02-02 18:14:06', 144, 144),
(950, 475, 'ساعات', 2, '2020-02-02 18:14:06', '2020-02-02 18:14:16', 144, 144),
(951, 476, 'Curtains', 1, '2020-02-02 18:14:37', '2020-02-02 18:14:37', 144, 144),
(952, 476, 'ستائر', 2, '2020-02-02 18:14:37', '2020-02-02 18:14:47', 144, 144),
(953, 477, 'Decorative Pillows & Cushions', 1, '2020-02-02 18:15:08', '2020-02-02 18:15:08', 144, 144),
(954, 477, 'مساند ووسائد للديكور', 2, '2020-02-02 18:15:08', '2020-02-02 18:15:27', 144, 144),
(955, 478, ' Paintings & Photo Frames', 1, '2020-02-02 18:35:42', '2020-02-02 18:35:42', 144, 144),
(956, 478, 'لوحات وإطارات صور', 2, '2020-02-02 18:35:42', '2020-02-02 18:36:00', 144, 144),
(957, 479, 'Flowers', 1, '2020-02-02 18:36:15', '2020-02-02 18:36:15', 144, 144),
(958, 479, 'ورد', 2, '2020-02-02 18:36:15', '2020-02-02 18:36:28', 144, 144),
(959, 480, 'Home Decor', 1, '2020-02-02 18:36:41', '2020-02-02 18:36:41', 144, 144),
(960, 480, 'ديكور المنزل', 2, '2020-02-02 18:36:41', '2020-02-02 18:36:52', 144, 144),
(961, 481, 'Mirrors', 1, '2020-02-02 18:37:03', '2020-02-02 18:37:03', 144, 144),
(962, 481, 'مرايا', 2, '2020-02-02 18:37:03', '2020-02-02 18:37:13', 144, 144),
(963, 482, 'Party Supplies', 1, '2020-02-02 18:37:25', '2020-02-02 18:37:25', 144, 144),
(964, 482, 'لوازم حفلات ومناسبات خاصة', 2, '2020-02-02 18:37:25', '2020-02-02 18:37:40', 144, 144),
(965, 483, 'Rugs & Carpets', 1, '2020-02-02 18:37:53', '2020-02-02 18:37:53', 144, 144),
(966, 483, 'بُسط وسجاد', 2, '2020-02-02 18:37:53', '2020-02-02 18:38:06', 144, 144),
(967, 484, 'Storage & Organization', 1, '2020-02-02 18:38:24', '2020-02-02 18:38:24', 144, 144),
(968, 484, 'منظمات وأدوات تخزين', 2, '2020-02-02 18:38:24', '2020-02-02 18:38:49', 144, 144),
(969, 485, 'Vases', 1, '2020-02-02 18:39:02', '2020-02-02 18:39:02', 144, 144),
(970, 485, 'مزهريات', 2, '2020-02-02 18:39:02', '2020-02-02 18:39:13', 144, 144),
(971, 486, 'Wallpapers & Decals', 1, '2020-02-02 18:39:24', '2020-02-02 18:39:24', 144, 144),
(972, 486, 'ورق جدران وملصقات الحائط', 2, '2020-02-02 18:39:24', '2020-02-02 18:39:54', 144, 144),
(973, 487, 'Lighting & Lamps', 1, '2020-02-02 18:40:07', '2020-02-02 18:40:07', 144, 144),
(974, 487, 'وحدات إنارة ', 2, '2020-02-02 18:40:07', '2020-02-02 18:40:32', 144, 144),
(975, 488, 'Trash & Recycling', 1, '2020-02-02 18:40:50', '2020-02-02 18:40:50', 144, 144),
(976, 488, 'قمامة وإعادة تدوير ', 2, '2020-02-02 18:40:50', '2020-02-02 18:41:14', 144, 144),
(977, 489, 'Racks, Shelves & Drawers', 1, '2020-02-02 18:41:27', '2020-02-02 18:41:27', 144, 144),
(978, 489, 'رفوف وأدراج ', 2, '2020-02-02 18:41:27', '2020-02-02 18:41:42', 144, 144),
(979, 490, 'Door Hardware & Locks', 1, '2020-02-02 18:41:58', '2020-02-02 18:41:58', 144, 144),
(980, 490, 'أقفال ومكونات أبواب', 2, '2020-02-02 18:41:58', '2020-02-02 18:42:10', 144, 144),
(981, 491, 'Adhesives & Sealers', 1, '2020-02-02 18:42:24', '2020-02-02 18:42:24', 144, 144),
(982, 491, 'المواد اللاصقة ومواد إحكام الغلق', 2, '2020-02-02 18:42:24', '2020-02-02 18:42:49', 144, 144),
(983, 492, 'Padlocks & Hasps', 1, '2020-02-02 18:43:12', '2020-02-02 18:43:12', 144, 144),
(984, 492, 'أقفال ومشابك', 2, '2020-02-02 18:43:12', '2020-02-02 18:43:35', 144, 144),
(985, 493, 'Slipcovers', 1, '2020-02-02 18:44:03', '2020-02-02 18:44:03', 144, 144),
(986, 493, 'أغطية قماشية ', 2, '2020-02-02 18:44:03', '2020-02-02 18:44:22', 144, 144),
(987, 494, 'Home Fragrance ', 1, '2020-02-02 18:44:40', '2020-02-02 18:44:40', 144, 144),
(988, 494, 'عطور منزلية ', 2, '2020-02-02 18:44:40', '2020-02-02 18:45:02', 144, 144),
(989, 495, 'Kids Room Decor', 1, '2020-02-02 18:45:16', '2020-02-02 18:45:16', 144, 144),
(990, 495, 'ديكور غرف الأطفال ', 2, '2020-02-02 18:45:16', '2020-02-02 18:45:30', 144, 144),
(991, 496, 'Photo Albums & Accessories', 1, '2020-02-02 18:45:46', '2020-02-02 18:45:46', 144, 144),
(992, 496, 'Photo Albums & Accessories', 2, '2020-02-02 18:45:46', '2020-02-02 18:45:46', 144, 144),
(993, 497, 'Photo Albums & Accessories', 1, '2020-02-02 18:46:14', '2020-02-02 18:46:14', 144, 144),
(994, 497, 'ألبومات الصور وإكسسواراتها ', 2, '2020-02-02 18:46:14', '2020-02-02 18:46:33', 144, 144),
(995, 498, 'Nursery Keepsakes', 1, '2020-02-02 18:46:58', '2020-02-02 18:46:58', 144, 144),
(996, 498, 'تذكارات الأطفال', 2, '2020-02-02 18:46:58', '2020-02-02 18:47:23', 144, 144),
(997, 499, 'Doormats', 1, '2020-02-02 18:47:38', '2020-02-02 18:47:38', 144, 144),
(998, 499, 'Doormats', 2, '2020-02-02 18:47:38', '2020-02-02 18:47:38', 144, 144),
(999, 500, 'Building Supplies', 1, '2020-02-02 18:47:55', '2020-02-02 18:47:55', 144, 144),
(1000, 500, 'مستلزمات البناء', 2, '2020-02-02 18:47:55', '2020-02-02 18:49:14', 144, 144),
(1001, 501, 'Electrical', 1, '2020-02-02 18:48:29', '2020-02-02 18:48:29', 144, 144),
(1002, 501, 'مستلزمات كهربائية', 2, '2020-02-02 18:48:29', '2020-02-02 18:48:43', 144, 144),
(1003, 502, 'Hardware', 1, '2020-02-02 18:49:36', '2020-02-02 18:49:36', 144, 144),
(1004, 502, 'المعدات', 2, '2020-02-02 18:49:36', '2020-02-02 18:49:55', 144, 144),
(1005, 503, 'Painting Supplies & Wall Treatments', 1, '2020-02-02 18:50:08', '2020-02-02 18:50:08', 144, 144),
(1006, 503, 'لوازم الطلاء ومعالجة الحائط', 2, '2020-02-02 18:50:08', '2020-02-02 18:50:31', 144, 144),
(1007, 504, 'Power & Hand Tools', 1, '2020-02-02 18:50:56', '2020-02-02 18:50:56', 144, 144),
(1008, 504, 'الأدوات الكهربائية واليدوية', 2, '2020-02-02 18:50:56', '2020-02-02 18:51:11', 144, 144),
(1009, 505, 'Safety & Security', 1, '2020-02-02 18:51:28', '2020-02-02 18:51:28', 144, 144),
(1010, 505, 'مستلزمات السلامة والأمن', 2, '2020-02-02 18:51:28', '2020-02-02 18:51:45', 144, 144),
(1011, 506, 'Bedding', 1, '2020-02-02 18:52:20', '2020-02-02 18:52:20', 144, 144),
(1012, 506, 'مستلزمات السرير ', 2, '2020-02-02 18:52:20', '2020-02-02 18:52:40', 144, 144),
(1013, 507, 'Office Supplies & Equipment', 1, '2020-02-02 18:52:55', '2020-02-02 18:52:55', 144, 144),
(1014, 507, 'مستلزمات المكتب', 2, '2020-02-02 18:52:55', '2020-02-02 18:53:13', 144, 144),
(1015, 508, 'Bathroom Fixtures', 1, '2020-02-02 18:53:32', '2020-02-02 18:53:32', 144, 144),
(1016, 508, 'تجهيزات الحمام ', 2, '2020-02-02 18:53:32', '2020-02-02 18:53:53', 144, 144),
(1017, 509, 'Barbecue Tools & Grill Accessories', 1, '2020-02-02 18:56:22', '2020-02-02 18:56:22', 144, 144),
(1018, 509, 'أدوات الشوي وملحقاتها', 2, '2020-02-02 18:56:22', '2020-02-02 18:56:36', 144, 144),
(1019, 510, 'Flowers', 1, '2020-02-02 18:57:02', '2020-02-02 18:57:02', 144, 144),
(1020, 510, 'ورد', 2, '2020-02-02 18:57:02', '2020-02-02 18:57:12', 144, 144),
(1021, 511, 'Garden Decoration', 1, '2020-02-02 18:57:25', '2020-02-02 18:57:25', 144, 144),
(1022, 511, 'ديكور الحديقة', 2, '2020-02-02 18:57:25', '2020-02-02 18:57:39', 144, 144),
(1023, 512, 'Garden Furniture', 1, '2020-02-02 18:57:52', '2020-02-02 18:57:52', 144, 144),
(1024, 512, 'أثاث الحديقة', 2, '2020-02-02 18:57:52', '2020-02-02 18:58:03', 144, 144),
(1025, 513, 'Gardening & Watering Supplies', 1, '2020-02-02 18:58:28', '2020-02-02 18:58:28', 144, 144),
(1026, 513, 'مستلزمات الحدائق وأدوات ريها', 2, '2020-02-02 18:58:28', '2020-02-02 18:58:44', 144, 144),
(1027, 514, 'Grills & Smokers', 1, '2020-02-02 18:58:56', '2020-02-02 18:58:56', 144, 144),
(1028, 514, 'الشوايات والمدخنات', 2, '2020-02-02 18:58:56', '2020-02-02 18:59:12', 144, 144),
(1029, 515, 'Pest Control', 1, '2020-02-02 18:59:25', '2020-02-02 18:59:25', 144, 144),
(1030, 515, 'مكافحة الحشرات والقوارض', 2, '2020-02-02 18:59:25', '2020-02-02 18:59:38', 144, 144),
(1031, 516, 'Smoking Accessories', 1, '2020-02-02 19:01:10', '2020-02-02 19:01:10', 144, 144),
(1032, 516, 'إكسسوارات التدخين', 2, '2020-02-02 19:01:10', '2020-02-02 19:01:29', 144, 144),
(1033, 517, 'Benches & Swing Seats', 1, '2020-02-02 19:02:00', '2020-02-02 19:02:00', 144, 144),
(1034, 517, 'مقاعد وكراسي هزازة ', 2, '2020-02-02 19:02:00', '2020-02-02 19:02:26', 144, 144),
(1035, 518, 'Garden Tables', 1, '2020-02-02 19:02:49', '2020-02-02 19:02:49', 144, 144),
(1036, 518, 'طاولات حدائق ', 2, '2020-02-02 19:02:49', '2020-02-02 19:03:06', 144, 144),
(1037, 519, 'Relaxers & Loungers', 1, '2020-02-02 19:03:22', '2020-02-02 19:03:22', 144, 144),
(1038, 519, 'كراسي للاسترخاء', 2, '2020-02-02 19:03:22', '2020-02-02 19:03:43', 144, 144),
(1039, 520, 'Balcony Living', 1, '2020-02-02 19:03:59', '2020-02-02 19:03:59', 144, 144),
(1040, 520, 'مستلزمات الشرفات ', 2, '2020-02-02 19:03:59', '2020-02-02 19:04:15', 144, 144),
(1041, 521, 'Gazebos, Parasols & Bases', 1, '2020-02-02 19:04:33', '2020-02-02 19:04:33', 144, 144),
(1042, 521, 'مظلات ومستلزمات الشرفات ', 2, '2020-02-02 19:04:33', '2020-02-02 19:04:49', 144, 144),
(1043, 522, 'Hanging Baskets', 1, '2020-02-02 19:05:07', '2020-02-02 19:05:07', 144, 144),
(1044, 522, 'سلال معلقة', 2, '2020-02-02 19:05:07', '2020-02-02 19:05:28', 144, 144),
(1045, 523, 'Tidying The Garden', 1, '2020-02-02 19:05:49', '2020-02-02 19:05:49', 144, 144),
(1046, 523, 'ترتيب الحدائق', 2, '2020-02-02 19:05:49', '2020-02-02 19:06:17', 144, 144),
(1047, 524, 'Garden Tools', 1, '2020-02-02 19:06:41', '2020-02-02 19:06:41', 144, 144),
(1048, 524, 'أدوات الحدائق', 2, '2020-02-02 19:06:41', '2020-02-02 19:07:11', 144, 144),
(1049, 525, 'Chemicals', 1, '2020-02-02 19:07:26', '2020-02-02 19:07:26', 144, 144),
(1050, 525, 'مواد كيميائية', 2, '2020-02-02 19:07:26', '2020-02-02 19:07:50', 144, 144),
(1051, 526, 'Chemicals', 1, '2020-02-02 19:07:41', '2020-02-02 19:07:41', 144, 144),
(1052, 526, 'Chemicals', 2, '2020-02-02 19:07:41', '2020-02-02 19:07:41', 144, 144),
(1053, 527, 'Fertilizers', 1, '2020-02-02 19:08:04', '2020-02-02 19:08:04', 144, 144),
(1054, 527, 'أسمدة', 2, '2020-02-02 19:08:04', '2020-02-02 19:08:21', 144, 144),
(1055, 528, 'Garden Ornaments', 1, '2020-02-02 19:08:37', '2020-02-02 19:08:37', 144, 144),
(1056, 528, 'تزيين الحدائق', 2, '2020-02-02 19:08:37', '2020-02-02 19:08:55', 144, 144),
(1057, 529, 'Winter Fuel', 1, '2020-02-02 19:09:20', '2020-02-02 19:09:20', 144, 144),
(1058, 529, 'وقود الشتاء', 2, '2020-02-02 19:09:20', '2020-02-02 19:09:37', 144, 144),
(1059, 530, 'Mats', 1, '2020-02-02 19:09:54', '2020-02-02 19:09:54', 144, 144),
(1060, 530, 'الحصير', 2, '2020-02-02 19:09:54', '2020-02-02 19:10:07', 144, 144),
(1061, 531, 'Pre-Formed Ponds & Liners', 1, '2020-02-02 19:10:21', '2020-02-02 19:10:21', 144, 144),
(1062, 531, 'Pre-Formed Ponds & Liners', 2, '2020-02-02 19:10:21', '2020-02-02 19:10:21', 144, 144),
(1063, 532, 'Pre-Formed Ponds & Liners', 1, '2020-02-02 19:13:18', '2020-02-02 19:13:18', 144, 144),
(1064, 532, 'بركات وبطانات مسبقة التشكيل', 2, '2020-02-02 19:13:18', '2020-02-02 19:13:45', 144, 144),
(1065, 533, 'Pond Equipment', 1, '2020-02-02 19:13:59', '2020-02-02 19:13:59', 144, 144),
(1066, 533, 'معدات ومستلزمات البركات ', 2, '2020-02-02 19:13:59', '2020-02-02 19:14:18', 144, 144),
(1067, 534, 'Pond Treatments/Testing', 1, '2020-02-02 19:14:43', '2020-02-02 19:14:43', 144, 144),
(1068, 534, 'علاجات البركات ', 2, '2020-02-02 19:14:43', '2020-02-02 19:15:06', 144, 144),
(1069, 535, 'Appliances Parts & Accessories', 1, '2020-02-02 19:28:01', '2020-02-02 19:28:01', 144, 144),
(1070, 535, 'ملحقات وإكسسوارات الأجهزة المنزلية', 2, '2020-02-02 19:28:01', '2020-02-02 19:28:15', 144, 144),
(1071, 536, 'Blenders & Mixers', 1, '2020-02-02 19:28:29', '2020-02-02 19:28:29', 144, 144),
(1072, 536, 'خلاطات', 2, '2020-02-02 19:28:29', '2020-02-02 19:28:38', 144, 144),
(1073, 537, 'Coffee & Espresso Makers', 1, '2020-02-02 19:29:04', '2020-02-02 19:29:04', 144, 144),
(1074, 537, 'ماكينات إعداد المشروبات الساخنة', 2, '2020-02-02 19:29:04', '2020-02-02 19:29:18', 144, 144),
(1075, 538, 'Dishwashers', 1, '2020-02-02 19:29:30', '2020-02-02 19:29:30', 144, 144),
(1076, 538, 'غسالات أطباق', 2, '2020-02-02 19:29:30', '2020-02-02 19:29:46', 144, 144),
(1077, 539, 'Electric Meat Grinders', 1, '2020-02-02 19:30:00', '2020-02-02 19:30:00', 144, 144),
(1078, 539, 'مقطعات اللحوم الكهربائية', 2, '2020-02-02 19:30:00', '2020-02-02 19:30:11', 144, 144),
(1079, 540, 'Electric Slicers', 1, '2020-02-02 19:30:24', '2020-02-02 19:30:24', 144, 144),
(1080, 540, 'القطاعات الكهربائية', 2, '2020-02-02 19:30:24', '2020-02-02 19:30:35', 144, 144),
(1081, 541, 'Food Preparation', 1, '2020-02-02 19:30:48', '2020-02-02 19:30:48', 144, 144),
(1082, 541, 'محضرات الأطعمة', 2, '2020-02-02 19:30:48', '2020-02-02 19:31:02', 144, 144),
(1083, 542, 'Food Processors', 1, '2020-02-02 19:31:39', '2020-02-02 19:31:39', 144, 144),
(1084, 542, 'أجهزة معالجة الطعام', 2, '2020-02-02 19:31:39', '2020-02-02 19:31:49', 144, 144),
(1085, 543, 'Fryers', 1, '2020-02-02 19:32:02', '2020-02-02 19:32:02', 144, 144),
(1086, 543, 'مقالي كهربائية', 2, '2020-02-02 19:32:02', '2020-02-02 19:32:13', 144, 144),
(1087, 544, 'Ice Cream Makers', 1, '2020-02-02 19:32:27', '2020-02-02 19:32:27', 144, 144),
(1088, 544, 'صانعات الآيس كريم', 2, '2020-02-02 19:32:27', '2020-02-02 19:33:08', 144, 144),
(1089, 545, 'Juicers & Presses', 1, '2020-02-02 19:33:26', '2020-02-02 19:33:26', 144, 144),
(1090, 545, 'العصارات والمكابس', 2, '2020-02-02 19:33:26', '2020-02-02 19:33:43', 144, 144),
(1091, 546, 'Kettles', 1, '2020-02-02 19:33:55', '2020-02-02 19:33:55', 144, 144),
(1092, 546, 'غلايات', 2, '2020-02-02 19:33:55', '2020-02-02 19:34:07', 144, 144),
(1093, 547, 'Kitchen Scales', 1, '2020-02-02 19:34:25', '2020-02-02 19:34:25', 144, 144),
(1094, 547, 'موازين مطبخ', 2, '2020-02-02 19:34:25', '2020-02-02 19:34:41', 144, 144),
(1095, 548, 'Microwaves', 1, '2020-02-02 19:34:57', '2020-02-02 19:34:57', 144, 144),
(1096, 548, 'ميكرويف', 2, '2020-02-02 19:34:57', '2020-02-02 19:35:08', 144, 144),
(1097, 549, 'Ovens, Ranges & Stoves', 1, '2020-02-02 19:35:22', '2020-02-02 19:35:22', 144, 144),
(1098, 549, 'أفران', 2, '2020-02-02 19:35:22', '2020-02-02 19:35:42', 144, 144),
(1099, 550, 'Range Hoods', 1, '2020-02-02 19:35:53', '2020-02-02 19:35:53', 144, 144),
(1100, 550, 'مداخن وشفاطات أفران', 2, '2020-02-02 19:35:53', '2020-02-02 19:36:26', 144, 144),
(1101, 551, 'Refrigerators & Freezers', 1, '2020-02-02 19:36:44', '2020-02-02 19:36:44', 144, 144),
(1102, 551, 'ثلاجات ومجمدات', 2, '2020-02-02 19:36:44', '2020-02-02 19:36:58', 144, 144),
(1103, 552, 'Rice Cooker', 1, '2020-02-02 19:37:12', '2020-02-02 19:37:12', 144, 144),
(1104, 552, 'جهاز طبخ الأرز', 2, '2020-02-02 19:37:12', '2020-02-02 19:37:27', 144, 144),
(1105, 553, 'Sandwich & Waffle Makers', 1, '2020-02-02 19:37:40', '2020-02-02 19:37:40', 144, 144),
(1106, 553, 'صانعة الساندويش والوافل', 2, '2020-02-02 19:37:40', '2020-02-02 19:37:59', 144, 144),
(1107, 554, 'Slow Cookers', 1, '2020-02-02 19:38:21', '2020-02-02 19:38:21', 144, 144),
(1108, 554, 'أوعية للطبخ البطيء', 2, '2020-02-02 19:38:21', '2020-02-02 19:39:46', 144, 144),
(1109, 555, 'Specialty Kitchen Appliances', 1, '2020-02-02 19:40:00', '2020-02-02 19:40:00', 144, 144),
(1110, 555, 'أجهزة مطبخ خاصة', 2, '2020-02-02 19:40:00', '2020-02-02 19:40:14', 144, 144),
(1111, 556, 'Steamers', 1, '2020-02-02 19:40:30', '2020-02-02 19:40:30', 144, 144),
(1112, 556, 'قدر طهي بخاري', 2, '2020-02-02 19:40:30', '2020-02-02 19:40:42', 144, 144),
(1113, 557, 'Toasters', 1, '2020-02-02 19:40:55', '2020-02-02 19:40:55', 144, 144),
(1114, 557, 'حماصات', 2, '2020-02-02 19:40:55', '2020-02-02 19:41:12', 144, 144),
(1115, 558, 'Water Coolers & Dispensers', 1, '2020-02-02 19:44:33', '2020-02-02 19:44:33', 144, 144),
(1116, 558, 'مبردات المياه', 2, '2020-02-02 19:44:33', '2020-02-02 19:44:59', 144, 144),
(1117, 559, 'Laundry', 1, '2020-02-02 19:45:15', '2020-02-02 19:45:15', 144, 144),
(1118, 559, 'منتجات غسيل الملابس', 2, '2020-02-02 19:45:15', '2020-02-02 19:45:31', 144, 144),
(1119, 560, 'Cleaning Products', 1, '2020-02-02 19:46:01', '2020-02-02 19:46:01', 144, 144),
(1120, 560, 'منتجات التنظيف', 2, '2020-02-02 19:46:01', '2020-02-02 19:47:13', 144, 144),
(1121, 561, 'Cooking Utensils', 1, '2020-02-02 19:47:27', '2020-02-02 19:47:27', 144, 144),
(1122, 561, 'أدوات تحضير الأكل', 2, '2020-02-02 19:47:27', '2020-02-02 19:47:53', 144, 144),
(1123, 562, 'Cookware & Bakeware', 1, '2020-02-02 19:48:52', '2020-02-02 19:48:52', 144, 144),
(1124, 562, 'معدات الطبخ والخبز', 2, '2020-02-02 19:48:52', '2020-02-02 19:49:10', 144, 144),
(1125, 563, 'Cutlery & Flatware Set', 1, '2020-02-02 19:49:24', '2020-02-02 19:49:24', 144, 144),
(1126, 563, 'سكاكين ملاعق وشوك', 2, '2020-02-02 19:49:24', '2020-02-02 19:49:42', 144, 144),
(1127, 564, 'Dinnerware & Serveware', 1, '2020-02-02 19:50:16', '2020-02-02 19:50:16', 144, 144),
(1128, 564, 'أواني الطعام', 2, '2020-02-02 19:50:16', '2020-02-02 19:50:56', 144, 144),
(1129, 565, 'Dinnerware & Serveware', 1, '2020-02-02 19:50:33', '2020-02-02 19:50:33', 144, 144),
(1130, 565, 'Dinnerware & Serveware', 2, '2020-02-02 19:50:33', '2020-02-02 19:50:33', 144, 144),
(1131, 566, 'Drinkware', 1, '2020-02-02 19:51:38', '2020-02-02 19:51:38', 144, 144),
(1132, 566, 'أكواب وأدوات الشرب', 2, '2020-02-02 19:51:38', '2020-02-02 19:52:14', 144, 144),
(1133, 567, 'Home Supplies', 1, '2020-02-02 19:52:38', '2020-02-02 19:52:38', 144, 144),
(1134, 567, 'مستلزمات منزلية', 2, '2020-02-02 19:52:38', '2020-02-02 19:52:52', 144, 144),
(1135, 568, 'Kitchen Accessories', 1, '2020-02-02 19:53:05', '2020-02-02 19:53:05', 144, 144),
(1136, 568, 'إكسسوارات المطبخ', 2, '2020-02-02 19:53:05', '2020-02-02 19:53:24', 144, 144),
(1137, 569, 'Kitchen Measuring Tools', 1, '2020-02-02 19:53:38', '2020-02-02 19:53:38', 144, 144),
(1138, 569, 'أدوات قياس للمطبخ', 2, '2020-02-02 19:53:38', '2020-02-02 19:53:51', 144, 144),
(1139, 570, 'Kitchen Storage', 1, '2020-02-02 19:54:05', '2020-02-02 19:54:05', 144, 144),
(1140, 570, 'مجموعات تخزين وترتيب', 2, '2020-02-02 19:54:05', '2020-02-02 19:54:29', 144, 144),
(1141, 571, 'Plastic & Paper Products', 1, '2020-02-02 19:54:44', '2020-02-02 19:54:44', 144, 144),
(1142, 571, 'منتجات ورقية وبلاستيكية', 2, '2020-02-02 19:54:44', '2020-02-02 19:55:05', 144, 144),
(1143, 572, 'Table Linens', 1, '2020-02-02 19:55:20', '2020-02-02 19:55:20', 144, 144),
(1144, 572, 'أغطية طاولات', 2, '2020-02-02 19:55:20', '2020-02-02 19:55:37', 144, 144),
(1145, 573, 'Kitchen & Dining Rooms Furniture Sets', 1, '2020-02-02 19:55:49', '2020-02-02 19:55:49', 144, 144),
(1146, 573, 'أثاث المطابخ وغرف السفرة', 2, '2020-02-02 19:55:49', '2020-02-02 19:56:28', 144, 144),
(1147, 574, 'Hoodies & Track Tops For Men', 1, '2020-02-02 20:01:29', '2020-02-02 20:01:29', 144, 144),
(1148, 574, 'سويت شيرت رياضي للرجال', 2, '2020-02-02 20:01:29', '2020-02-02 20:01:43', 144, 144),
(1149, 575, 'Jackets & Rainwear For Men', 1, '2020-02-02 20:02:36', '2020-02-02 20:02:36', 144, 144),
(1150, 575, 'سترات وملابس ضد المطر للرجال', 2, '2020-02-02 20:02:36', '2020-02-02 20:02:59', 144, 144),
(1151, 576, 'Polos & T-Shirts For Men', 1, '2020-02-02 20:03:18', '2020-02-02 20:03:18', 144, 144),
(1152, 576, 'بولو وتي شيرت للرجال', 2, '2020-02-02 20:03:18', '2020-02-02 20:03:35', 144, 144),
(1153, 577, 'Tanks Tops & Vests For Men', 1, '2020-02-02 20:04:01', '2020-02-02 20:04:01', 144, 144),
(1154, 577, 'بلايز وسترات للرجال', 2, '2020-02-02 20:04:01', '2020-02-02 20:04:31', 144, 144),
(1155, 578, 'Tracksuits For Men', 1, '2020-02-02 20:04:47', '2020-02-02 20:04:47', 144, 144),
(1156, 578, 'بدل رياضية للرجال', 2, '2020-02-02 20:04:47', '2020-02-02 20:05:02', 144, 144),
(1157, 579, 'Track Pants For Men', 1, '2020-02-02 20:05:16', '2020-02-02 20:05:16', 144, 144),
(1158, 579, 'بنطلونات رياضية  للرجال', 2, '2020-02-02 20:05:16', '2020-02-02 20:05:29', 144, 144),
(1159, 580, '3/4 Pants For Men', 1, '2020-02-02 20:06:13', '2020-02-02 20:06:13', 144, 144),
(1160, 580, 'بنتاكور للرجال', 2, '2020-02-02 20:06:13', '2020-02-02 20:09:43', 144, 144),
(1161, 581, 'Shorts For Men', 1, '2020-02-02 20:10:01', '2020-02-02 20:10:01', 144, 144),
(1162, 581, 'شورتات  للرجال', 2, '2020-02-02 20:10:01', '2020-02-02 20:10:15', 144, 144),
(1163, 582, 'Teamwear Polos & T-Shirts For Men', 1, '2020-02-02 20:10:29', '2020-02-02 20:10:29', 144, 144),
(1164, 582, 'بولو وتي شيرت للفريق للرجال', 2, '2020-02-02 20:10:29', '2020-02-02 20:10:59', 144, 144),
(1165, 583, 'Teamwear Tracksuits For Men', 1, '2020-02-02 20:11:17', '2020-02-02 20:11:17', 144, 144),
(1166, 583, 'بدل رياضية للفريق للرجال', 2, '2020-02-02 20:11:17', '2020-02-02 20:11:40', 144, 144),
(1167, 584, 'Teamwear Jerseys For Men', 1, '2020-02-02 20:12:01', '2020-02-02 20:12:01', 144, 144),
(1168, 584, 'قمصان رياضية للفريق للرجال', 2, '2020-02-02 20:12:01', '2020-02-02 20:12:15', 144, 144),
(1169, 585, 'Teamwear Shorts For Men', 1, '2020-02-02 20:12:31', '2020-02-02 20:12:31', 144, 144),
(1170, 585, 'شورتات للفريق للرجال', 2, '2020-02-02 20:12:31', '2020-02-02 20:12:44', 144, 144),
(1171, 586, 'Teamwear Socks For Men', 1, '2020-02-02 20:12:57', '2020-02-02 20:12:57', 144, 144),
(1172, 586, 'شرابات موحدة للفريق للرجال', 2, '2020-02-02 20:12:57', '2020-02-02 20:13:25', 144, 144),
(1175, 588, 'Insoles For Men ', 1, '2020-02-02 20:14:08', '2020-02-02 20:14:08', 144, 144);
INSERT INTO `categories_text` (`CategoryTextID`, `CategoryID`, `Title`, `SystemLanguageID`, `CreatedAt`, `UpdatedAt`, `CreatedBy`, `UpdatedBy`) VALUES
(1176, 588, 'نعال أحذية الرجال', 2, '2020-02-02 20:14:08', '2020-02-02 20:14:23', 144, 144),
(1177, 589, 'Sports Headwear For Men ', 1, '2020-02-02 20:15:48', '2020-02-02 20:15:48', 144, 144),
(1178, 589, 'غطاءات الرأس الرياضية للرجال', 2, '2020-02-02 20:15:48', '2020-02-02 20:17:12', 144, 144),
(1179, 590, 'Basketball Shoes For Men', 1, '2020-02-02 20:17:31', '2020-02-02 20:17:31', 144, 144),
(1180, 590, 'أحذية كرة السلة للرجال', 2, '2020-02-02 20:17:31', '2020-02-02 20:17:56', 144, 144),
(1181, 591, 'Boxing Boots For Men', 1, '2020-02-02 20:21:00', '2020-02-02 20:21:00', 144, 144),
(1182, 591, 'أحذية الملاكمة للرجال', 2, '2020-02-02 20:21:00', '2020-02-02 20:21:19', 144, 144),
(1183, 592, 'Court and Indoor Trainers For Men', 1, '2020-02-02 20:21:41', '2020-02-02 20:21:59', 144, 144),
(1184, 592, 'أحذية المدربين الداخليين للرجال', 2, '2020-02-02 20:21:41', '2020-02-02 20:22:20', 144, 144),
(1185, 593, 'Cricket Shoes For Men', 1, '2020-02-02 20:23:33', '2020-02-02 20:23:33', 144, 144),
(1186, 593, 'أحذية كريكيت للرجال', 2, '2020-02-02 20:23:33', '2020-02-02 20:24:12', 144, 144),
(1187, 594, 'Cricket Shoes For Men', 1, '2020-02-02 20:23:48', '2020-02-02 20:23:48', 144, 144),
(1188, 594, 'Cricket Shoes For Men', 2, '2020-02-02 20:23:48', '2020-02-02 20:23:48', 144, 144),
(1189, 595, 'Cycling Shoes For Men', 1, '2020-02-02 20:24:46', '2020-02-02 20:24:46', 144, 144),
(1190, 595, 'أحذية ركوب الدراجات للرجال', 2, '2020-02-02 20:24:46', '2020-02-02 20:25:16', 144, 144),
(1191, 596, 'Fitness Trainers For Men', 1, '2020-02-02 20:25:29', '2020-02-02 20:25:29', 144, 144),
(1192, 596, 'أحذية مدربين اللياقة البدنية للرجال', 2, '2020-02-02 20:25:29', '2020-02-02 20:25:46', 144, 144),
(1193, 597, 'Football Boots For Men', 1, '2020-02-02 20:29:57', '2020-02-02 20:29:57', 144, 144),
(1194, 597, 'أحذية كرة القدم للرجال', 2, '2020-02-02 20:29:57', '2020-02-02 20:30:40', 144, 144),
(1195, 598, 'Golf Shoes For Men', 1, '2020-02-02 20:31:59', '2020-02-02 20:31:59', 144, 144),
(1196, 598, 'أحذية الغولف للرجال', 2, '2020-02-02 20:31:59', '2020-02-02 20:48:03', 144, 144),
(1197, 599, 'Rugby Boots For Men', 1, '2020-02-02 20:33:08', '2020-02-02 20:33:08', 144, 144),
(1198, 599, 'أحذية الركبي للرجال', 2, '2020-02-02 20:33:08', '2020-02-02 20:33:27', 144, 144),
(1199, 600, 'Running Shoes For Men', 1, '2020-02-02 20:33:43', '2020-02-02 20:33:43', 144, 144),
(1200, 600, 'أحذية الجري للرجال', 2, '2020-02-02 20:33:43', '2020-02-02 20:34:13', 144, 144),
(1201, 601, 'Skate Shoes For Men', 1, '2020-02-02 20:34:28', '2020-02-02 20:34:28', 144, 144),
(1202, 601, 'أحذية تزلج للرجال', 2, '2020-02-02 20:34:28', '2020-02-02 20:34:47', 144, 144),
(1203, 602, 'Ski Boots For Men', 1, '2020-02-02 20:35:04', '2020-02-02 20:35:04', 144, 144),
(1204, 602, 'أحذية التزلج على الجليد للرجال', 2, '2020-02-02 20:35:04', '2020-02-02 20:35:22', 144, 144),
(1205, 603, 'Tennis Shoes For Men', 1, '2020-02-02 20:35:42', '2020-02-02 20:35:42', 144, 144),
(1206, 603, 'أحذية تنس للرجال', 2, '2020-02-02 20:35:42', '2020-02-02 20:36:03', 144, 144),
(1207, 604, 'Walking Boots and Shoes For Men', 1, '2020-02-02 20:36:42', '2020-02-02 20:36:42', 144, 144),
(1208, 604, 'أحذية المشي للرجال', 2, '2020-02-02 20:36:42', '2020-02-02 20:37:11', 144, 144),
(1209, 605, 'Equestrian Boots for Men ', 1, '2020-02-02 20:37:29', '2020-02-02 20:37:29', 144, 144),
(1210, 605, 'أحذية الفروسية للرجال', 2, '2020-02-02 20:37:29', '2020-02-02 20:38:04', 144, 144),
(1211, 606, 'Motorcycling Shoes For Men ', 1, '2020-02-02 20:38:21', '2020-02-02 20:38:21', 144, 144),
(1212, 606, 'أحذية ركوب الدراجات النارية للرجال', 2, '2020-02-02 20:38:21', '2020-02-02 20:38:43', 144, 144),
(1213, 607, 'Base Layer For Men', 1, '2020-02-02 20:39:01', '2020-02-02 20:39:01', 144, 144),
(1214, 607, 'Base Layer للرجال', 2, '2020-02-02 20:39:01', '2020-02-02 20:39:29', 144, 144),
(1215, 608, 'Basketball Clothings For Men', 1, '2020-02-02 20:39:57', '2020-02-02 20:39:57', 144, 144),
(1216, 608, 'ملابس كرة السلة للرجال', 2, '2020-02-02 20:39:57', '2020-02-02 20:40:18', 144, 144),
(1217, 609, 'Boxing Clothing For Men', 1, '2020-02-02 20:41:59', '2020-02-02 20:41:59', 144, 144),
(1218, 609, 'ملابس الملاكمة للرجال', 2, '2020-02-02 20:41:59', '2020-02-02 20:42:50', 144, 144),
(1219, 610, 'Cricket Clothings For Men', 1, '2020-02-02 20:43:05', '2020-02-02 20:43:05', 144, 144),
(1220, 610, 'ملابس الكريكيت للرجال', 2, '2020-02-02 20:43:05', '2020-02-02 20:43:25', 144, 144),
(1221, 611, 'Cycling Clothing For Men', 1, '2020-02-02 20:43:59', '2020-02-02 20:43:59', 144, 144),
(1222, 611, 'ملابس ركوب الدراجات للرجال', 2, '2020-02-02 20:43:59', '2020-02-02 20:44:21', 144, 144),
(1223, 612, 'Fitness Clothing For Men', 1, '2020-02-02 20:44:49', '2020-02-02 20:44:49', 144, 144),
(1224, 612, 'ملابس اللياقة البدنية للرجال', 2, '2020-02-02 20:44:49', '2020-02-02 20:45:09', 144, 144),
(1225, 613, 'Football Clothings For Men', 1, '2020-02-02 20:45:29', '2020-02-02 20:45:29', 144, 144),
(1226, 613, 'ملابس كرة القدم للرجال', 2, '2020-02-02 20:45:29', '2020-02-02 20:45:52', 144, 144),
(1227, 614, 'Golf Clothing For Men', 1, '2020-02-02 20:46:17', '2020-02-02 20:46:17', 144, 144),
(1228, 614, 'ملابس الغولف للرجال', 2, '2020-02-02 20:46:17', '2020-02-02 20:48:35', 144, 144),
(1231, 616, 'Outdoor Clothing For Men', 1, '2020-02-02 20:49:21', '2020-02-02 20:49:21', 144, 144),
(1232, 616, 'ملابس رياضية للخروج للرجال', 2, '2020-02-02 20:49:21', '2020-02-02 20:49:41', 144, 144),
(1233, 617, 'Rugby Clothings For Men', 1, '2020-02-02 20:55:46', '2020-02-02 20:55:46', 144, 144),
(1234, 617, 'ملابس الرجبي للرجال', 2, '2020-02-02 20:55:46', '2020-02-02 20:56:05', 144, 144),
(1235, 618, 'Running Clothing For Men', 1, '2020-02-02 20:57:04', '2020-02-02 20:57:04', 144, 144),
(1236, 618, 'ملابس الجري للرجال', 2, '2020-02-02 20:57:04', '2020-02-02 20:57:52', 144, 144),
(1237, 619, 'Ski Clothing For Men', 1, '2020-02-02 20:58:13', '2020-02-02 20:58:13', 144, 144),
(1238, 619, 'ملابس التزلج للرجال', 2, '2020-02-02 20:58:13', '2020-02-02 20:58:41', 144, 144),
(1239, 620, 'Swimming Clothing For Men', 1, '2020-02-02 20:59:00', '2020-02-02 20:59:00', 144, 144),
(1240, 620, 'ملابس السباحة للرجال', 2, '2020-02-02 20:59:00', '2020-02-02 20:59:18', 144, 144),
(1241, 621, 'Tennis Clothing For Men', 1, '2020-02-02 20:59:38', '2020-02-02 20:59:38', 144, 144),
(1242, 621, 'ملابس التنس للرجال', 2, '2020-02-02 20:59:38', '2020-02-02 20:59:57', 144, 144),
(1243, 622, 'Motorcycling Sportswear For Men', 1, '2020-02-02 21:01:09', '2020-02-02 21:01:09', 144, 144),
(1244, 622, 'ملابس ركوب الدراجات النارية للرجال', 2, '2020-02-02 21:01:09', '2020-02-02 21:01:31', 144, 144),
(1245, 623, 'Hoodies & Track Tops For Ladies', 1, '2020-02-02 21:02:05', '2020-02-02 21:02:05', 144, 144),
(1246, 623, 'سويت شيرت رياضي للسيدات', 2, '2020-02-02 21:02:05', '2020-02-02 21:02:43', 144, 144),
(1247, 624, 'Jackets & Rainwear For Ladies', 1, '2020-02-02 21:03:14', '2020-02-02 21:03:14', 144, 144),
(1248, 624, 'سترات وملابس ضد المطر للسيدات', 2, '2020-02-02 21:03:14', '2020-02-02 21:03:43', 144, 144),
(1249, 625, 'Polos & T-Shirts For Ladies', 1, '2020-02-02 21:04:05', '2020-02-02 21:04:05', 144, 144),
(1250, 625, 'بولو وتي شيرت للسيدات', 2, '2020-02-02 21:04:05', '2020-02-02 21:04:33', 144, 144),
(1251, 626, 'Tanks Tops & Vests For Ladies', 1, '2020-02-02 21:07:35', '2020-02-02 21:07:35', 144, 144),
(1252, 626, 'بلايز وسترات للسيدات', 2, '2020-02-02 21:07:35', '2020-02-02 21:08:03', 144, 144),
(1253, 627, 'Tracksuits For Ladies', 1, '2020-02-02 21:08:22', '2020-02-02 21:08:22', 144, 144),
(1254, 627, 'بدل رياضية للسيدات', 2, '2020-02-02 21:08:22', '2020-02-02 21:08:49', 144, 144),
(1255, 628, 'Track Pants For Ladies', 1, '2020-02-02 21:09:17', '2020-02-02 21:09:17', 144, 144),
(1256, 628, 'بنطلونات رياضية للسيدات', 2, '2020-02-02 21:09:17', '2020-02-02 21:09:50', 144, 144),
(1257, 629, 'Track Pants For Ladies', 1, '2020-02-02 21:09:25', '2020-02-02 21:09:25', 144, 144),
(1258, 629, 'Track Pants For Ladies', 2, '2020-02-02 21:09:25', '2020-02-02 21:09:25', 144, 144),
(1259, 630, '3/4 Pants For Ladies', 1, '2020-02-02 21:10:05', '2020-02-02 21:10:05', 144, 144),
(1260, 630, 'بنتاكور للسيدات', 2, '2020-02-02 21:10:05', '2020-02-02 21:10:22', 144, 144),
(1261, 631, 'Shorts For Ladies', 1, '2020-02-02 21:10:37', '2020-02-02 21:10:37', 144, 144),
(1262, 631, 'شورتات للسيدات', 2, '2020-02-02 21:10:37', '2020-02-02 21:10:55', 144, 144),
(1263, 632, 'Teamwear Polos & T-Shirts For Ladies', 1, '2020-02-02 21:11:10', '2020-02-02 21:11:10', 144, 144),
(1264, 632, 'بولو وتي شيرت للفريق للسيدات', 2, '2020-02-02 21:11:10', '2020-02-02 21:11:36', 144, 144),
(1265, 633, 'Teamwear Tracksuits For Ladies', 1, '2020-02-02 21:11:53', '2020-02-02 21:11:53', 144, 144),
(1266, 633, 'بدل رياضية للفريق للسيدات', 2, '2020-02-02 21:11:53', '2020-02-02 21:12:17', 144, 144),
(1267, 634, 'Teamwear Jerseys For Ladies', 1, '2020-02-02 21:12:33', '2020-02-02 21:12:33', 144, 144),
(1268, 634, 'قمصان رياضية للفريق للسيدات', 2, '2020-02-02 21:12:33', '2020-02-02 21:12:57', 144, 144),
(1269, 635, 'Teamwear Shorts For Ladies', 1, '2020-02-02 21:13:13', '2020-02-02 21:13:13', 144, 144),
(1270, 635, 'شورتات للفريق للسيدات', 2, '2020-02-02 21:13:13', '2020-02-02 21:13:32', 144, 144),
(1271, 636, 'Teamwear Socks For Ladies', 1, '2020-02-02 21:13:51', '2020-02-02 21:13:51', 144, 144),
(1272, 636, 'شرابات موحدة للفريق للسيدات', 2, '2020-02-02 21:13:51', '2020-02-02 21:14:09', 144, 144),
(1273, 637, 'Insoles For Ladies', 1, '2020-02-02 21:14:24', '2020-02-02 21:14:24', 144, 144),
(1274, 637, 'نعال أحذية السيدات', 2, '2020-02-02 21:14:24', '2020-02-02 21:14:50', 144, 144),
(1275, 638, 'Sports Headwear For Ladies', 1, '2020-02-02 21:15:48', '2020-02-02 21:15:48', 144, 144),
(1276, 638, 'غطاءات الرأس الرياضية  للسيدات', 2, '2020-02-02 21:15:48', '2020-02-02 21:16:10', 144, 144),
(1277, 639, 'Sports-Bra', 1, '2020-02-02 21:17:28', '2020-02-02 21:17:28', 144, 144),
(1278, 639, 'حمالات صدر رياضية ', 2, '2020-02-02 21:17:28', '2020-02-02 21:17:44', 144, 144),
(1279, 640, 'Sports Leggings', 1, '2020-02-02 21:17:58', '2020-02-02 21:17:58', 144, 144),
(1280, 640, 'الليجنز الرياضي', 2, '2020-02-02 21:17:58', '2020-02-02 21:19:20', 144, 144),
(1281, 641, 'Court & Indoor trainers Shoes for Ladies ', 1, '2020-02-02 21:19:50', '2020-02-02 21:19:50', 144, 144),
(1282, 641, 'أحذية المدربين الداخليين للسيدات ', 2, '2020-02-02 21:19:50', '2020-02-02 21:20:27', 144, 144),
(1283, 642, 'Cycling Shoes for Ladies ', 1, '2020-02-02 21:20:55', '2020-02-02 21:20:55', 144, 144),
(1284, 642, 'أحذية ركوب الدراجات للسيدات', 2, '2020-02-02 21:20:55', '2020-02-02 21:21:23', 144, 144),
(1285, 643, 'Equestrian Boots for Ladies ', 1, '2020-02-02 21:21:37', '2020-02-02 21:21:37', 144, 144),
(1286, 643, 'أحذية الفروسية للسيدات ', 2, '2020-02-02 21:21:37', '2020-02-02 21:22:00', 144, 144),
(1287, 644, 'Fitness Trainers Shoes for Ladies ', 1, '2020-02-02 21:22:14', '2020-02-02 21:22:14', 144, 144),
(1288, 644, 'أحذية مدربين اللياقة البدنية للسيدات', 2, '2020-02-02 21:22:14', '2020-02-02 21:22:46', 144, 144),
(1289, 645, 'Football Boots for Ladies ', 1, '2020-02-02 21:23:58', '2020-02-02 21:23:58', 144, 144),
(1290, 645, 'أحذية كرة القدم للسيدات', 2, '2020-02-02 21:23:58', '2020-02-02 21:24:26', 144, 144),
(1291, 646, 'Golf Shoes for Ladies ', 1, '2020-02-02 21:25:10', '2020-02-02 21:25:10', 144, 144),
(1292, 646, 'أحذية الغولف للسيدات', 2, '2020-02-02 21:25:10', '2020-02-02 21:25:35', 144, 144),
(1293, 647, 'Running Shoes for Ladies ', 1, '2020-02-02 21:25:51', '2020-02-02 21:25:51', 144, 144),
(1294, 647, 'أحذية الجري للسيدات', 2, '2020-02-02 21:25:51', '2020-02-02 21:26:48', 144, 144),
(1295, 648, 'Ski & Skate Shoes for Ladies ', 1, '2020-02-02 21:27:13', '2020-02-02 21:27:13', 144, 144),
(1296, 648, 'أحذية تزلج للسيدات', 2, '2020-02-02 21:27:13', '2020-02-02 21:27:42', 144, 144),
(1297, 649, 'Tennis Shoes for Ladies ', 1, '2020-02-02 21:28:29', '2020-02-02 21:28:29', 144, 144),
(1298, 649, 'أحذية تنس للسيدات', 2, '2020-02-02 21:28:29', '2020-02-02 21:28:53', 144, 144),
(1299, 650, 'Walking Boots & Shoes for Ladies ', 1, '2020-02-02 21:29:11', '2020-02-02 21:29:11', 144, 144),
(1300, 650, 'أحذية المشي للسيدات', 2, '2020-02-02 21:29:11', '2020-02-02 21:29:44', 144, 144),
(1301, 651, 'Motorcycling Shoes For Ladies', 1, '2020-02-02 21:30:10', '2020-02-02 21:30:10', 144, 144),
(1302, 651, 'أحذية ركوب الدراجات النارية للسيدات', 2, '2020-02-02 21:30:10', '2020-02-02 21:31:00', 144, 144),
(1303, 652, 'Motorcycling Shoes For Ladies', 1, '2020-02-02 21:30:35', '2020-02-02 21:30:35', 144, 144),
(1304, 652, 'Motorcycling Shoes For Ladies', 2, '2020-02-02 21:30:35', '2020-02-02 21:30:35', 144, 144),
(1305, 653, 'Base Layer For Ladies', 1, '2020-02-02 21:31:29', '2020-02-02 21:31:29', 144, 144),
(1306, 653, 'Base Layer للسيدات', 2, '2020-02-02 21:31:29', '2020-02-02 21:31:48', 144, 144),
(1307, 654, 'Cycling Clothing For Ladies', 1, '2020-02-02 21:32:03', '2020-02-02 21:32:03', 144, 144),
(1308, 654, 'ملابس ركوب الدراجات للسيدات', 2, '2020-02-02 21:32:03', '2020-02-02 21:32:39', 144, 144),
(1309, 655, 'Equestrian Clothing For Ladies', 1, '2020-02-02 21:32:55', '2020-02-02 21:32:55', 144, 144),
(1310, 655, 'ملابس الفروسية للسيدات', 2, '2020-02-02 21:32:55', '2020-02-02 21:33:40', 144, 144),
(1311, 656, 'Fitness & Exercise Clothing For Ladies', 1, '2020-02-02 21:33:58', '2020-02-02 21:33:58', 144, 144),
(1312, 656, 'ملابس اللياقة البدنية للسيدات', 2, '2020-02-02 21:33:58', '2020-02-02 21:34:47', 144, 144),
(1313, 657, 'Golf Clothing For Ladies', 1, '2020-02-02 21:35:10', '2020-02-02 21:35:10', 144, 144),
(1314, 657, 'Golf Clothing For Ladies', 2, '2020-02-02 21:35:10', '2020-02-02 21:35:10', 144, 144),
(1315, 658, 'Golf Clothing For Ladies', 1, '2020-02-02 21:35:27', '2020-02-02 21:35:27', 144, 144),
(1316, 658, 'ملابس الغولف للسيدات', 2, '2020-02-02 21:35:27', '2020-02-02 21:35:47', 144, 144),
(1317, 659, 'Outdoor Clothing For Ladies', 1, '2020-02-02 21:36:09', '2020-02-02 21:36:09', 144, 144),
(1318, 659, 'ملابس رياضية للخروج للسيدات', 2, '2020-02-02 21:36:09', '2020-02-02 21:36:32', 144, 144),
(1319, 660, 'Running Clothing For Ladies', 1, '2020-02-02 21:37:04', '2020-02-02 21:37:04', 144, 144),
(1320, 660, 'ملابس الجري للسيدات', 2, '2020-02-02 21:37:04', '2020-02-02 21:37:31', 144, 144),
(1321, 661, 'Ski Clothing For Ladies', 1, '2020-02-02 21:37:53', '2020-02-02 21:37:53', 144, 144),
(1322, 661, 'ملابس التزلج للسيدات', 2, '2020-02-02 21:37:53', '2020-02-02 21:38:17', 144, 144),
(1323, 662, 'Swimming Clothing For Ladies', 1, '2020-02-02 21:38:38', '2020-02-02 21:38:38', 144, 144),
(1324, 662, 'ملابس السباحة للسيدات', 2, '2020-02-02 21:38:38', '2020-02-02 21:39:00', 144, 144),
(1325, 663, 'Tennis Clothing For Ladies', 1, '2020-02-02 21:39:17', '2020-02-02 21:39:17', 144, 144),
(1326, 663, 'ملابس التنس للسيدات', 2, '2020-02-02 21:39:17', '2020-02-02 21:39:41', 144, 144),
(1327, 664, 'Motorcycling Sportswear For Ladies', 1, '2020-02-02 21:40:05', '2020-02-02 21:40:05', 144, 144),
(1328, 664, 'ملابس ركوب الدراجات النارية للسيدات', 2, '2020-02-02 21:40:05', '2020-02-02 21:40:44', 144, 144),
(1329, 665, 'Hoodies & Track Tops For Kids', 1, '2020-02-02 21:41:07', '2020-02-02 21:41:07', 144, 144),
(1330, 665, 'سويت شيرت رياضي للأطفال', 2, '2020-02-02 21:41:07', '2020-02-02 21:42:07', 144, 144),
(1331, 666, 'Jackets & Rainwear For Kids', 1, '2020-02-02 21:42:28', '2020-02-02 21:42:28', 144, 144),
(1332, 666, 'سترات وملابس ضد المطر للأطفال', 2, '2020-02-02 21:42:28', '2020-02-02 21:43:08', 144, 144),
(1333, 667, 'Polos & T-Shirts For Kids', 1, '2020-02-02 21:43:28', '2020-02-02 21:43:28', 144, 144),
(1334, 667, 'بولو وتي شيرت للأطفال', 2, '2020-02-02 21:43:28', '2020-02-02 21:43:50', 144, 144),
(1335, 668, 'Tanks Tops & Vests For Kids', 1, '2020-02-02 21:45:37', '2020-02-02 21:45:37', 144, 144),
(1336, 668, 'بلايز وسترات للأطفال', 2, '2020-02-02 21:45:37', '2020-02-02 21:46:04', 144, 144),
(1337, 669, 'Tracksuits For Kids', 1, '2020-02-02 21:47:25', '2020-02-02 21:47:25', 144, 144),
(1338, 669, 'بدل رياضية للأطفال', 2, '2020-02-02 21:47:25', '2020-02-02 21:47:43', 144, 144),
(1339, 670, 'Track Pants For Kids', 1, '2020-02-02 21:48:00', '2020-02-02 21:48:00', 144, 144),
(1340, 670, 'بنطلونات رياضية للأطفال', 2, '2020-02-02 21:48:00', '2020-02-02 21:48:50', 144, 144),
(1341, 671, '3/4 Pants For Kids', 1, '2020-02-02 21:49:04', '2020-02-02 21:49:04', 144, 144),
(1342, 671, 'بنتاكور للأطفال', 2, '2020-02-02 21:49:04', '2020-02-02 21:49:24', 144, 144),
(1343, 672, 'Shorts For Kids', 1, '2020-02-02 21:49:38', '2020-02-02 21:49:38', 144, 144),
(1344, 672, 'شورتات للأطفال', 2, '2020-02-02 21:49:38', '2020-02-02 21:49:59', 144, 144),
(1345, 673, 'Teamwear Polos & T-Shirts For Kids', 1, '2020-02-02 21:50:14', '2020-02-02 21:50:14', 144, 144),
(1346, 673, 'بولو وتي شيرت للفريق للأطفال', 2, '2020-02-02 21:50:14', '2020-02-02 21:50:37', 144, 144),
(1347, 674, 'Teamwear Tracksuits For Kids', 1, '2020-02-02 21:51:11', '2020-02-02 21:51:11', 144, 144),
(1348, 674, 'بدل رياضية للفريق للأطفال', 2, '2020-02-02 21:51:11', '2020-02-02 21:51:36', 144, 144),
(1349, 675, 'Teamwear Jerseys For Kids', 1, '2020-02-02 21:51:54', '2020-02-02 21:51:54', 144, 144),
(1350, 675, 'قمصان رياضية للفريق للأطفال', 2, '2020-02-02 21:51:54', '2020-02-02 21:52:30', 144, 144),
(1351, 676, 'Teamwear Shorts For Kids', 1, '2020-02-02 21:53:28', '2020-02-02 21:53:28', 144, 144),
(1352, 676, 'شورتات للفريق للأطفال', 2, '2020-02-02 21:53:28', '2020-02-02 21:53:54', 144, 144),
(1353, 677, 'Teamwear Socks For Kids', 1, '2020-02-02 21:54:09', '2020-02-02 21:54:09', 144, 144),
(1354, 677, 'شرابات موحدة للفريق للأطفال', 2, '2020-02-02 21:54:09', '2020-02-02 21:54:38', 144, 144),
(1355, 678, 'Insoles For Kids', 1, '2020-02-02 21:54:55', '2020-02-02 21:54:55', 144, 144),
(1356, 678, 'نعال أحذية للأطفال', 2, '2020-02-02 21:54:55', '2020-02-02 21:55:13', 144, 144),
(1357, 679, 'Sports Headwear For Kids', 1, '2020-02-02 21:55:27', '2020-02-02 21:56:45', 144, 144),
(1358, 679, 'غطاءات الرأس الرياضية للأطفال', 2, '2020-02-02 21:55:27', '2020-02-02 21:56:04', 144, 144),
(1359, 680, 'Basketball Shoes For Kids ', 1, '2020-02-02 21:57:47', '2020-02-02 21:57:47', 144, 144),
(1360, 680, 'أحذية كرة السلة للأطفال', 2, '2020-02-02 21:57:47', '2020-02-02 21:58:14', 144, 144),
(1361, 681, 'Court & Indoor Trainers For kids', 1, '2020-02-02 21:59:22', '2020-02-02 21:59:22', 144, 144),
(1362, 681, 'أحذية رياضية للخروج للأطفال', 2, '2020-02-02 21:59:22', '2020-02-02 21:59:51', 144, 144),
(1363, 682, 'Cricket Shoes For kids', 1, '2020-02-02 22:00:07', '2020-02-02 22:00:07', 144, 144),
(1364, 682, 'Cricket Shoes For kids', 2, '2020-02-02 22:00:07', '2020-02-02 22:00:07', 144, 144),
(1365, 683, 'Cricket Shoes For Kids', 1, '2020-02-02 22:00:12', '2020-02-02 22:00:12', 144, 144),
(1366, 683, 'أحذية الكريكيت للأطفال', 2, '2020-02-02 22:00:12', '2020-02-02 22:00:33', 144, 144),
(1367, 684, 'Football Boots For Kids', 1, '2020-02-02 22:01:03', '2020-02-02 22:01:03', 144, 144),
(1368, 684, 'أحذية كرة القدم للأطفال', 2, '2020-02-02 22:01:03', '2020-02-02 22:01:34', 144, 144),
(1369, 685, 'Golf Shoes For Kids', 1, '2020-02-02 22:01:59', '2020-02-02 22:01:59', 144, 144),
(1370, 685, 'أحذية الغولف للأطفال', 2, '2020-02-02 22:01:59', '2020-02-02 22:02:32', 144, 144),
(1371, 686, 'Rugby Boots For Kids', 1, '2020-02-02 22:03:26', '2020-02-02 22:03:26', 144, 144),
(1372, 686, 'أحذية الرجبي للأطفال', 2, '2020-02-02 22:03:26', '2020-02-02 22:03:54', 144, 144),
(1373, 687, 'Roller Skates For Kids', 1, '2020-02-02 22:04:27', '2020-02-02 22:04:27', 144, 144),
(1374, 687, 'زلاجات للأطفال', 2, '2020-02-02 22:04:27', '2020-02-02 22:04:44', 144, 144),
(1375, 688, 'Running Shoes For Kids', 1, '2020-02-02 22:05:02', '2020-02-02 22:05:02', 144, 144),
(1376, 688, 'أحذية الجري للأطفال', 2, '2020-02-02 22:05:02', '2020-02-02 22:05:29', 144, 144),
(1377, 689, 'Ski & Skate Shoes For Kids', 1, '2020-02-02 22:06:06', '2020-02-02 22:06:06', 144, 144),
(1378, 689, 'Ski & Skate Shoes For Kids', 2, '2020-02-02 22:06:06', '2020-02-02 22:06:06', 144, 144),
(1379, 690, 'Walking Boots & Shoes For Kids', 1, '2020-02-02 22:08:30', '2020-02-02 22:08:30', 144, 144),
(1380, 690, 'Walking Boots & Shoes For Kids', 2, '2020-02-02 22:08:30', '2020-02-02 22:08:30', 144, 144),
(1381, 691, 'Walking Boots & Shoes For Kids', 1, '2020-02-02 22:08:34', '2020-02-02 22:08:34', 144, 144),
(1382, 691, 'أحذية المشي للأطفال', 2, '2020-02-02 22:08:34', '2020-02-02 22:09:24', 144, 144),
(1383, 692, 'Cricket Clothing for Kids', 1, '2020-02-02 22:09:44', '2020-02-02 22:09:44', 144, 144),
(1384, 692, 'ملابس الكريكيت للأطفال', 2, '2020-02-02 22:09:44', '2020-02-02 22:10:14', 144, 144),
(1385, 693, 'Cycling Clothing for Kids', 1, '2020-02-02 22:10:35', '2020-02-02 22:10:35', 144, 144),
(1386, 693, 'ملابس ركوب الدراجات للأطفال', 2, '2020-02-02 22:10:35', '2020-02-02 22:11:00', 144, 144),
(1387, 694, 'Fitness Clothing for Kids', 1, '2020-02-02 22:11:20', '2020-02-02 22:11:20', 144, 144),
(1388, 694, 'ملابس اللياقة البدنية للأطفال', 2, '2020-02-02 22:11:20', '2020-02-02 22:12:18', 144, 144),
(1389, 695, 'Football Clothing for Kids', 1, '2020-02-02 22:12:36', '2020-02-02 22:12:36', 144, 144),
(1390, 695, 'ملابس كرة القدم للأطفال', 2, '2020-02-02 22:12:36', '2020-02-02 22:13:46', 144, 144),
(1391, 696, 'Golf Clothing for Kids', 1, '2020-02-02 22:14:04', '2020-02-02 22:14:04', 144, 144),
(1392, 696, 'ملابس الغولف للأطفال', 2, '2020-02-02 22:14:04', '2020-02-02 22:14:25', 144, 144),
(1393, 697, 'Outdoor Clothing For Kids', 1, '2020-02-02 22:14:57', '2020-02-02 22:14:57', 144, 144),
(1394, 697, 'ملابس خروج رياضية للأطفال', 2, '2020-02-02 22:14:57', '2020-02-02 22:15:19', 144, 144),
(1395, 698, 'Rugby Clothing For Kids', 1, '2020-02-02 22:15:58', '2020-02-02 22:15:58', 144, 144),
(1396, 698, 'ملابس الرجبي للأطفال', 2, '2020-02-02 22:15:58', '2020-02-02 22:16:20', 144, 144),
(1397, 699, 'Running Clothing for Kids', 1, '2020-02-02 22:16:42', '2020-02-02 22:16:42', 144, 144),
(1398, 699, 'ملابس الجري للأطفال', 2, '2020-02-02 22:16:42', '2020-02-02 22:17:37', 144, 144),
(1399, 700, 'Ski Clothing For Kids', 1, '2020-02-02 22:18:09', '2020-02-02 22:18:09', 144, 144),
(1400, 700, 'ملابس التزلج للأطفال', 2, '2020-02-02 22:18:09', '2020-02-02 22:18:30', 144, 144),
(1401, 701, 'Tennis Clothing For Kids', 1, '2020-02-02 22:18:54', '2020-02-02 22:18:54', 144, 144),
(1402, 701, 'ملابس التنس للأطفال', 2, '2020-02-02 22:18:54', '2020-02-02 22:19:25', 144, 144),
(1403, 702, 'Swimming Clothing For Kids', 1, '2020-02-02 22:19:53', '2020-02-02 22:19:53', 144, 144),
(1404, 702, 'ملابس السباحة للأطفال', 2, '2020-02-02 22:19:53', '2020-02-02 22:20:21', 144, 144),
(1407, 704, 'Badminton  ', 1, '2020-02-03 19:15:09', '2020-02-03 19:15:09', 144, 144),
(1408, 704, '  تنس الريشة', 2, '2020-02-03 19:15:09', '2020-02-03 19:15:36', 144, 144),
(1409, 705, 'Baseball  ', 1, '2020-02-03 19:15:54', '2020-02-03 19:15:54', 144, 144),
(1410, 705, '  البيسبول', 2, '2020-02-03 19:15:54', '2020-02-03 19:16:07', 144, 144),
(1411, 706, 'Basketball  ', 1, '2020-02-03 19:17:25', '2020-02-03 19:17:25', 144, 144),
(1412, 706, '  كرة السلة  ', 2, '2020-02-03 19:17:25', '2020-02-03 19:17:36', 144, 144),
(1413, 707, 'Boxing  ', 1, '2020-02-03 19:18:07', '2020-02-03 19:18:07', 144, 144),
(1414, 707, '  الملاكمة', 2, '2020-02-03 19:18:07', '2020-02-03 19:18:17', 144, 144),
(1415, 708, 'Climbing  ', 1, '2020-02-03 19:18:32', '2020-02-03 19:18:32', 144, 144),
(1416, 708, '  التسلق', 2, '2020-02-03 19:18:32', '2020-02-03 19:18:42', 144, 144),
(1417, 709, 'Cricket  ', 1, '2020-02-03 19:18:54', '2020-02-03 19:18:54', 144, 144),
(1418, 709, '  الكريكيت', 2, '2020-02-03 19:18:54', '2020-02-03 19:19:15', 144, 144),
(1419, 710, 'Cycling  ', 1, '2020-02-03 19:19:29', '2020-02-03 19:19:29', 144, 144),
(1420, 710, '  الدراجات', 2, '2020-02-03 19:19:29', '2020-02-03 19:19:45', 144, 144),
(1421, 711, 'Darts  ', 1, '2020-02-03 19:20:07', '2020-02-03 19:20:07', 144, 144),
(1422, 711, '  النبلات', 2, '2020-02-03 19:20:07', '2020-02-03 19:20:22', 144, 144),
(1423, 712, 'Equestrian  ', 1, '2020-02-03 19:20:35', '2020-02-03 19:20:35', 144, 144),
(1424, 712, '  الفروسية', 2, '2020-02-03 19:20:35', '2020-02-03 19:20:45', 144, 144),
(1425, 713, 'Golf  ', 1, '2020-02-03 19:21:01', '2020-02-03 19:21:01', 144, 144),
(1426, 713, '  الغولف', 2, '2020-02-03 19:21:01', '2020-02-03 19:21:20', 144, 144),
(1427, 714, 'Gym & Fitness  ', 1, '2020-02-03 19:21:53', '2020-02-03 19:21:53', 144, 144),
(1428, 714, '  اللياقة البدنية', 2, '2020-02-03 19:21:53', '2020-02-03 19:22:16', 144, 144),
(1429, 715, 'Hockey  ', 1, '2020-02-03 19:22:34', '2020-02-03 19:22:34', 144, 144),
(1430, 715, '  الهوكي', 2, '2020-02-03 19:22:34', '2020-02-03 19:22:47', 144, 144),
(1431, 716, 'Ice Hockey  ', 1, '2020-02-03 19:23:16', '2020-02-03 19:23:16', 144, 144),
(1432, 716, '  هوكي الجليد', 2, '2020-02-03 19:23:16', '2020-02-03 19:23:32', 144, 144),
(1433, 717, 'MMA & Martial Arts  ', 1, '2020-02-03 19:23:45', '2020-02-03 19:23:45', 144, 144),
(1434, 717, '  فنون الدفاع عن النفس ', 2, '2020-02-03 19:23:45', '2020-02-03 19:24:02', 144, 144),
(1435, 718, 'Netball  ', 1, '2020-02-03 19:24:16', '2020-02-03 19:24:16', 144, 144),
(1436, 718, '  كرة الشبكة', 2, '2020-02-03 19:24:16', '2020-02-03 19:24:44', 144, 144),
(1437, 719, 'Racquetball', 1, '2020-02-03 19:25:38', '2020-02-03 19:25:38', 144, 144),
(1438, 719, '  الراكت', 2, '2020-02-03 19:25:38', '2020-02-03 19:25:55', 144, 144),
(1439, 720, 'Rugby  ', 1, '2020-02-03 19:26:13', '2020-02-03 19:26:13', 144, 144),
(1440, 720, '  الرجبي', 2, '2020-02-03 19:26:13', '2020-02-03 19:26:40', 144, 144),
(1441, 721, 'Running  ', 1, '2020-02-03 19:26:52', '2020-02-03 19:26:52', 144, 144),
(1442, 721, '  الجري', 2, '2020-02-03 19:26:52', '2020-02-03 19:27:04', 144, 144),
(1443, 722, 'Skate  ', 1, '2020-02-03 19:27:17', '2020-02-03 19:27:17', 144, 144),
(1444, 722, '  التزلج', 2, '2020-02-03 19:27:17', '2020-02-03 19:27:28', 144, 144),
(1445, 723, 'Skiing  ', 1, '2020-02-03 19:27:43', '2020-02-03 19:27:43', 144, 144),
(1446, 723, '  التزحلق', 2, '2020-02-03 19:27:43', '2020-02-03 19:27:56', 144, 144),
(1447, 724, 'Snooker & Pool  ', 1, '2020-02-03 19:28:10', '2020-02-03 19:28:10', 144, 144),
(1448, 724, '  السنوكر وحمامات السباحة', 2, '2020-02-03 19:28:10', '2020-02-03 19:28:24', 144, 144),
(1449, 725, 'Squash  ', 1, '2020-02-03 19:28:46', '2020-02-03 19:28:46', 144, 144),
(1450, 725, '  الاسكواش', 2, '2020-02-03 19:28:46', '2020-02-03 19:29:20', 144, 144),
(1451, 726, 'Swimming  ', 1, '2020-02-03 19:29:32', '2020-02-03 19:29:32', 144, 144),
(1452, 726, '  السباحة', 2, '2020-02-03 19:29:32', '2020-02-03 19:29:43', 144, 144),
(1453, 727, 'Table Tennis  ', 1, '2020-02-03 19:29:57', '2020-02-03 19:29:57', 144, 144),
(1454, 727, '  تنس الطاولة', 2, '2020-02-03 19:29:57', '2020-02-03 19:30:11', 144, 144),
(1455, 728, 'Tennis  ', 1, '2020-02-03 19:30:26', '2020-02-03 19:30:26', 144, 144),
(1456, 728, '  التنس', 2, '2020-02-03 19:30:26', '2020-02-03 19:30:40', 144, 144),
(1457, 729, 'Trampolines  ', 1, '2020-02-03 19:30:56', '2020-02-03 19:30:56', 144, 144),
(1458, 729, '  الترامبولين', 2, '2020-02-03 19:30:56', '2020-02-03 19:31:15', 144, 144),
(1459, 730, 'Volleyball  ', 1, '2020-02-03 19:31:28', '2020-02-03 19:31:28', 144, 144),
(1460, 730, '  الكرة الطائرة', 2, '2020-02-03 19:31:28', '2020-02-03 19:31:41', 144, 144),
(1461, 731, 'Watersports  ', 1, '2020-02-03 19:31:57', '2020-02-03 19:31:57', 144, 144),
(1462, 731, '  الرياضات المائية  ', 2, '2020-02-03 19:31:57', '2020-02-03 19:32:12', 144, 144),
(1463, 732, 'Yoga  ', 1, '2020-02-03 19:32:24', '2020-02-03 19:32:24', 144, 144),
(1464, 732, '  اليوغا', 2, '2020-02-03 19:32:24', '2020-02-03 19:32:43', 144, 144),
(1465, 733, 'Camping ', 1, '2020-02-03 19:32:56', '2020-02-03 19:32:56', 144, 144),
(1466, 733, 'معدات التخييم ', 2, '2020-02-03 19:32:56', '2020-02-03 19:33:08', 144, 144),
(1467, 734, 'Wrestling', 1, '2020-02-03 19:33:57', '2020-02-03 19:33:57', 144, 144),
(1468, 734, 'المصارعة ', 2, '2020-02-03 19:33:57', '2020-02-03 19:34:15', 144, 144),
(1469, 735, 'Other Equipment', 1, '2020-02-03 19:34:47', '2020-02-03 19:35:11', 144, 144),
(1470, 735, 'معدات أخرى ', 2, '2020-02-03 19:34:47', '2020-02-03 19:35:01', 144, 144),
(1471, 736, 'Amino Acids', 1, '2020-02-03 19:35:48', '2020-02-03 19:35:48', 144, 144),
(1472, 736, 'أحماض أمينية', 2, '2020-02-03 19:35:48', '2020-02-03 19:35:57', 144, 144),
(1473, 737, 'Endurance & Energy', 1, '2020-02-03 19:36:12', '2020-02-03 19:36:12', 144, 144),
(1474, 737, 'التحمل والطاقة', 2, '2020-02-03 19:36:12', '2020-02-03 19:36:21', 144, 144),
(1475, 738, 'Fat Burners & Thermogenics', 1, '2020-02-03 19:37:16', '2020-02-03 19:37:16', 144, 144),
(1476, 738, 'حرق الدهون والريجيم الحراري', 2, '2020-02-03 19:37:16', '2020-02-03 19:37:29', 144, 144),
(1477, 739, 'Nutrition Bars', 1, '2020-02-03 19:37:40', '2020-02-03 19:37:40', 144, 144),
(1478, 739, 'مكملات غذائية', 2, '2020-02-03 19:37:40', '2020-02-03 19:37:52', 144, 144),
(1479, 740, 'Pre-Workout', 1, '2020-02-03 19:38:03', '2020-02-03 19:38:03', 144, 144),
(1480, 740, 'مكملات قبل التمرين ', 2, '2020-02-03 19:38:03', '2020-02-03 19:38:13', 144, 144),
(1481, 741, 'Post-Workout & Recovery', 1, '2020-02-03 19:38:24', '2020-02-03 19:38:24', 144, 144),
(1482, 741, 'مكملات بعد التمرين وبعد الاستشفاء', 2, '2020-02-03 19:38:24', '2020-02-03 19:38:45', 144, 144),
(1483, 742, 'Protein', 1, '2020-02-03 19:38:58', '2020-02-03 19:38:58', 144, 144),
(1484, 742, 'بروتين', 2, '2020-02-03 19:38:58', '2020-02-03 19:39:08', 144, 144),
(1485, 743, 'Testosterone Boosters', 1, '2020-02-03 19:39:21', '2020-02-03 19:39:21', 144, 144),
(1486, 743, 'محفزات التستوستيرون', 2, '2020-02-03 19:39:21', '2020-02-03 19:39:32', 144, 144),
(1487, 744, 'Vitamins ', 1, '2020-02-03 19:39:54', '2020-02-03 19:39:54', 144, 144),
(1488, 744, 'فيتامينات ', 2, '2020-02-03 19:39:54', '2020-02-03 19:40:08', 144, 144),
(1489, 745, 'Teamwear Bags & Accessories', 1, '2020-02-03 19:46:20', '2020-02-03 19:46:20', 144, 144),
(1490, 745, 'شنط وإكسسوارات موحدة للفريق', 2, '2020-02-03 19:46:20', '2020-02-03 19:46:40', 144, 144),
(1491, 746, 'Bags, Cases, Trolleys', 1, '2020-02-03 19:46:59', '2020-02-03 19:46:59', 144, 144),
(1492, 746, 'حقائب ', 2, '2020-02-03 19:46:59', '2020-02-03 19:47:12', 144, 144),
(1493, 747, 'Balls, Shuttles', 1, '2020-02-03 19:47:28', '2020-02-03 19:47:28', 144, 144),
(1494, 747, 'كرات ', 2, '2020-02-03 19:47:28', '2020-02-03 19:47:41', 144, 144),
(1495, 748, 'Body Protection', 1, '2020-02-03 19:47:53', '2020-02-03 19:47:53', 144, 144),
(1496, 748, 'حماية الجسم', 2, '2020-02-03 19:47:53', '2020-02-03 19:48:07', 144, 144),
(1497, 749, 'Electronics', 1, '2020-02-03 19:48:20', '2020-02-03 19:48:20', 144, 144),
(1498, 749, 'إلكترونيات رياضية', 2, '2020-02-03 19:48:20', '2020-02-03 19:48:32', 144, 144),
(1499, 750, 'Gloves', 1, '2020-02-03 19:48:44', '2020-02-03 19:48:44', 144, 144),
(1500, 750, 'قفازات', 2, '2020-02-03 19:48:44', '2020-02-03 19:48:56', 144, 144),
(1501, 751, 'Gum Shields & Mouthguards', 1, '2020-02-03 19:49:46', '2020-02-03 19:49:46', 144, 144),
(1502, 751, 'واقيات الفم', 2, '2020-02-03 19:49:46', '2020-02-03 19:50:15', 144, 144),
(1503, 752, 'Hats, Helmets & Head Protection', 1, '2020-02-03 19:50:44', '2020-02-03 19:50:44', 144, 144),
(1504, 752, 'القبعات والخوذات وحماية الرأس', 2, '2020-02-03 19:50:44', '2020-02-03 19:51:08', 144, 144),
(1505, 753, 'Headphones & Earphones', 1, '2020-02-03 19:51:42', '2020-02-03 19:51:42', 144, 144),
(1506, 753, 'سماعات الرأس وسماعات الأذن', 2, '2020-02-03 19:51:42', '2020-02-03 19:51:54', 144, 144),
(1507, 754, 'Make-up', 1, '2020-02-03 19:52:08', '2020-02-03 19:52:08', 144, 144),
(1508, 754, 'ميك أب', 2, '2020-02-03 19:52:08', '2020-02-03 19:52:19', 144, 144),
(1509, 755, 'Rackets, Bats & Clubs', 1, '2020-02-03 19:52:33', '2020-02-03 19:52:33', 144, 144),
(1510, 755, 'مضارب', 2, '2020-02-03 19:52:33', '2020-02-03 19:53:19', 144, 144),
(1511, 756, 'Ropes & Harnesses', 1, '2020-02-03 19:53:30', '2020-02-03 19:53:30', 144, 144),
(1512, 756, 'الحبال والكماليات', 2, '2020-02-03 19:53:30', '2020-02-03 19:53:47', 144, 144),
(1513, 757, 'Shoe Accessories', 1, '2020-02-03 19:54:04', '2020-02-03 19:54:04', 144, 144),
(1514, 757, 'إكسسوارات الأحذية', 2, '2020-02-03 19:54:04', '2020-02-03 19:54:30', 144, 144),
(1515, 758, 'Towels & Sweatbands', 1, '2020-02-03 19:54:44', '2020-02-03 19:54:44', 144, 144),
(1516, 758, 'المناشف والعصابات', 2, '2020-02-03 19:54:44', '2020-02-03 19:55:03', 144, 144),
(1517, 759, 'Training & Team Equipment', 1, '2020-02-03 19:55:16', '2020-02-03 19:55:16', 144, 144),
(1518, 759, 'معدات التدريب', 2, '2020-02-03 19:55:16', '2020-02-03 19:57:02', 144, 144),
(1519, 760, 'Trophies', 1, '2020-02-03 19:57:14', '2020-02-03 19:57:14', 144, 144),
(1520, 760, 'الجوائز', 2, '2020-02-03 19:57:14', '2020-02-03 19:57:31', 144, 144),
(1521, 761, 'Water Bottles & Hydration', 1, '2020-02-03 19:57:42', '2020-02-03 19:57:42', 144, 144),
(1522, 761, 'زجاجات المياه  والسوائل', 2, '2020-02-03 19:57:42', '2020-02-03 19:57:59', 144, 144),
(1523, 762, 'Weights & Resistance', 1, '2020-02-03 19:58:11', '2020-02-03 19:58:11', 144, 144),
(1524, 762, 'الأوزان والمقاومة', 2, '2020-02-03 19:58:11', '2020-02-03 19:58:25', 144, 144),
(1525, 763, 'All Bags', 1, '2020-02-03 19:58:38', '2020-02-03 19:58:38', 144, 144),
(1526, 763, 'جميع الحقائب', 2, '2020-02-03 19:58:38', '2020-02-03 19:58:52', 144, 144),
(1527, 764, 'Sportive Perfume', 1, '2020-02-03 19:59:06', '2020-02-03 19:59:06', 144, 144),
(1528, 764, 'عطر رياضي', 2, '2020-02-03 19:59:06', '2020-02-03 19:59:40', 144, 144),
(1529, 765, 'Camping Accessories', 1, '2020-02-03 19:59:54', '2020-02-03 19:59:54', 144, 144),
(1530, 765, 'مستلزمات التخييم ', 2, '2020-02-03 19:59:54', '2020-02-03 20:00:08', 144, 144),
(1531, 766, 'Watersports Accessories', 1, '2020-02-03 20:00:22', '2020-02-03 20:00:22', 144, 144),
(1532, 766, 'مستلزمات الألعاب المائية ', 2, '2020-02-03 20:00:22', '2020-02-03 20:00:39', 144, 144),
(1533, 767, 'Yoga Accessories', 1, '2020-02-03 20:00:52', '2020-02-03 20:00:52', 144, 144),
(1534, 767, 'مستلزمات اليوغا', 2, '2020-02-03 20:00:52', '2020-02-03 20:01:11', 144, 144),
(1535, 768, 'Exterior ', 1, '2020-02-03 20:23:07', '2020-02-03 20:23:07', 144, 144),
(1536, 768, 'أجزاء خارجية ', 2, '2020-02-03 20:23:07', '2020-02-03 20:23:20', 144, 144),
(1537, 769, 'Interior', 1, '2020-02-03 20:23:39', '2020-02-03 20:23:39', 144, 144),
(1538, 769, 'أجزاء داخلية ', 2, '2020-02-03 20:23:39', '2020-02-03 20:23:57', 144, 144),
(1539, 770, 'Spare Parts', 1, '2020-02-03 20:24:21', '2020-02-03 20:24:21', 144, 144),
(1540, 770, 'قطع غيار', 2, '2020-02-03 20:24:21', '2020-02-03 20:24:35', 144, 144),
(1541, 771, 'Accessories ', 1, '2020-02-03 20:24:52', '2020-02-03 20:24:52', 144, 144),
(1542, 771, 'إكسسوارات', 2, '2020-02-03 20:24:52', '2020-02-03 20:25:18', 144, 144),
(1543, 772, 'Tracking Systems ', 1, '2020-02-03 20:26:40', '2020-02-03 20:26:40', 144, 144),
(1544, 772, 'أجهزة تتبع', 2, '2020-02-03 20:26:40', '2020-02-03 20:27:01', 144, 144),
(1545, 773, 'Fluids & Chemicals ', 1, '2020-02-03 20:27:15', '2020-02-03 20:27:15', 144, 144),
(1546, 773, 'سوائل وكيماويات ', 2, '2020-02-03 20:27:15', '2020-02-03 20:27:39', 144, 144),
(1547, 774, 'Spare Parts', 1, '2020-02-03 20:29:02', '2020-02-03 20:29:02', 144, 144),
(1548, 774, 'قطع غيار', 2, '2020-02-03 20:29:02', '2020-02-03 20:29:16', 144, 144),
(1549, 775, 'Accessories ', 1, '2020-02-03 20:29:29', '2020-02-03 20:29:29', 144, 144),
(1550, 775, 'إكسسوارات  ', 2, '2020-02-03 20:29:29', '2020-02-03 20:29:46', 144, 144),
(1551, 776, 'Tracking Systems ', 1, '2020-02-03 20:30:06', '2020-02-03 20:30:06', 144, 144),
(1552, 776, 'أجهزة تتبع ', 2, '2020-02-03 20:30:06', '2020-02-03 20:30:23', 144, 144),
(1553, 777, 'Fluids & Chemicals ', 1, '2020-02-03 20:30:43', '2020-02-03 20:30:43', 144, 144),
(1554, 777, 'سوائل وكيماويات', 2, '2020-02-03 20:30:43', '2020-02-03 20:31:02', 144, 144),
(1555, 778, 'Aircraft & Aviation', 1, '2020-02-03 20:34:45', '2020-02-03 20:34:45', 144, 144),
(1556, 778, 'الطائرات والطيران', 2, '2020-02-03 20:34:45', '2020-02-03 20:35:02', 144, 144),
(1557, 779, 'Boats & Watercraft', 1, '2020-02-03 20:35:20', '2020-02-03 20:35:20', 144, 144),
(1558, 779, 'قوارب ومراكب مائية', 2, '2020-02-03 20:35:20', '2020-02-03 20:35:41', 144, 144),
(1559, 780, 'Salvage Cars', 1, '2020-02-03 20:36:05', '2020-02-03 20:36:05', 144, 144),
(1560, 780, 'سيارات الإنقاذ', 2, '2020-02-03 20:36:05', '2020-02-03 20:36:19', 144, 144),
(1561, 781, 'Classic Cars', 1, '2020-02-03 20:36:55', '2020-02-03 20:36:55', 144, 144),
(1562, 781, 'السيارات الكلاسيكية', 2, '2020-02-03 20:36:55', '2020-02-03 20:37:11', 144, 144),
(1563, 782, 'Commercial Vehicles', 1, '2020-02-03 20:37:28', '2020-02-03 20:37:28', 144, 144),
(1564, 782, 'المركبات التجارية', 2, '2020-02-03 20:37:28', '2020-02-03 20:37:40', 144, 144),
(1565, 783, 'Salvage Motorcycles', 1, '2020-02-03 20:38:01', '2020-02-03 20:38:01', 144, 144),
(1566, 783, 'دراجات إنقاذ نارية ', 2, '2020-02-03 20:38:01', '2020-02-03 20:38:22', 144, 144),
(1567, 784, 'Disabled Vehicles', 1, '2020-02-03 20:38:38', '2020-02-03 20:38:38', 144, 144),
(1568, 784, 'مركبات ذوي الاحتياجات الخاصة', 2, '2020-02-03 20:38:38', '2020-02-03 20:38:52', 144, 144),
(1569, 785, 'Emergency Vehicles', 1, '2020-02-03 20:39:32', '2020-02-03 20:39:32', 144, 144),
(1570, 785, 'سيارات الطوارئ', 2, '2020-02-03 20:39:32', '2020-02-03 20:39:45', 144, 144),
(1571, 786, 'Golf Buggies', 1, '2020-02-03 20:42:08', '2020-02-03 20:42:08', 144, 144),
(1572, 786, 'عربات الغولف', 2, '2020-02-03 20:42:08', '2020-02-03 20:42:27', 144, 144),
(1573, 787, 'Military Vehicles', 1, '2020-02-03 20:42:43', '2020-02-03 20:42:43', 144, 144),
(1574, 787, 'Military Vehicles', 2, '2020-02-03 20:42:43', '2020-02-03 20:42:43', 144, 144),
(1575, 788, 'Race Cars', 1, '2020-02-03 20:45:21', '2020-02-03 20:45:21', 144, 144),
(1576, 788, 'مركبات سباق', 2, '2020-02-03 20:45:21', '2020-02-03 20:45:37', 144, 144),
(1577, 789, 'Dog', 1, '2020-02-03 21:52:16', '2020-02-03 21:52:49', 144, 144),
(1578, 789, 'الكلاب ', 2, '2020-02-03 21:52:16', '2020-02-03 21:52:56', 144, 144),
(1579, 790, 'Cat  ', 1, '2020-02-03 21:53:14', '2020-02-03 21:53:14', 144, 144),
(1580, 790, 'القطط ', 2, '2020-02-03 21:53:14', '2020-02-03 21:53:23', 144, 144),
(1581, 791, 'Fish  ', 1, '2020-02-03 21:53:44', '2020-02-03 21:53:44', 144, 144),
(1582, 791, 'السمك ', 2, '2020-02-03 21:53:44', '2020-02-03 21:53:55', 144, 144),
(1583, 792, 'Bird  ', 1, '2020-02-03 21:54:06', '2020-02-03 21:54:06', 144, 144),
(1584, 792, 'الطيور', 2, '2020-02-03 21:54:06', '2020-02-03 21:54:16', 144, 144),
(1585, 793, 'Reptile  ', 1, '2020-02-03 21:54:28', '2020-02-03 21:54:28', 144, 144),
(1586, 793, 'الزواحف ', 2, '2020-02-03 21:54:28', '2020-02-03 21:54:46', 144, 144),
(1587, 794, 'Other Pets ', 1, '2020-02-03 21:57:12', '2020-02-03 21:57:12', 144, 144),
(1588, 794, 'حيوانات أليفة أخرى ', 2, '2020-02-03 21:57:12', '2020-02-03 21:57:22', 144, 144),
(1589, 795, 'Dog  ', 1, '2020-02-03 21:58:25', '2020-02-03 21:58:25', 144, 144),
(1590, 795, 'الكلاب ', 2, '2020-02-03 21:58:25', '2020-02-03 21:58:34', 144, 144),
(1591, 796, 'Cat  ', 1, '2020-02-03 21:58:44', '2020-02-03 21:58:44', 144, 144),
(1592, 796, 'القطط ', 2, '2020-02-03 21:58:44', '2020-02-03 21:58:54', 144, 144),
(1593, 797, 'Fish  ', 1, '2020-02-03 21:59:03', '2020-02-03 21:59:03', 144, 144),
(1594, 797, 'السمك ', 2, '2020-02-03 21:59:03', '2020-02-03 21:59:13', 144, 144),
(1595, 798, 'Bird  ', 1, '2020-02-03 21:59:24', '2020-02-03 21:59:24', 144, 144),
(1596, 798, 'الطيور', 2, '2020-02-03 21:59:24', '2020-02-03 21:59:34', 144, 144),
(1597, 799, 'Reptile  ', 1, '2020-02-03 21:59:46', '2020-02-03 21:59:46', 144, 144),
(1598, 799, 'الزواحف ', 2, '2020-02-03 21:59:46', '2020-02-03 21:59:58', 144, 144),
(1599, 800, 'Other Pets ', 1, '2020-02-03 22:00:08', '2020-02-03 22:00:08', 144, 144),
(1600, 800, 'حيوانات أليفة أخرى ', 2, '2020-02-03 22:00:08', '2020-02-03 22:00:19', 144, 144),
(1601, 801, 'Dog  ', 1, '2020-02-03 22:01:10', '2020-02-03 22:01:10', 144, 144),
(1602, 801, 'الكلاب ', 2, '2020-02-03 22:01:10', '2020-02-03 22:01:20', 144, 144),
(1603, 802, 'Cat  ', 1, '2020-02-03 22:01:30', '2020-02-03 22:01:30', 144, 144),
(1604, 802, 'القطط ', 2, '2020-02-03 22:01:30', '2020-02-03 22:01:41', 144, 144),
(1605, 803, 'Fish  ', 1, '2020-02-03 22:01:52', '2020-02-03 22:01:52', 144, 144),
(1606, 803, 'السمك ', 2, '2020-02-03 22:01:52', '2020-02-03 22:02:04', 144, 144),
(1607, 804, 'Bird  ', 1, '2020-02-03 22:02:16', '2020-02-03 22:02:16', 144, 144),
(1608, 804, 'الطيور', 2, '2020-02-03 22:02:16', '2020-02-03 22:02:26', 144, 144),
(1609, 805, 'Reptile  ', 1, '2020-02-03 22:02:38', '2020-02-03 22:02:38', 144, 144),
(1610, 805, 'الزواحف ', 2, '2020-02-03 22:02:38', '2020-02-03 22:02:47', 144, 144),
(1611, 806, 'Other Pets ', 1, '2020-02-03 22:03:00', '2020-02-03 22:03:00', 144, 144),
(1612, 806, 'حيوانات أليفة أخرى ', 2, '2020-02-03 22:03:00', '2020-02-03 22:03:10', 144, 144),
(1613, 807, 'Dog  ', 1, '2020-02-03 22:03:58', '2020-02-03 22:03:58', 144, 144),
(1614, 807, 'الكلاب ', 2, '2020-02-03 22:03:58', '2020-02-03 22:04:08', 144, 144),
(1615, 808, 'Cat  ', 1, '2020-02-03 22:04:19', '2020-02-03 22:04:19', 144, 144),
(1616, 808, 'القطط ', 2, '2020-02-03 22:04:19', '2020-02-03 22:04:30', 144, 144),
(1617, 809, 'Fish  ', 1, '2020-02-03 22:04:39', '2020-02-03 22:04:39', 144, 144),
(1618, 809, 'السمك ', 2, '2020-02-03 22:04:39', '2020-02-03 22:04:52', 144, 144),
(1619, 810, 'Bird  ', 1, '2020-02-03 22:05:03', '2020-02-03 22:05:03', 144, 144),
(1620, 810, 'الطيور', 2, '2020-02-03 22:05:03', '2020-02-03 22:05:16', 144, 144),
(1621, 811, 'Reptile  ', 1, '2020-02-03 22:05:27', '2020-02-03 22:05:27', 144, 144),
(1622, 811, 'Reptile  ', 2, '2020-02-03 22:05:27', '2020-02-03 22:05:27', 144, 144),
(1623, 812, 'Other Pets ', 1, '2020-02-03 22:05:42', '2020-02-03 22:05:42', 144, 144),
(1624, 812, 'حيوانات أليفة أخرى ', 2, '2020-02-03 22:05:42', '2020-02-03 22:05:59', 144, 144),
(1625, 813, 'Fruits ', 1, '2020-02-03 22:11:02', '2020-02-03 22:11:02', 144, 144),
(1626, 813, 'فواكه', 2, '2020-02-03 22:11:02', '2020-02-03 22:11:14', 144, 144),
(1627, 814, 'Vegetables ', 1, '2020-02-03 22:11:40', '2020-02-03 22:11:40', 144, 144),
(1628, 814, 'خضراوات', 2, '2020-02-03 22:11:40', '2020-02-03 22:11:50', 144, 144),
(1629, 815, 'Fish ', 1, '2020-02-03 22:12:02', '2020-02-03 22:12:02', 144, 144),
(1630, 815, 'أسماك ', 2, '2020-02-03 22:12:02', '2020-02-03 22:12:11', 144, 144),
(1631, 816, 'Poultry', 1, '2020-02-03 22:12:23', '2020-02-03 22:12:23', 144, 144),
(1632, 816, 'دواجن ', 2, '2020-02-03 22:12:23', '2020-02-03 22:12:32', 144, 144),
(1633, 817, 'Meat', 1, '2020-02-03 22:12:45', '2020-02-03 22:12:45', 144, 144),
(1634, 817, 'لحوم ', 2, '2020-02-03 22:12:45', '2020-02-03 22:13:07', 144, 144),
(1635, 818, 'Dairy  ', 1, '2020-02-03 22:13:32', '2020-02-03 22:13:32', 144, 144),
(1636, 818, 'الألبان', 2, '2020-02-03 22:13:32', '2020-02-03 22:13:46', 144, 144),
(1637, 819, 'Cooking Necessities', 1, '2020-02-03 22:13:58', '2020-02-03 22:13:58', 144, 144),
(1638, 819, 'ضروريات الطبخ', 2, '2020-02-03 22:13:58', '2020-02-03 22:14:08', 144, 144),
(1639, 820, 'Canned Products', 1, '2020-02-03 22:14:20', '2020-02-03 22:14:20', 144, 144),
(1640, 820, 'المنتجات المعلبة', 2, '2020-02-03 22:14:20', '2020-02-03 22:14:31', 144, 144),
(1641, 821, 'Rice and Couscous', 1, '2020-02-03 22:14:42', '2020-02-03 22:14:42', 144, 144),
(1642, 821, 'الأرز والكسكسي', 2, '2020-02-03 22:14:42', '2020-02-03 22:14:56', 144, 144),
(1659, 830, 'Bread ', 1, '2020-02-04 17:37:37', '2020-02-04 17:37:37', 144, 144),
(1660, 830, 'خبز', 2, '2020-02-04 17:37:37', '2020-02-04 17:37:48', 144, 144),
(1661, 831, 'Energy Drinks', 1, '2020-02-04 17:38:04', '2020-02-04 17:38:04', 144, 144),
(1662, 831, 'مشروبات الطاقة', 2, '2020-02-04 17:38:04', '2020-02-04 17:38:15', 144, 144),
(1663, 832, 'Evaporated & Creamers', 1, '2020-02-04 17:38:26', '2020-02-04 17:38:26', 144, 144),
(1664, 832, 'كريمر', 2, '2020-02-04 17:38:26', '2020-02-04 17:38:39', 144, 144),
(1665, 833, 'Powder Drinks', 1, '2020-02-04 17:38:53', '2020-02-04 17:38:53', 144, 144),
(1666, 833, 'مشروبات بودرة', 2, '2020-02-04 17:38:53', '2020-02-04 17:39:05', 144, 144),
(1667, 834, 'CAKES ', 1, '2020-02-04 17:39:24', '2020-02-04 17:39:24', 144, 144),
(1668, 834, 'كعكات', 2, '2020-02-04 17:39:24', '2020-02-04 17:39:35', 144, 144),
(1669, 835, 'PIES ', 1, '2020-02-04 17:39:46', '2020-02-04 17:39:46', 144, 144),
(1670, 835, 'فطائر', 2, '2020-02-04 17:39:46', '2020-02-04 17:39:58', 144, 144),
(1671, 836, 'BROWNIE AND BARS ', 1, '2020-02-04 17:40:17', '2020-02-04 17:40:17', 144, 144),
(1672, 836, 'براونيز', 2, '2020-02-04 17:40:17', '2020-02-04 17:40:28', 144, 144),
(1673, 837, 'ICEBOX DESSERTS ', 1, '2020-02-04 17:40:45', '2020-02-04 17:40:45', 144, 144),
(1674, 837, 'حلويات مثلجة ', 2, '2020-02-04 17:40:45', '2020-02-04 17:40:55', 144, 144),
(1675, 838, 'Snacks', 1, '2020-02-04 17:41:11', '2020-02-04 17:41:11', 144, 144),
(1676, 838, 'سناكس', 2, '2020-02-04 17:41:11', '2020-02-04 17:41:21', 144, 144),
(1677, 839, 'Cookies', 1, '2020-02-04 17:41:33', '2020-02-04 17:41:33', 144, 144),
(1678, 839, 'كوكيز', 2, '2020-02-04 17:41:33', '2020-02-04 17:41:45', 144, 144),
(1679, 840, 'Coffee', 1, '2020-02-04 17:42:57', '2020-02-04 17:42:57', 144, 144),
(1680, 840, 'قهوة', 2, '2020-02-04 17:42:57', '2020-02-04 17:43:17', 144, 144),
(1683, 842, 'Water', 1, '2020-02-04 17:46:54', '2020-02-04 17:46:54', 144, 144),
(1684, 842, 'ماء', 2, '2020-02-04 17:46:54', '2020-02-04 17:47:09', 144, 144),
(1685, 843, 'Softdrinks & Syrups', 1, '2020-02-04 17:47:27', '2020-02-04 17:47:27', 144, 144),
(1686, 843, 'المشروبات الغازية والشربات', 2, '2020-02-04 17:47:27', '2020-02-04 17:48:24', 144, 144),
(1687, 844, 'Hot Drinks ', 1, '2020-02-04 18:31:52', '2020-02-04 18:31:52', 144, 144),
(1688, 844, 'مشروبات ساخنة ', 2, '2020-02-04 18:31:52', '2020-02-04 18:32:29', 144, 144),
(1689, 845, 'Cold Drinks ', 1, '2020-02-04 18:32:44', '2020-02-04 18:32:44', 144, 144),
(1690, 845, 'مشروبات باردة', 2, '2020-02-04 18:32:44', '2020-02-04 18:32:56', 144, 144),
(1691, 846, 'Energy Drinks', 1, '2020-02-04 18:33:12', '2020-02-04 18:33:12', 144, 144),
(1692, 846, 'مشروبات الطاقة', 2, '2020-02-04 18:33:12', '2020-02-04 18:33:27', 144, 144),
(1697, 849, 'Pasta and Noodles', 1, '2020-02-04 19:13:31', '2020-02-04 19:13:31', 144, 144),
(1698, 849, 'المعكرونة والنودلز', 2, '2020-02-04 19:13:31', '2020-02-04 19:13:44', 144, 144),
(1699, 850, 'Sugar and Sweet Groceries', 1, '2020-02-04 19:14:10', '2020-02-04 19:14:10', 144, 144),
(1700, 850, 'السكر وحلويات البقالة ', 2, '2020-02-04 19:14:10', '2020-02-04 19:15:30', 144, 144),
(1701, 851, 'Nuts and Yameesh', 1, '2020-02-04 19:15:54', '2020-02-04 19:15:54', 144, 144),
(1702, 851, 'المكسرات وياميش', 2, '2020-02-04 19:15:54', '2020-02-04 19:17:43', 144, 144),
(1703, 852, 'Cereal', 1, '2020-02-04 19:18:03', '2020-02-04 19:18:03', 144, 144),
(1704, 852, 'حبوب', 2, '2020-02-04 19:18:03', '2020-02-04 19:18:15', 144, 144),
(1705, 853, 'Grains and Pulses', 1, '2020-02-04 19:19:03', '2020-02-04 19:19:03', 144, 144),
(1706, 853, 'الحبوب والبقول', 2, '2020-02-04 19:19:03', '2020-02-04 19:19:21', 144, 144),
(1707, 854, 'Smoked and Salted Fish', 1, '2020-02-04 19:19:41', '2020-02-04 19:19:41', 144, 144),
(1708, 854, 'سمك مدخن ومملح', 2, '2020-02-04 19:19:41', '2020-02-04 19:19:54', 144, 144),
(1709, 855, 'Frozen', 1, '2020-02-04 19:20:08', '2020-02-04 19:20:08', 144, 144),
(1710, 855, 'مجمدات', 2, '2020-02-04 19:20:08', '2020-02-04 19:20:44', 144, 144),
(1711, 856, 'Sweets and Salty', 1, '2020-02-04 19:21:02', '2020-02-04 19:21:02', 144, 144),
(1712, 856, 'حلويات وموالح ', 2, '2020-02-04 19:21:02', '2020-02-04 19:21:19', 144, 144),
(1713, 857, 'Evaporated & Creamers', 1, '2020-02-04 19:27:50', '2020-02-04 19:27:50', 144, 144),
(1714, 857, 'كريمر', 2, '2020-02-04 19:27:50', '2020-02-04 19:28:05', 144, 144),
(1715, 858, 'Powder Drinks', 1, '2020-02-04 19:28:23', '2020-02-04 19:28:23', 144, 144),
(1716, 858, 'مشروبات بودرة', 2, '2020-02-04 19:28:23', '2020-02-04 19:28:35', 144, 144),
(1725, 863, 'Bakery ', 1, '2020-02-04 19:39:24', '2020-02-04 19:39:24', 144, 144),
(1726, 863, 'مخبوزات ', 2, '2020-02-04 19:39:24', '2020-02-04 19:39:35', 144, 144),
(1727, 864, 'BBQ ', 1, '2020-02-04 19:41:36', '2020-02-04 19:41:36', 144, 144),
(1728, 864, 'مشويات', 2, '2020-02-04 19:41:36', '2020-02-04 19:42:01', 144, 144),
(1729, 865, 'Breakfast ', 1, '2020-02-04 19:42:44', '2020-02-04 19:42:44', 144, 144),
(1730, 865, 'فطور', 2, '2020-02-04 19:42:44', '2020-02-04 19:42:55', 144, 144),
(1731, 866, 'Burgers', 1, '2020-02-04 19:43:07', '2020-02-04 19:43:07', 144, 144),
(1732, 866, 'برجر', 2, '2020-02-04 19:43:07', '2020-02-04 19:43:18', 144, 144),
(1735, 868, 'Chicken ', 1, '2020-02-04 19:44:05', '2020-02-04 19:44:05', 144, 144),
(1736, 868, 'دجاج ', 2, '2020-02-04 19:44:05', '2020-02-04 19:44:16', 144, 144),
(1737, 869, 'Dessert', 1, '2020-02-04 19:44:37', '2020-02-04 19:44:37', 144, 144),
(1738, 869, 'حلويات', 2, '2020-02-04 19:44:37', '2020-02-04 19:44:48', 144, 144),
(1749, 875, 'Gulf Cuisine ', 1, '2020-02-04 19:47:43', '2020-02-04 19:47:43', 144, 144),
(1750, 875, 'أكلات خليجية', 2, '2020-02-04 19:47:43', '2020-02-04 19:48:02', 144, 144),
(1751, 876, 'Ice Cream ', 1, '2020-02-04 19:48:17', '2020-02-04 19:48:17', 144, 144),
(1752, 876, 'آيس كريم ومثلجات', 2, '2020-02-04 19:48:17', '2020-02-04 19:48:35', 144, 144),
(1781, 891, 'Sandwihces ', 1, '2020-02-04 21:50:01', '2020-02-04 21:50:01', 144, 144),
(1782, 891, 'سندوتشات', 2, '2020-02-04 21:50:01', '2020-02-04 21:50:35', 144, 144),
(1783, 892, 'Vegetarian / Vegan ', 1, '2020-02-04 21:51:56', '2020-02-04 21:51:56', 144, 144),
(1784, 892, 'أكل نباتي', 2, '2020-02-04 21:51:56', '2020-02-04 21:52:24', 144, 144),
(1785, 893, 'Seafood ', 1, '2020-02-04 21:53:04', '2020-02-04 21:53:04', 144, 144),
(1786, 893, 'سي فود ', 2, '2020-02-04 21:53:04', '2020-02-04 21:53:17', 144, 144),
(1787, 894, 'Antique Advertising', 1, '2020-02-05 17:28:48', '2020-02-05 17:28:48', 144, 144),
(1788, 894, 'الإعلانات العتيقة', 2, '2020-02-05 17:28:48', '2020-02-05 17:29:15', 144, 144),
(1789, 895, 'Antique Art', 1, '2020-02-05 17:29:36', '2020-02-05 17:29:36', 144, 144),
(1790, 895, 'الفن العتيق', 2, '2020-02-05 17:29:36', '2020-02-05 17:29:47', 144, 144),
(1791, 896, 'Antique Barometers', 1, '2020-02-05 17:30:03', '2020-02-05 17:30:03', 144, 144),
(1792, 896, 'بارومترات عتيقة', 2, '2020-02-05 17:30:03', '2020-02-05 17:30:15', 144, 144),
(1793, 897, 'Antique Beds', 1, '2020-02-05 17:30:29', '2020-02-05 17:30:29', 144, 144),
(1794, 897, 'سرير عتيق', 2, '2020-02-05 17:30:29', '2020-02-05 17:30:39', 144, 144),
(1795, 898, 'Antique Bookcases', 1, '2020-02-05 17:30:51', '2020-02-05 17:30:51', 144, 144),
(1796, 898, 'مكتبات عتيقة', 2, '2020-02-05 17:30:51', '2020-02-05 17:31:06', 144, 144),
(1797, 899, 'Antique Books', 1, '2020-02-05 17:31:16', '2020-02-05 17:31:16', 144, 144);
INSERT INTO `categories_text` (`CategoryTextID`, `CategoryID`, `Title`, `SystemLanguageID`, `CreatedAt`, `UpdatedAt`, `CreatedBy`, `UpdatedBy`) VALUES
(1798, 899, 'الكتب العتيقة', 2, '2020-02-05 17:31:16', '2020-02-05 17:31:26', 144, 144),
(1799, 900, 'Antique Boxes', 1, '2020-02-05 17:31:41', '2020-02-05 17:31:41', 144, 144),
(1800, 900, 'علب عتيقة', 2, '2020-02-05 17:31:41', '2020-02-05 17:31:53', 144, 144),
(1801, 901, 'Antique Bureau', 1, '2020-02-05 17:32:11', '2020-02-05 17:32:11', 144, 144),
(1802, 901, 'مكتب عتيق', 2, '2020-02-05 17:32:11', '2020-02-05 17:32:29', 144, 144),
(1803, 902, 'Antique Cabinets', 1, '2020-02-05 17:32:46', '2020-02-05 17:32:46', 144, 144),
(1804, 902, 'خزائن عتيقة', 2, '2020-02-05 17:32:46', '2020-02-05 17:33:00', 144, 144),
(1805, 903, 'Antique Ceramics', 1, '2020-02-05 17:36:14', '2020-02-05 17:36:14', 144, 144),
(1806, 903, 'سيراميك عتيق', 2, '2020-02-05 17:36:14', '2020-02-05 17:36:28', 144, 144),
(1807, 904, 'Antique Chairs', 1, '2020-02-05 17:36:43', '2020-02-05 17:36:43', 144, 144),
(1808, 904, 'كراسي عتيقة', 2, '2020-02-05 17:36:43', '2020-02-05 17:36:54', 144, 144),
(1809, 905, 'Antique Chest of Drawers', 1, '2020-02-05 17:37:06', '2020-02-05 17:37:06', 144, 144),
(1810, 905, 'مجموعة أدراج عتيقة', 2, '2020-02-05 17:37:06', '2020-02-05 17:37:18', 144, 144),
(1811, 906, 'Antique Clocks', 1, '2020-02-05 17:37:42', '2020-02-05 17:37:42', 144, 144),
(1812, 906, 'الساعات العتيقة', 2, '2020-02-05 17:37:42', '2020-02-05 17:37:53', 144, 144),
(1813, 907, 'Antique Coins & Banknotes', 1, '2020-02-05 17:38:04', '2020-02-05 17:38:04', 144, 144),
(1814, 907, 'عملات قديمة وعملات ورقية', 2, '2020-02-05 17:38:04', '2020-02-05 17:38:25', 144, 144),
(1815, 908, 'Antique Cupboards', 1, '2020-02-05 17:38:39', '2020-02-05 17:38:39', 144, 144),
(1816, 908, 'خزائن عتيقة', 2, '2020-02-05 17:38:39', '2020-02-05 17:38:52', 144, 144),
(1817, 909, 'Antique Cups', 1, '2020-02-05 17:39:03', '2020-02-05 17:39:03', 144, 144),
(1818, 909, 'الكؤوس العتيقة', 2, '2020-02-05 17:39:03', '2020-02-05 17:39:13', 144, 144),
(1819, 910, 'Antique Desks', 1, '2020-02-05 17:39:24', '2020-02-05 17:39:24', 144, 144),
(1820, 910, 'مكاتب عتيقة', 2, '2020-02-05 17:39:24', '2020-02-05 17:39:39', 144, 144),
(1821, 911, 'Antique Dressers', 1, '2020-02-05 17:39:52', '2020-02-05 17:39:52', 144, 144),
(1822, 911, 'خزانات عتيقة', 2, '2020-02-05 17:39:52', '2020-02-05 17:41:15', 144, 144),
(1823, 912, 'Antique Dressing Tables', 1, '2020-02-05 17:41:41', '2020-02-05 17:41:41', 144, 144),
(1824, 912, 'منضدة ملابس عتيقة', 2, '2020-02-05 17:41:41', '2020-02-05 17:42:01', 144, 144),
(1825, 913, 'Antique Featured', 1, '2020-02-05 17:42:12', '2020-02-05 17:42:12', 144, 144),
(1826, 913, 'أنتيكات مميزة', 2, '2020-02-05 17:42:12', '2020-02-05 17:42:28', 144, 144),
(1827, 914, 'Antique Fireplaces & Fireplace Accessories', 1, '2020-02-05 17:42:43', '2020-02-05 17:42:43', 144, 144),
(1828, 914, 'المواقد العتيقة', 2, '2020-02-05 17:42:43', '2020-02-05 17:43:04', 144, 144),
(1829, 915, 'Antique Furniture', 1, '2020-02-05 17:43:18', '2020-02-05 17:43:18', 144, 144),
(1830, 915, 'أثاث عتيق', 2, '2020-02-05 17:43:18', '2020-02-05 17:43:43', 144, 144),
(1831, 916, 'Garden Antiques', 1, '2020-02-05 17:43:57', '2020-02-05 17:43:57', 144, 144),
(1832, 916, 'حديقة التحف', 2, '2020-02-05 17:43:57', '2020-02-05 17:44:40', 144, 144),
(1833, 917, 'Antique Glassware', 1, '2020-02-05 17:44:54', '2020-02-05 17:44:54', 144, 144),
(1834, 917, 'الأواني الزجاجية العتيقة', 2, '2020-02-05 17:44:54', '2020-02-05 17:45:06', 144, 144),
(1835, 918, 'Antique Jewellery', 1, '2020-02-05 17:45:56', '2020-02-05 17:45:56', 144, 144),
(1836, 918, 'مجوهرات عتيقة', 2, '2020-02-05 17:45:56', '2020-02-05 17:46:11', 144, 144),
(1837, 919, 'Antique Lighting', 1, '2020-02-05 17:46:28', '2020-02-05 17:46:28', 144, 144),
(1838, 919, 'الإضاءة العتيقة', 2, '2020-02-05 17:46:28', '2020-02-05 17:46:38', 144, 144),
(1839, 920, 'Antique Luggage', 1, '2020-02-05 17:46:50', '2020-02-05 17:46:50', 144, 144),
(1840, 920, 'الحقائب العتيقة', 2, '2020-02-05 17:46:50', '2020-02-05 17:47:07', 144, 144),
(1841, 921, 'Antique Metalware', 1, '2020-02-05 17:47:34', '2020-02-05 17:47:34', 144, 144),
(1842, 921, 'أدوات معدنية عتيقة', 2, '2020-02-05 17:47:34', '2020-02-05 17:47:50', 144, 144),
(1843, 922, 'Antique Militaria', 1, '2020-02-05 17:48:08', '2020-02-05 17:48:08', 144, 144),
(1844, 922, 'أدوات حرب عتيقة', 2, '2020-02-05 17:48:08', '2020-02-05 17:48:30', 144, 144),
(1845, 923, 'Antique Mirrors', 1, '2020-02-05 17:48:48', '2020-02-05 17:48:48', 144, 144),
(1846, 923, 'مرايا عتيقة', 2, '2020-02-05 17:48:48', '2020-02-05 17:49:03', 144, 144),
(1847, 924, 'Antique Miscellaneous', 1, '2020-02-05 17:49:15', '2020-02-05 17:49:15', 144, 144),
(1848, 924, 'أنتيكات متنوعة ', 2, '2020-02-05 17:49:15', '2020-02-05 17:49:26', 144, 144),
(1849, 925, 'Antique Plates', 1, '2020-02-05 17:50:10', '2020-02-05 17:50:10', 144, 144),
(1850, 925, 'لوحات عتيقة', 2, '2020-02-05 17:50:10', '2020-02-05 17:50:25', 144, 144),
(1851, 926, 'Antique Rugs', 1, '2020-02-05 17:52:27', '2020-02-05 17:52:27', 144, 144),
(1852, 926, 'السجاد العتيق', 2, '2020-02-05 17:52:27', '2020-02-05 17:55:10', 144, 144),
(1853, 927, 'Antique Sculptures', 1, '2020-02-05 17:55:40', '2020-02-05 17:55:40', 144, 144),
(1854, 927, 'التماثيل العتيقة', 2, '2020-02-05 17:55:40', '2020-02-05 17:55:53', 144, 144),
(1855, 928, 'Antique Sideboards', 1, '2020-02-05 17:56:26', '2020-02-05 17:56:26', 144, 144),
(1856, 928, 'ألواح جانبية عتيقة', 2, '2020-02-05 17:56:26', '2020-02-05 17:56:46', 144, 144),
(1857, 929, 'Antique Silver', 1, '2020-02-05 17:56:58', '2020-02-05 17:56:58', 144, 144),
(1858, 929, 'الفضة العتيقة', 2, '2020-02-05 17:56:58', '2020-02-05 17:57:10', 144, 144),
(1859, 930, 'Antique Sofas', 1, '2020-02-05 18:00:21', '2020-02-05 18:00:21', 144, 144),
(1860, 930, 'الأرائك العتيقة', 2, '2020-02-05 18:00:21', '2020-02-05 18:00:36', 144, 144),
(1861, 931, 'Antique Stools', 1, '2020-02-05 18:00:50', '2020-02-05 18:00:50', 144, 144),
(1862, 931, 'كراسي عتيقة', 2, '2020-02-05 18:00:50', '2020-02-05 18:01:34', 144, 144),
(1863, 932, 'Antique Tables', 1, '2020-02-05 18:01:54', '2020-02-05 18:01:54', 144, 144),
(1864, 932, 'طاولات عتيقة', 2, '2020-02-05 18:01:54', '2020-02-05 18:02:15', 144, 144),
(1865, 933, 'Antique Treen', 1, '2020-02-05 18:02:57', '2020-02-05 18:02:57', 144, 144),
(1866, 933, 'خشبيات عتيقة', 2, '2020-02-05 18:02:57', '2020-02-05 18:03:22', 144, 144),
(1867, 934, 'Antique Vases', 1, '2020-02-05 18:03:43', '2020-02-05 18:03:43', 144, 144),
(1868, 934, 'المزهريات العتيقة', 2, '2020-02-05 18:03:43', '2020-02-05 18:15:46', 144, 144),
(1869, 935, 'Antique Wardrobes', 1, '2020-02-05 18:16:04', '2020-02-05 18:16:04', 144, 144),
(1870, 935, 'خزائن قديمة', 2, '2020-02-05 18:16:04', '2020-02-05 18:16:26', 144, 144),
(1871, 936, 'Antique Watches', 1, '2020-02-05 18:16:54', '2020-02-05 18:16:54', 144, 144),
(1872, 936, 'الساعات العتيقة', 2, '2020-02-05 18:16:54', '2020-02-05 18:17:18', 144, 144),
(1873, 937, 'Antique Maps', 1, '2020-02-05 18:17:44', '2020-02-05 18:17:44', 144, 144),
(1874, 937, 'خرائط عتيقة ', 2, '2020-02-05 18:17:44', '2020-02-05 18:18:03', 144, 144),
(1875, 938, 'Drawings & Watercolours', 1, '2020-02-05 18:21:51', '2020-02-05 18:21:51', 144, 144),
(1876, 938, 'رسومات وألوان مائية ', 2, '2020-02-05 18:21:51', '2020-02-05 18:22:08', 144, 144),
(1877, 939, 'Icons', 1, '2020-02-05 18:22:33', '2020-02-05 18:22:33', 144, 144),
(1878, 939, 'أيقونات فنية ', 2, '2020-02-05 18:22:33', '2020-02-05 18:22:46', 144, 144),
(1879, 940, 'Mosaics', 1, '2020-02-05 18:23:03', '2020-02-05 18:23:03', 144, 144),
(1880, 940, 'صور بالفسيفساء', 2, '2020-02-05 18:23:03', '2020-02-05 18:23:13', 144, 144),
(1881, 941, 'Paintings', 1, '2020-02-05 18:23:24', '2020-02-05 18:23:24', 144, 144),
(1882, 941, 'لوحات ', 2, '2020-02-05 18:23:24', '2020-02-05 18:23:34', 144, 144),
(1883, 942, 'Photography', 1, '2020-02-05 18:23:51', '2020-02-05 18:23:51', 144, 144),
(1884, 942, 'صور ', 2, '2020-02-05 18:23:51', '2020-02-05 18:24:02', 144, 144),
(1885, 943, 'Picture Frames', 1, '2020-02-05 18:24:14', '2020-02-05 18:24:14', 144, 144),
(1886, 943, 'إطارات صور', 2, '2020-02-05 18:24:14', '2020-02-05 18:24:26', 144, 144),
(1887, 944, 'Portrait Miniatures', 1, '2020-02-05 18:24:38', '2020-02-05 18:24:38', 144, 144),
(1888, 944, 'لوحات الفن المُصغر ', 2, '2020-02-05 18:24:38', '2020-02-05 18:24:49', 144, 144),
(1889, 945, 'Posters', 1, '2020-02-05 18:25:00', '2020-02-05 18:25:00', 144, 144),
(1890, 945, 'ملصقات ', 2, '2020-02-05 18:25:00', '2020-02-05 18:25:11', 144, 144),
(1891, 946, 'Prints', 1, '2020-02-05 18:25:22', '2020-02-05 18:25:22', 144, 144),
(1892, 946, 'مطبوعات ', 2, '2020-02-05 18:25:22', '2020-02-05 18:25:35', 144, 144),
(1893, 947, 'Sculpture', 1, '2020-02-05 18:25:51', '2020-02-05 18:25:51', 144, 144),
(1894, 947, 'منحوتات ', 2, '2020-02-05 18:25:51', '2020-02-05 18:26:01', 144, 144),
(1895, 948, 'Art Paper', 1, '2020-02-05 18:26:16', '2020-02-05 18:26:16', 144, 144),
(1896, 948, 'ورق فني ', 2, '2020-02-05 18:26:16', '2020-02-05 18:26:27', 144, 144),
(1897, 949, 'Boards & Canvas', 1, '2020-02-05 18:26:41', '2020-02-05 18:26:41', 144, 144),
(1898, 949, 'لوحات وقماش ', 2, '2020-02-05 18:26:41', '2020-02-05 18:26:54', 144, 144),
(1899, 950, 'Maps', 1, '2020-02-05 18:27:08', '2020-02-05 18:27:08', 144, 144),
(1900, 950, 'خرائط ', 2, '2020-02-05 18:27:08', '2020-02-05 18:27:30', 144, 144),
(1901, 951, 'Wood Handicrafts', 1, '2020-02-05 18:30:20', '2020-02-05 18:30:20', 144, 144),
(1902, 951, 'منصنوعات يدوية خشبية', 2, '2020-02-05 18:30:20', '2020-02-05 18:30:34', 144, 144),
(1903, 952, 'Brass Handicrafts', 1, '2020-02-05 18:33:23', '2020-02-05 18:33:23', 144, 144),
(1904, 952, 'مصنوعات يدوية نحاسية ', 2, '2020-02-05 18:33:23', '2020-02-05 18:33:36', 144, 144),
(1905, 953, 'Glass Handicrafts', 1, '2020-02-05 18:33:52', '2020-02-05 18:33:52', 144, 144),
(1906, 953, 'منصوعات يدوية زجاجية ', 2, '2020-02-05 18:33:52', '2020-02-05 18:34:02', 144, 144),
(1907, 954, 'Stone Handicrafts', 1, '2020-02-05 18:36:06', '2020-02-05 18:36:06', 144, 144),
(1908, 954, 'مصنوعات يدوية من الحجارة ', 2, '2020-02-05 18:36:06', '2020-02-05 18:38:44', 144, 144),
(1909, 955, 'Metal Handicrafts', 1, '2020-02-05 18:38:59', '2020-02-05 18:38:59', 144, 144),
(1910, 955, 'مصنوعات يدوية من المعدن', 2, '2020-02-05 18:38:59', '2020-02-05 18:39:12', 144, 144),
(1911, 956, 'Paper Handicrafts', 1, '2020-02-05 18:39:26', '2020-02-05 18:39:26', 144, 144),
(1912, 956, 'مصنوعات يدوية من الورق', 2, '2020-02-05 18:39:26', '2020-02-05 18:39:39', 144, 144),
(1913, 957, 'Bamboo Handicrafts', 1, '2020-02-05 18:39:57', '2020-02-05 18:39:57', 144, 144),
(1914, 957, 'مصنوعات يدوية من البامبو', 2, '2020-02-05 18:39:57', '2020-02-05 18:40:10', 144, 144),
(1915, 958, 'Pottery Handicrafts', 1, '2020-02-05 18:40:26', '2020-02-05 18:40:26', 144, 144),
(1916, 958, 'مصنوعات يدوية من الفخار', 2, '2020-02-05 18:40:26', '2020-02-05 18:41:10', 144, 144),
(1917, 959, 'Marble Handicrafts', 1, '2020-02-05 18:43:08', '2020-02-05 18:43:08', 144, 144),
(1918, 959, 'منصوعات يدوية من الرخام', 2, '2020-02-05 18:43:08', '2020-02-05 18:44:06', 144, 144),
(1919, 960, 'Ivory Handicrafts', 1, '2020-02-05 18:44:27', '2020-02-05 18:44:27', 144, 144),
(1920, 960, 'مصنوعات يدوية من العاج ', 2, '2020-02-05 18:44:27', '2020-02-05 18:44:49', 144, 144),
(1921, 961, 'Silver Handicrafts', 1, '2020-02-05 18:45:08', '2020-02-05 18:45:08', 144, 144),
(1922, 961, 'مصنوعات يدوية من الفضة ', 2, '2020-02-05 18:45:08', '2020-02-05 18:45:22', 144, 144),
(1923, 962, 'Other Handicrafts', 1, '2020-02-05 18:45:37', '2020-02-05 18:45:37', 144, 144),
(1924, 962, 'الحرف اليدوية الأخرى', 2, '2020-02-05 18:45:37', '2020-02-05 18:46:00', 144, 144),
(1925, 963, 'Unused (hinged) Stamps', 1, '2020-02-05 18:47:48', '2020-02-05 18:47:48', 144, 144),
(1926, 963, 'Unused (hinged) Stamps', 2, '2020-02-05 18:47:48', '2020-02-05 18:47:48', 144, 144),
(1927, 964, 'Used Stamps', 1, '2020-02-05 18:48:10', '2020-02-05 18:48:10', 144, 144),
(1928, 964, 'الطوابع المتسخدمة ', 2, '2020-02-05 18:48:10', '2020-02-05 18:48:22', 144, 144),
(1929, 965, 'First Day Cover', 1, '2020-02-05 18:48:38', '2020-02-05 18:48:38', 144, 144),
(1930, 965, 'طوابع تغطية اليوم الأول', 2, '2020-02-05 18:48:38', '2020-02-05 18:48:49', 144, 144),
(1931, 966, 'Unused Postal Stationery', 1, '2020-02-05 18:49:18', '2020-02-05 18:49:18', 144, 144),
(1932, 966, 'بريديات غير مستخدمة ', 2, '2020-02-05 18:49:18', '2020-02-05 18:49:38', 144, 144),
(1933, 967, 'Used Postal Stationary', 1, '2020-02-05 18:50:00', '2020-02-05 18:50:00', 144, 144),
(1934, 967, 'بريديات مستخدمة ', 2, '2020-02-05 18:50:00', '2020-02-05 18:50:17', 144, 144),
(1935, 968, 'Stamps Subscriptions', 1, '2020-02-05 18:50:34', '2020-02-05 18:50:34', 144, 144),
(1936, 968, 'اشتراكات الطوابع ', 2, '2020-02-05 18:50:34', '2020-02-05 18:50:43', 144, 144),
(1937, 969, 'Stamps Series', 1, '2020-02-05 18:51:03', '2020-02-05 18:51:03', 144, 144),
(1938, 969, 'سلاسل الطوابع ', 2, '2020-02-05 18:51:03', '2020-02-05 18:51:12', 144, 144),
(1939, 970, 'Stamps Singles', 1, '2020-02-05 18:51:27', '2020-02-05 18:51:27', 144, 144),
(1940, 970, 'طوابع مفردة', 2, '2020-02-05 18:51:27', '2020-02-05 18:51:39', 144, 144),
(1941, 971, 'Unique Items', 1, '2020-02-05 18:52:58', '2020-02-05 18:52:58', 144, 144),
(1942, 971, 'طوابع نادرة ', 2, '2020-02-05 18:52:58', '2020-02-05 18:53:22', 144, 144),
(1943, 972, 'Stamps Wholesale', 1, '2020-02-05 18:53:38', '2020-02-05 18:53:38', 144, 144),
(1944, 972, 'طوابع بالجملة ', 2, '2020-02-05 18:53:38', '2020-02-05 18:53:49', 144, 144),
(1945, 973, 'History Stamps ', 1, '2020-02-05 18:54:04', '2020-02-05 18:54:04', 144, 144),
(1946, 973, 'طوابع التاريخ', 2, '2020-02-05 18:54:04', '2020-02-05 18:54:15', 144, 144),
(1947, 974, 'Science Stamps ', 1, '2020-02-05 18:54:27', '2020-02-05 18:54:27', 144, 144),
(1948, 974, 'طوابع العلوم ', 2, '2020-02-05 18:54:27', '2020-02-05 18:54:44', 144, 144),
(1949, 975, 'Music Icon Stamps', 1, '2020-02-05 18:55:20', '2020-02-05 18:55:20', 144, 144),
(1950, 975, 'طوابع الموسيقى', 2, '2020-02-05 18:55:20', '2020-02-05 18:55:38', 144, 144),
(1951, 976, 'Sports Stamps', 1, '2020-02-05 18:55:58', '2020-02-05 18:55:58', 144, 144),
(1952, 976, 'طوابع الرياضة', 2, '2020-02-05 18:55:58', '2020-02-05 18:56:10', 144, 144),
(1953, 977, 'People Stamps', 1, '2020-02-05 18:56:23', '2020-02-05 18:56:23', 144, 144),
(1954, 977, 'طوابع أشخاص', 2, '2020-02-05 18:56:23', '2020-02-05 18:56:34', 144, 144),
(1955, 978, 'Children Stamps', 1, '2020-02-05 18:56:56', '2020-02-05 18:56:56', 144, 144),
(1956, 978, 'طوابع أطفال', 2, '2020-02-05 18:56:56', '2020-02-05 18:57:06', 144, 144),
(1957, 979, 'Nature Stamps', 1, '2020-02-05 18:57:30', '2020-02-05 18:57:30', 144, 144),
(1958, 979, 'طوابع الطبيعة', 2, '2020-02-05 18:57:30', '2020-02-05 18:57:52', 144, 144),
(1959, 980, 'Germanic/Dark Ages Coins', 1, '2020-02-05 19:08:33', '2020-02-05 19:08:33', 144, 144),
(1960, 980, 'عملات العصور المظلمة', 2, '2020-02-05 19:08:33', '2020-02-05 19:08:44', 144, 144),
(1961, 981, ' Medieval Coins', 1, '2020-02-05 19:08:57', '2020-02-05 19:08:57', 144, 144),
(1962, 981, '  عملات القرون الوسطى', 2, '2020-02-05 19:08:57', '2020-02-05 19:09:11', 144, 144),
(1963, 982, 'Arabic Coins ', 1, '2020-02-05 19:09:25', '2020-02-05 19:09:25', 144, 144),
(1964, 982, 'عملات عربية', 2, '2020-02-05 19:09:25', '2020-02-05 19:09:34', 144, 144),
(1965, 983, ' Islamic Coins', 1, '2020-02-05 19:09:50', '2020-02-05 19:09:50', 144, 144),
(1966, 983, '  عملات إسلامية', 2, '2020-02-05 19:09:50', '2020-02-05 19:10:04', 144, 144),
(1967, 984, ' African Coins', 1, '2020-02-05 19:10:16', '2020-02-05 19:10:16', 144, 144),
(1968, 984, '  عملات أفريقية', 2, '2020-02-05 19:10:16', '2020-02-05 19:10:29', 144, 144),
(1969, 985, ' Asian and Middle Eastern Coins', 1, '2020-02-05 19:10:44', '2020-02-05 19:10:44', 144, 144),
(1970, 985, '  العملات الآسيوية والشرق أوسطية', 2, '2020-02-05 19:10:44', '2020-02-05 19:10:55', 144, 144),
(1971, 986, ' Australian & Oceanian Coins', 1, '2020-02-05 19:11:46', '2020-02-05 19:11:46', 144, 144),
(1972, 986, '  عملات أسترالية وأوقيانوسيا', 2, '2020-02-05 19:11:46', '2020-02-05 19:12:06', 144, 144),
(1973, 987, ' European Coins', 1, '2020-02-05 19:12:19', '2020-02-05 19:12:19', 144, 144),
(1974, 987, '  عملات أوروبية', 2, '2020-02-05 19:12:19', '2020-02-05 19:12:40', 144, 144),
(1975, 988, ' North & Central American and Caribbean Coins', 1, '2020-02-05 19:12:51', '2020-02-05 19:12:51', 144, 144),
(1976, 988, '  عملات أمريكا الشمالية والوسطى والكاريبية', 2, '2020-02-05 19:12:51', '2020-02-05 19:13:09', 144, 144),
(1977, 989, ' South American Coins', 1, '2020-02-05 19:13:27', '2020-02-05 19:13:27', 144, 144),
(1978, 989, '  عملات أمريكا الجنوبية', 2, '2020-02-05 19:13:27', '2020-02-05 19:13:38', 144, 144),
(1979, 990, 'Error Coins', 1, '2020-02-05 19:14:08', '2020-02-05 19:14:08', 144, 144),
(1980, 990, 'عملات خطأ', 2, '2020-02-05 19:14:08', '2020-02-05 19:14:19', 144, 144),
(1981, 991, 'Mint, Proof Sets, Commemorative Coins', 1, '2020-02-05 19:14:32', '2020-02-05 19:14:32', 144, 144),
(1982, 991, ' عملات تذكارية', 2, '2020-02-05 19:14:32', '2020-02-05 19:14:44', 144, 144),
(1983, 992, 'World Coins Books', 1, '2020-02-05 19:15:01', '2020-02-05 19:15:01', 144, 144),
(1984, 992, 'كتب العملات المعدنية العالمية', 2, '2020-02-05 19:15:01', '2020-02-05 19:15:12', 144, 144),
(1985, 993, 'Other World Coins', 1, '2020-02-05 19:15:28', '2020-02-05 19:15:28', 144, 144),
(1986, 993, 'عملات عالمية أخرى', 2, '2020-02-05 19:15:28', '2020-02-05 19:15:51', 144, 144),
(1987, 994, 'World Paper Money', 1, '2020-02-05 19:16:09', '2020-02-05 19:16:09', 144, 144),
(1988, 994, 'ورقة المال العالمية', 2, '2020-02-05 19:16:09', '2020-02-05 19:16:29', 144, 144),
(1989, 995, 'Tokens & Medals', 1, '2020-02-05 19:16:50', '2020-02-05 19:16:50', 144, 144),
(1990, 995, 'الرموز والميداليات', 2, '2020-02-05 19:16:50', '2020-02-05 19:17:02', 144, 144),
(1991, 996, 'Coin Collecting Supplies', 1, '2020-02-05 19:17:18', '2020-02-05 19:17:18', 144, 144),
(1992, 996, 'لوازم جمع العملة', 2, '2020-02-05 19:17:18', '2020-02-05 19:17:34', 144, 144),
(1993, 997, 'Antarctican Coins', 1, '2020-02-05 19:17:55', '2020-02-05 19:17:55', 144, 144),
(1994, 997, 'عملات أنتاركتيكا', 2, '2020-02-05 19:17:55', '2020-02-05 19:18:10', 144, 144),
(1995, 998, 'Video Games', 1, '2020-02-05 19:28:28', '2020-02-05 19:28:28', 144, 144),
(1996, 998, 'ألعاب الفيديو', 2, '2020-02-05 19:28:28', '2020-02-05 19:29:17', 144, 144),
(1997, 999, 'Guitars', 1, '2020-02-05 19:30:07', '2020-02-05 19:30:07', 144, 144),
(1998, 999, 'جيتار', 2, '2020-02-05 19:30:07', '2020-02-05 19:30:16', 144, 144),
(1999, 1000, 'Music CDs', 1, '2020-02-05 19:30:34', '2020-02-05 19:30:34', 144, 144),
(2000, 1000, 'سي دي موسيقى', 2, '2020-02-05 19:30:34', '2020-02-05 19:30:44', 144, 144),
(2001, 1001, 'Musical Instruments', 1, '2020-02-05 19:31:01', '2020-02-05 19:31:01', 144, 144),
(2002, 1001, 'أدوات موسيقية', 2, '2020-02-05 19:31:01', '2020-02-05 19:31:10', 144, 144),
(2003, 1002, 'Musical Instruments Parts & Accessories', 1, '2020-02-05 19:31:27', '2020-02-05 19:31:27', 144, 144),
(2004, 1002, 'أدوات موسيقية وإكسسواراتها', 2, '2020-02-05 19:31:27', '2020-02-05 19:31:43', 144, 144),
(2005, 1003, 'Music Keyboards', 1, '2020-02-05 19:32:01', '2020-02-05 19:32:01', 144, 144),
(2006, 1003, 'كيبورد موسيقي', 2, '2020-02-05 19:32:01', '2020-02-05 19:32:16', 144, 144),
(2007, 1004, 'Tuners', 1, '2020-02-05 19:32:29', '2020-02-05 19:32:29', 144, 144),
(2008, 1004, 'أجهزة ضبط واستقبال موجات الراديو', 2, '2020-02-05 19:32:29', '2020-02-05 19:32:46', 144, 144),
(2009, 1005, 'Alternative & Indie Rock', 1, '2020-02-05 19:33:03', '2020-02-05 19:33:03', 144, 144),
(2010, 1005, 'إندي روك ', 2, '2020-02-05 19:33:03', '2020-02-05 19:33:15', 144, 144),
(2011, 1006, 'Children\'s Music', 1, '2020-02-05 19:33:30', '2020-02-05 19:33:30', 144, 144),
(2012, 1006, 'موسيقى الأطفال', 2, '2020-02-05 19:33:30', '2020-02-05 19:33:40', 144, 144),
(2013, 1007, 'Christian', 1, '2020-02-05 19:33:50', '2020-02-05 19:33:50', 144, 144),
(2014, 1007, 'موسيقى مسيحية ', 2, '2020-02-05 19:33:50', '2020-02-05 19:34:02', 144, 144),
(2015, 1008, 'Classical', 1, '2020-02-05 19:34:14', '2020-02-05 19:34:14', 144, 144),
(2016, 1008, 'كلاسيكيات ', 2, '2020-02-05 19:34:14', '2020-02-05 19:34:39', 144, 144),
(2017, 1009, 'Classic Rock', 1, '2020-02-05 19:34:52', '2020-02-05 19:34:52', 144, 144),
(2018, 1009, 'روك كلاسيكي', 2, '2020-02-05 19:34:52', '2020-02-05 19:35:04', 144, 144),
(2019, 1010, 'Comedy & Miscellaneous', 1, '2020-02-05 19:35:16', '2020-02-05 19:35:16', 144, 144),
(2020, 1010, 'موسيقى كوميدية ', 2, '2020-02-05 19:35:16', '2020-02-05 19:35:31', 144, 144),
(2021, 1011, 'Country', 1, '2020-02-05 19:35:44', '2020-02-05 19:35:44', 144, 144),
(2022, 1011, 'موسيقى محلية ', 2, '2020-02-05 19:35:44', '2020-02-05 19:35:55', 144, 144),
(2023, 1012, 'Dance & Electronic', 1, '2020-02-05 19:36:06', '2020-02-05 19:36:06', 144, 144),
(2024, 1012, 'موسيقى إلكترونية ', 2, '2020-02-05 19:36:06', '2020-02-05 19:36:22', 144, 144),
(2025, 1013, 'Folk', 1, '2020-02-05 19:36:46', '2020-02-05 19:36:46', 144, 144),
(2026, 1013, 'موسيقى شعبية ', 2, '2020-02-05 19:36:46', '2020-02-05 19:36:59', 144, 144),
(2027, 1014, 'Hard Rock & Metal', 1, '2020-02-05 19:37:14', '2020-02-05 19:37:14', 144, 144),
(2028, 1014, 'هارد روك ', 2, '2020-02-05 19:37:14', '2020-02-05 19:37:26', 144, 144),
(2029, 1015, 'Holiday Music', 1, '2020-02-05 19:37:37', '2020-02-05 19:37:37', 144, 144),
(2030, 1015, 'موسيقى الهوليداي', 2, '2020-02-05 19:37:37', '2020-02-05 19:37:49', 144, 144),
(2031, 1016, 'Jazz', 1, '2020-02-05 19:38:03', '2020-02-05 19:38:03', 144, 144),
(2032, 1016, 'موسيقى الجاز', 2, '2020-02-05 19:38:03', '2020-02-05 19:38:12', 144, 144),
(2033, 1017, 'Latin Music', 1, '2020-02-05 19:38:25', '2020-02-05 19:38:25', 144, 144),
(2034, 1017, 'موسيقى لاتينية ', 2, '2020-02-05 19:38:25', '2020-02-05 19:38:38', 144, 144),
(2035, 1018, 'Opera & Vocal', 1, '2020-02-05 19:39:16', '2020-02-05 19:39:16', 144, 144),
(2036, 1018, 'أوبرا', 2, '2020-02-05 19:39:16', '2020-02-05 19:39:26', 144, 144),
(2037, 1019, 'Pop', 1, '2020-02-05 19:39:56', '2020-02-05 19:39:56', 144, 144),
(2038, 1019, 'موسيقى البوب', 2, '2020-02-05 19:39:56', '2020-02-05 19:40:13', 144, 144),
(2039, 1020, 'R&B', 1, '2020-02-05 19:40:28', '2020-02-05 19:40:28', 144, 144),
(2040, 1020, 'آر آند بي', 2, '2020-02-05 19:40:28', '2020-02-05 19:40:39', 144, 144),
(2041, 1021, 'Rap & Hip-Hop', 1, '2020-02-05 19:40:50', '2020-02-05 19:40:50', 144, 144),
(2042, 1021, 'راب ', 2, '2020-02-05 19:40:50', '2020-02-05 19:41:01', 144, 144),
(2043, 1022, 'Rock', 1, '2020-02-05 19:41:19', '2020-02-05 19:41:19', 144, 144),
(2044, 1022, 'روك ', 2, '2020-02-05 19:41:19', '2020-02-05 19:41:33', 144, 144),
(2045, 1023, 'Soundtracks', 1, '2020-02-05 19:41:48', '2020-02-05 19:41:48', 144, 144),
(2046, 1023, 'موسيقى تصويرية ', 2, '2020-02-05 19:41:48', '2020-02-05 19:42:04', 144, 144),
(2047, 1024, 'Arabic Music ', 1, '2020-02-05 19:42:33', '2020-02-05 19:42:33', 144, 144),
(2048, 1024, 'موسيقى عربية ', 2, '2020-02-05 19:42:33', '2020-02-05 19:42:47', 144, 144),
(2049, 1025, 'Action & Adventure', 1, '2020-02-05 20:28:09', '2020-02-05 20:28:09', 144, 144),
(2050, 1025, 'الإثارة والمغامرة ', 2, '2020-02-05 20:28:09', '2020-02-05 20:56:51', 144, 144),
(2051, 1026, 'Animation', 1, '2020-02-05 20:29:42', '2020-02-05 20:29:42', 144, 144),
(2052, 1026, 'رسوم متحركة ', 2, '2020-02-05 20:29:42', '2020-02-05 20:29:52', 144, 144),
(2053, 1027, 'Anime', 1, '2020-02-05 20:30:12', '2020-02-05 20:30:12', 144, 144),
(2054, 1027, 'أنيمي', 2, '2020-02-05 20:30:12', '2020-02-05 20:30:25', 144, 144),
(2055, 1028, 'Classics', 1, '2020-02-05 20:30:44', '2020-02-05 20:30:44', 144, 144),
(2056, 1028, 'كلاسيكيات', 2, '2020-02-05 20:30:44', '2020-02-05 20:30:53', 144, 144),
(2057, 1029, 'Comedy', 1, '2020-02-05 20:31:05', '2020-02-05 20:31:05', 144, 144),
(2058, 1029, 'كوميديا', 2, '2020-02-05 20:31:05', '2020-02-05 20:31:18', 144, 144),
(2059, 1030, 'Documentary', 1, '2020-02-05 20:31:30', '2020-02-05 20:31:30', 144, 144),
(2060, 1030, 'وثائقي', 2, '2020-02-05 20:31:30', '2020-02-05 20:31:41', 144, 144),
(2061, 1031, 'Drama', 1, '2020-02-05 20:31:59', '2020-02-05 20:31:59', 144, 144),
(2062, 1031, 'دراما', 2, '2020-02-05 20:31:59', '2020-02-05 20:32:11', 144, 144),
(2063, 1032, 'Exercise & Fitness', 1, '2020-02-05 20:32:34', '2020-02-05 20:32:34', 144, 144),
(2064, 1032, 'لياقة بدنية ', 2, '2020-02-05 20:32:34', '2020-02-05 20:32:46', 144, 144),
(2065, 1033, 'Faith & Spirituality', 1, '2020-02-05 20:33:06', '2020-02-05 20:33:06', 144, 144),
(2066, 1033, 'الإيمان والروحانية', 2, '2020-02-05 20:33:06', '2020-02-05 20:33:18', 144, 144),
(2067, 1034, 'Foreign Language & International', 1, '2020-02-05 20:34:20', '2020-02-05 20:34:20', 144, 144),
(2068, 1034, 'اللغة الأجنبية ', 2, '2020-02-05 20:34:20', '2020-02-05 20:34:37', 144, 144),
(2069, 1035, 'Horror', 1, '2020-02-05 20:35:38', '2020-02-05 20:35:38', 144, 144),
(2070, 1035, 'رعب', 2, '2020-02-05 20:35:38', '2020-02-05 20:35:59', 144, 144),
(2071, 1036, 'Indian Cinema & Bollywood', 1, '2020-02-05 20:36:36', '2020-02-05 20:36:36', 144, 144),
(2072, 1036, 'السينما الهندية وبوليوود', 2, '2020-02-05 20:36:36', '2020-02-05 20:36:51', 144, 144),
(2073, 1037, 'Kids & Family', 1, '2020-02-05 20:37:09', '2020-02-05 20:37:09', 144, 144),
(2074, 1037, 'أطفال وعائلة', 2, '2020-02-05 20:37:09', '2020-02-05 20:37:23', 144, 144),
(2075, 1038, 'Music Videos & Concerts', 1, '2020-02-05 20:37:36', '2020-02-05 20:37:36', 144, 144),
(2076, 1038, 'فيديوهات موسيقية وحفلات موسيقية', 2, '2020-02-05 20:37:36', '2020-02-05 20:39:11', 144, 144),
(2077, 1039, 'Romance', 1, '2020-02-05 20:39:56', '2020-02-05 20:39:56', 144, 144),
(2078, 1039, 'رومانسي', 2, '2020-02-05 20:39:56', '2020-02-05 20:40:08', 144, 144),
(2079, 1040, 'Science Fiction', 1, '2020-02-05 20:40:27', '2020-02-05 20:40:27', 144, 144),
(2080, 1040, 'الخيال العلمي', 2, '2020-02-05 20:40:27', '2020-02-05 20:40:40', 144, 144),
(2081, 1041, 'Western', 1, '2020-02-05 20:40:58', '2020-02-05 20:40:58', 144, 144),
(2082, 1041, 'أفلام غربية', 2, '2020-02-05 20:40:58', '2020-02-05 20:41:17', 144, 144),
(2083, 1042, 'Crime & Mystery', 1, '2020-02-05 20:41:30', '2020-02-05 20:41:30', 144, 144),
(2084, 1042, 'الجريمة والغموض', 2, '2020-02-05 20:41:30', '2020-02-05 20:41:46', 144, 144),
(2085, 1043, 'Arabic', 1, '2020-02-05 20:41:58', '2020-02-05 20:41:58', 144, 144),
(2086, 1043, 'أفلام عربية ', 2, '2020-02-05 20:41:58', '2020-02-05 20:42:11', 144, 144),
(2087, 1044, 'Hollywood', 1, '2020-02-05 20:42:34', '2020-02-05 20:42:34', 144, 144),
(2088, 1044, 'أفلام هوليوود ', 2, '2020-02-05 20:42:34', '2020-02-05 20:42:51', 144, 144),
(2089, 1045, 'TV Comedy', 1, '2020-02-05 20:43:07', '2020-02-05 20:43:07', 144, 144),
(2090, 1045, 'TV Comedy', 2, '2020-02-05 20:43:07', '2020-02-05 20:43:07', 144, 144),
(2091, 1046, 'Television', 1, '2020-02-05 20:45:57', '2020-02-05 20:45:57', 144, 144),
(2092, 1046, 'أفلام تليفزيونية ', 2, '2020-02-05 20:45:57', '2020-02-05 20:46:17', 144, 144),
(2093, 1047, 'Comedy-Classic', 1, '2020-02-05 20:46:38', '2020-02-05 20:46:38', 144, 144),
(2094, 1047, 'أفلام كلاسيكية كوميدية', 2, '2020-02-05 20:46:38', '2020-02-05 20:47:03', 144, 144),
(2095, 1048, 'Rock', 1, '2020-02-05 20:47:18', '2020-02-05 20:47:18', 144, 144),
(2096, 1048, 'أفلام روك ', 2, '2020-02-05 20:47:18', '2020-02-05 20:47:34', 144, 144),
(2097, 1049, 'TV Crime', 1, '2020-02-05 20:47:48', '2020-02-05 20:47:48', 144, 144),
(2098, 1049, 'أفلام تليفزيون جريمة ', 2, '2020-02-05 20:47:48', '2020-02-05 20:48:06', 144, 144),
(2099, 1050, 'TV Drama ', 1, '2020-02-05 20:48:41', '2020-02-05 20:48:41', 144, 144),
(2100, 1050, 'أفلام تليفزيون دراما', 2, '2020-02-05 20:48:41', '2020-02-05 20:48:54', 144, 144),
(2101, 1051, 'Sports', 1, '2020-02-05 20:49:21', '2020-02-05 20:49:21', 144, 144),
(2102, 1051, 'رياضات ', 2, '2020-02-05 20:49:21', '2020-02-05 20:49:37', 144, 144),
(2103, 1052, 'Biography', 1, '2020-02-05 20:50:34', '2020-02-05 20:50:34', 144, 144),
(2104, 1052, 'سير ذاتية', 2, '2020-02-05 20:50:34', '2020-02-05 20:58:14', 144, 144),
(2105, 1053, 'Disney', 1, '2020-02-05 20:50:58', '2020-02-05 20:50:58', 144, 144),
(2106, 1053, 'أفلام ديزني', 2, '2020-02-05 20:50:58', '2020-02-05 20:51:34', 144, 144),
(2107, 1054, 'War', 1, '2020-02-05 20:51:49', '2020-02-05 20:51:49', 144, 144),
(2108, 1054, 'أفلام حرب', 2, '2020-02-05 20:51:49', '2020-02-05 20:55:02', 144, 144),
(2109, 1055, 'Plays ', 1, '2020-02-05 20:52:07', '2020-02-05 20:52:07', 144, 144),
(2110, 1055, 'مسرحيات ', 2, '2020-02-05 20:52:07', '2020-02-05 20:52:22', 144, 144),
(2111, 1056, 'Fiction Books', 1, '2020-02-05 21:04:28', '2020-02-05 21:04:28', 144, 144),
(2112, 1056, 'كتب خيالية', 2, '2020-02-05 21:04:28', '2020-02-05 21:04:38', 144, 144),
(2113, 1057, 'Children\'s Books', 1, '2020-02-05 21:05:01', '2020-02-05 21:05:01', 144, 144),
(2114, 1057, 'كتب الأطفال', 2, '2020-02-05 21:05:01', '2020-02-05 21:05:13', 144, 144),
(2115, 1058, 'Business & Finance', 1, '2020-02-05 21:05:27', '2020-02-05 21:05:27', 144, 144),
(2116, 1058, 'مال وأعمال', 2, '2020-02-05 21:05:27', '2020-02-05 21:58:52', 144, 144),
(2117, 1059, 'Biography', 1, '2020-02-05 21:59:06', '2020-02-05 21:59:06', 144, 144),
(2118, 1059, 'سير ذاتية', 2, '2020-02-05 21:59:06', '2020-02-05 22:04:03', 144, 144),
(2119, 1060, 'Biography', 1, '2020-02-05 21:59:22', '2020-02-05 21:59:22', 144, 144),
(2120, 1060, 'Biography', 2, '2020-02-05 21:59:22', '2020-02-05 21:59:22', 144, 144),
(2121, 1061, 'Crime & Mystery', 1, '2020-02-05 22:04:18', '2020-02-05 22:04:18', 144, 144),
(2122, 1061, 'الجريمة والغموض', 2, '2020-02-05 22:04:18', '2020-02-05 22:04:30', 144, 144),
(2123, 1062, 'History', 1, '2020-02-05 22:04:44', '2020-02-05 22:04:44', 144, 144),
(2124, 1062, 'التاريخ', 2, '2020-02-05 22:04:44', '2020-02-05 22:04:55', 144, 144),
(2125, 1063, 'Reference', 1, '2020-02-05 22:05:12', '2020-02-05 22:05:12', 144, 144),
(2126, 1063, 'المراجع', 2, '2020-02-05 22:05:12', '2020-02-05 22:05:23', 144, 144),
(2127, 1064, 'Self-Help', 1, '2020-02-05 22:05:37', '2020-02-05 22:05:37', 144, 144),
(2128, 1064, 'تطوير الذات', 2, '2020-02-05 22:05:37', '2020-02-05 22:05:54', 144, 144),
(2129, 1065, 'Cookbooks', 1, '2020-02-05 22:06:08', '2020-02-05 22:06:08', 144, 144),
(2130, 1065, 'كتب الطهي', 2, '2020-02-05 22:06:08', '2020-02-05 22:06:20', 144, 144),
(2131, 1066, 'Comics & Graphic Novels', 1, '2020-02-05 22:06:32', '2020-02-05 22:06:32', 144, 144),
(2132, 1066, 'روايات كوميدية وتصويرية', 2, '2020-02-05 22:06:32', '2020-02-05 22:06:45', 144, 144),
(2133, 1067, 'Education, Learning & Self Help Books', 1, '2020-02-05 22:07:12', '2020-02-05 22:07:12', 144, 144),
(2134, 1067, 'كتب تعليمية', 2, '2020-02-05 22:07:12', '2020-02-05 22:07:28', 144, 144),
(2135, 1068, 'Lifestyle Books', 1, '2020-02-05 22:07:43', '2020-02-05 22:07:43', 144, 144),
(2136, 1068, 'كتب نمط الحياة', 2, '2020-02-05 22:07:43', '2020-02-05 22:07:54', 144, 144),
(2137, 1069, 'Literature & Fiction', 1, '2020-02-05 22:08:05', '2020-02-05 22:08:05', 144, 144),
(2138, 1069, 'أدب وخيال', 2, '2020-02-05 22:08:05', '2020-02-05 22:08:27', 144, 144),
(2139, 1070, 'Arts & Photography', 1, '2020-02-05 22:19:19', '2020-02-05 22:19:19', 144, 144),
(2140, 1070, 'الفنون والتصوير', 2, '2020-02-05 22:19:19', '2020-02-05 22:19:33', 144, 144),
(2141, 1071, 'Biographies & Memoirs', 1, '2020-02-05 22:19:49', '2020-02-05 22:19:49', 144, 144),
(2142, 1071, 'السير الذاتية والمذكرات', 2, '2020-02-05 22:19:49', '2020-02-05 22:20:10', 144, 144),
(2143, 1072, 'Calendars', 1, '2020-02-05 22:20:25', '2020-02-05 22:20:25', 144, 144),
(2144, 1072, 'التقويمات', 2, '2020-02-05 22:20:25', '2020-02-05 22:20:44', 144, 144),
(2145, 1073, 'Computers & Technology', 1, '2020-02-05 22:21:35', '2020-02-05 22:21:35', 144, 144),
(2146, 1073, 'الكمبيوتر والتكنولوجيا', 2, '2020-02-05 22:21:35', '2020-02-05 22:21:48', 144, 144),
(2147, 1074, 'Crafts, Hobbies & Home', 1, '2020-02-05 22:22:07', '2020-02-05 22:22:07', 144, 144),
(2148, 1074, 'الحرف، الهوايات والمنزل', 2, '2020-02-05 22:22:07', '2020-02-05 22:23:05', 144, 144),
(2149, 1075, 'Education & Teaching', 1, '2020-02-05 22:23:21', '2020-02-05 22:23:21', 144, 144),
(2150, 1075, 'التعليم والتدريس', 2, '2020-02-05 22:23:21', '2020-02-05 22:23:35', 144, 144),
(2151, 1076, 'Engineering & Transportation', 1, '2020-02-05 22:23:50', '2020-02-05 22:23:50', 144, 144),
(2152, 1076, 'الهندسة والنقل', 2, '2020-02-05 22:23:50', '2020-02-05 22:24:07', 144, 144),
(2153, 1077, 'Health, Fitness & Dieting', 1, '2020-02-05 22:24:26', '2020-02-05 22:24:26', 144, 144),
(2154, 1077, 'الصحة واللياقة البدنية والحمية', 2, '2020-02-05 22:24:26', '2020-02-05 22:24:55', 144, 144),
(2155, 1078, 'Humor & Entertainment', 1, '2020-02-05 22:25:13', '2020-02-05 22:25:13', 144, 144),
(2156, 1078, 'الفكاهة والترفيه', 2, '2020-02-05 22:25:13', '2020-02-05 22:25:26', 144, 144),
(2157, 1079, 'Religion & Spirituality', 1, '2020-02-05 22:25:48', '2020-02-05 22:25:48', 144, 144),
(2158, 1079, 'الدين والروحانية', 2, '2020-02-05 22:25:48', '2020-02-05 22:26:05', 144, 144),
(2159, 1080, 'Scientific References', 1, '2020-02-05 22:28:36', '2020-02-05 22:28:36', 144, 144),
(2160, 1080, 'مراجع علمية ', 2, '2020-02-05 22:28:36', '2020-02-05 22:29:42', 144, 144),
(2161, 1081, 'Scientific References', 1, '2020-02-05 22:29:31', '2020-02-05 22:29:31', 144, 144),
(2162, 1081, 'Scientific References', 2, '2020-02-05 22:29:31', '2020-02-05 22:29:31', 144, 144),
(2163, 1082, 'Romance', 1, '2020-02-05 22:32:09', '2020-02-05 22:32:09', 144, 144),
(2164, 1082, 'رومانسي', 2, '2020-02-05 22:32:09', '2020-02-05 22:32:32', 144, 144),
(2165, 1083, 'Science & Math', 1, '2020-02-05 22:32:52', '2020-02-05 22:32:52', 144, 144),
(2166, 1083, 'العلوم والرياضيات', 2, '2020-02-05 22:32:52', '2020-02-05 22:33:08', 144, 144),
(2167, 1084, 'Science Fiction & Fantasy', 1, '2020-02-05 22:33:30', '2020-02-05 22:33:30', 144, 144),
(2168, 1084, 'الخيال العلمي والخيال', 2, '2020-02-05 22:33:30', '2020-02-05 22:33:53', 144, 144),
(2169, 1085, 'Sports & Outdoors', 1, '2020-02-05 22:34:50', '2020-02-05 22:34:50', 144, 144),
(2170, 1085, 'الرياضة والهواء الطلق', 2, '2020-02-05 22:34:50', '2020-02-05 22:35:03', 144, 144),
(2171, 1086, 'Teen & Young Adult', 1, '2020-02-05 22:35:17', '2020-02-05 22:35:17', 144, 144),
(2172, 1086, 'في سن المراهقة والشباب الكبار', 2, '2020-02-05 22:35:17', '2020-02-05 22:35:34', 144, 144),
(2173, 1087, 'Test Preparation', 1, '2020-02-05 22:35:55', '2020-02-05 22:35:55', 144, 144),
(2174, 1087, 'الاستعداد للامتحان', 2, '2020-02-05 22:35:55', '2020-02-05 22:36:28', 144, 144),
(2175, 1088, 'Travel', 1, '2020-02-05 22:36:50', '2020-02-05 22:36:50', 144, 144),
(2176, 1088, 'السفر', 2, '2020-02-05 22:36:50', '2020-02-05 22:37:05', 144, 144),
(2177, 1089, 'Medical Books', 1, '2020-02-05 22:37:26', '2020-02-05 22:37:26', 144, 144),
(2178, 1089, 'الكتب الطبية', 2, '2020-02-05 22:37:26', '2020-02-05 22:37:48', 144, 144),
(2179, 1090, 'Mystery, Thriller & Suspense', 1, '2020-02-05 22:38:52', '2020-02-05 22:38:52', 144, 144),
(2180, 1090, 'الغموض والتشويق', 2, '2020-02-05 22:38:52', '2020-02-05 22:39:14', 144, 144),
(2181, 1091, 'Parenting & Relationships', 1, '2020-02-05 22:39:32', '2020-02-05 22:39:32', 144, 144),
(2182, 1091, 'الأبوة والأمومة والعلاقات', 2, '2020-02-05 22:39:32', '2020-02-05 22:39:51', 144, 144),
(2183, 1092, 'Politics & Social Sciences', 1, '2020-02-05 22:40:05', '2020-02-05 22:40:05', 144, 144),
(2184, 1092, 'السياسة والعلوم الاجتماعية', 2, '2020-02-05 22:40:05', '2020-02-05 22:40:28', 144, 144),
(2185, 1093, 'Islamic Books & Quran', 1, '2020-02-05 22:41:07', '2020-02-05 22:41:07', 144, 144),
(2186, 1093, 'كتب إسلامية وقرآن ', 2, '2020-02-05 22:41:07', '2020-02-05 22:42:30', 144, 144),
(2187, 1094, 'Home & Garden Books ', 1, '2020-02-05 22:42:43', '2020-02-05 22:42:43', 144, 144),
(2188, 1094, 'كتب عن البيت والحديقة ', 2, '2020-02-05 22:42:43', '2020-02-05 22:43:02', 144, 144),
(2189, 1095, 'Philosophy Books ', 1, '2020-02-05 22:43:14', '2020-02-05 22:43:14', 144, 144),
(2190, 1095, 'الفلسفة', 2, '2020-02-05 22:43:14', '2020-02-05 22:43:37', 144, 144),
(2191, 1096, 'Magazines & Newspapers', 1, '2020-02-05 22:43:55', '2020-02-05 22:43:55', 144, 144),
(2192, 1096, 'مجلات وجرائد ', 2, '2020-02-05 22:43:55', '2020-02-05 22:44:07', 144, 144),
(2193, 1097, 'Action Figures & Statues', 1, '2020-02-05 22:46:14', '2020-02-05 22:46:14', 144, 144),
(2194, 1097, 'شخصيات العمل والتماثيل', 2, '2020-02-05 22:46:14', '2020-02-05 22:46:24', 144, 144),
(2195, 1098, 'Arts & Crafts', 1, '2020-02-05 22:46:37', '2020-02-05 22:46:37', 144, 144),
(2196, 1098, 'ألعاب الفنون والحرف', 2, '2020-02-05 22:46:37', '2020-02-05 22:46:49', 144, 144),
(2197, 1099, 'Baby & Toddler Toys', 1, '2020-02-05 22:49:17', '2020-02-05 22:49:17', 144, 144),
(2198, 1099, 'لعب الأطفال والرضّع', 2, '2020-02-05 22:49:17', '2020-02-05 22:49:30', 144, 144),
(2199, 1100, 'Building Toys', 1, '2020-02-05 22:49:43', '2020-02-05 22:49:43', 144, 144),
(2200, 1100, 'ألعاب بناء', 2, '2020-02-05 22:49:43', '2020-02-05 22:49:55', 144, 144),
(2201, 1101, 'Dolls & Accessories', 1, '2020-02-05 22:50:06', '2020-02-05 22:50:06', 144, 144),
(2202, 1101, 'دمى وإكسسوارات', 2, '2020-02-05 22:50:06', '2020-02-05 22:50:22', 144, 144),
(2203, 1102, 'Dress Up & Pretend Play', 1, '2020-02-05 22:51:37', '2020-02-05 22:51:37', 144, 144),
(2204, 1102, 'لعبة التلبيس والتظاهر', 2, '2020-02-05 22:51:37', '2020-02-05 22:51:51', 144, 144),
(2205, 1103, 'Kids\' Electronics', 1, '2020-02-05 22:52:22', '2020-02-05 22:52:22', 144, 144),
(2206, 1103, 'إلكترونيات الأطفال', 2, '2020-02-05 22:52:22', '2020-02-05 22:52:43', 144, 144),
(2207, 1104, 'Games', 1, '2020-02-05 22:53:04', '2020-02-05 22:53:04', 144, 144),
(2208, 1104, 'ألعاب', 2, '2020-02-05 22:53:04', '2020-02-05 22:53:17', 144, 144),
(2209, 1105, 'Grown-Up Toys', 1, '2020-02-05 22:53:32', '2020-02-05 22:53:32', 144, 144),
(2210, 1105, 'لعب الكبار', 2, '2020-02-05 22:53:32', '2020-02-05 22:53:46', 144, 144),
(2211, 1106, 'Hobbies', 1, '2020-02-05 22:54:00', '2020-02-05 22:54:00', 144, 144),
(2212, 1106, 'الهوايات', 2, '2020-02-05 22:54:00', '2020-02-05 22:54:13', 144, 144),
(2213, 1107, 'Kids\' Furniture, Décor & Storage', 1, '2020-02-05 22:54:47', '2020-02-05 22:54:47', 144, 144),
(2214, 1107, 'أثاث الأطفال والديكور والتخزين', 2, '2020-02-05 22:54:47', '2020-02-05 22:55:02', 144, 144),
(2215, 1108, 'Learning & Education', 1, '2020-02-05 22:55:20', '2020-02-05 22:55:20', 144, 144),
(2216, 1108, 'التعلم والتعليم', 2, '2020-02-05 22:55:20', '2020-02-05 22:55:56', 144, 144),
(2217, 1109, 'Party Supplies', 1, '2020-02-05 22:56:18', '2020-02-05 22:56:18', 144, 144),
(2218, 1109, 'لوازم الحفلات', 2, '2020-02-05 22:56:18', '2020-02-05 22:56:31', 144, 144),
(2219, 1110, 'Puppets', 1, '2020-02-05 22:56:50', '2020-02-05 22:56:50', 144, 144),
(2220, 1110, 'الدمى', 2, '2020-02-05 22:56:50', '2020-02-05 22:58:34', 144, 144),
(2221, 1111, 'Puzzles', 1, '2020-02-05 22:59:41', '2020-02-05 22:59:41', 144, 144),
(2222, 1111, 'الألغاز', 2, '2020-02-05 22:59:41', '2020-02-05 23:00:02', 144, 144),
(2223, 1112, 'Sports & Outdoor Play', 1, '2020-02-05 23:00:23', '2020-02-05 23:00:23', 144, 144),
(2224, 1112, 'الرياضة واللعب في الهواء الطلق', 2, '2020-02-05 23:00:23', '2020-02-05 23:00:46', 144, 144),
(2225, 1113, 'Stuffed Animals & Plush Toys', 1, '2020-02-05 23:00:58', '2020-02-05 23:00:58', 144, 144),
(2226, 1113, 'الحيوانات المحنطة والألعاب القطيفة', 2, '2020-02-05 23:00:58', '2020-02-05 23:01:15', 144, 144),
(2227, 1114, 'Toy Remote Control & Play Vehicles', 1, '2020-02-05 23:01:31', '2020-02-05 23:01:31', 144, 144),
(2228, 1114, 'ألعاب التحكم عن بعد والمركبات', 2, '2020-02-05 23:01:31', '2020-02-05 23:01:46', 144, 144),
(2229, 1115, 'Video Games', 1, '2020-02-05 23:02:00', '2020-02-05 23:02:00', 144, 144),
(2230, 1115, 'ألعاب إلكترونية', 2, '2020-02-05 23:02:00', '2020-02-05 23:02:19', 144, 144),
(2231, 1116, 'Cubbies & Swings', 1, '2020-02-05 23:03:20', '2020-02-05 23:03:20', 144, 144),
(2232, 1116, 'الأراجيح', 2, '2020-02-05 23:03:20', '2020-02-05 23:03:33', 144, 144),
(2233, 1117, 'Trampolines', 1, '2020-02-05 23:03:47', '2020-02-05 23:03:47', 144, 144),
(2234, 1117, 'الترامبولين', 2, '2020-02-05 23:03:47', '2020-02-05 23:03:57', 144, 144),
(2235, 1118, 'Gardening Toys', 1, '2020-02-05 23:04:09', '2020-02-05 23:04:09', 144, 144),
(2236, 1118, 'ألعاب الحدائق', 2, '2020-02-05 23:04:09', '2020-02-05 23:04:21', 144, 144),
(2237, 1119, 'Play Tents', 1, '2020-02-05 23:04:38', '2020-02-05 23:04:38', 144, 144),
(2238, 1119, 'ألعاب الخيام ', 2, '2020-02-05 23:04:38', '2020-02-05 23:04:51', 144, 144),
(2239, 1120, 'Sand Pits & Sand Toys', 1, '2020-02-05 23:05:08', '2020-02-05 23:05:08', 144, 144),
(2240, 1120, 'ألعاب الرمال', 2, '2020-02-05 23:05:08', '2020-02-05 23:05:19', 144, 144),
(2241, 1121, 'Bubble Toys', 1, '2020-02-05 23:05:33', '2020-02-05 23:05:33', 144, 144),
(2242, 1121, 'ألعاب الفقاعات ', 2, '2020-02-05 23:05:33', '2020-02-05 23:05:49', 144, 144),
(2243, 1122, 'Balls & Hoppers', 1, '2020-02-05 23:06:01', '2020-02-05 23:06:01', 144, 144),
(2244, 1122, 'كرات ', 2, '2020-02-05 23:06:01', '2020-02-05 23:06:29', 144, 144),
(2245, 1123, 'Guns And Blasters', 1, '2020-02-05 23:07:15', '2020-02-05 23:07:15', 144, 144),
(2246, 1123, 'بنادق ومسدسات ', 2, '2020-02-05 23:07:15', '2020-02-05 23:07:29', 144, 144),
(2247, 1124, 'Kids Sports', 1, '2020-02-05 23:07:43', '2020-02-05 23:07:43', 144, 144),
(2248, 1124, 'رياضات الأطفال', 2, '2020-02-05 23:07:43', '2020-02-05 23:07:57', 144, 144),
(2249, 1125, 'Beach Toys', 1, '2020-02-05 23:08:14', '2020-02-05 23:08:14', 144, 144),
(2250, 1125, 'ألعاب الشاطيء', 2, '2020-02-05 23:08:14', '2020-02-05 23:08:32', 144, 144),
(2251, 1126, 'Pool Toys', 1, '2020-02-05 23:08:44', '2020-02-05 23:08:44', 144, 144),
(2252, 1126, 'ألعاب حمام السباحة ', 2, '2020-02-05 23:08:44', '2020-02-05 23:08:56', 144, 144),
(2253, 1127, 'Water Play', 1, '2020-02-05 23:09:09', '2020-02-05 23:09:09', 144, 144),
(2254, 1127, 'ألعاب الماء', 2, '2020-02-05 23:09:09', '2020-02-05 23:09:22', 144, 144),
(2255, 1128, 'Bikes, Tricycles & Scooter', 1, '2020-02-05 23:10:25', '2020-02-05 23:10:25', 144, 144),
(2256, 1128, 'دراجات وسكوترات وعربات', 2, '2020-02-05 23:10:25', '2020-02-05 23:10:35', 144, 144),
(2257, 1129, 'Skates', 1, '2020-02-05 23:10:51', '2020-02-05 23:10:51', 144, 144),
(2258, 1129, 'زلاجات', 2, '2020-02-05 23:10:51', '2020-02-05 23:11:02', 144, 144),
(2259, 1130, 'Bike Accessories', 1, '2020-02-05 23:11:16', '2020-02-05 23:11:16', 144, 144),
(2260, 1130, 'إكسسوارات الدراجة', 2, '2020-02-05 23:11:16', '2020-02-05 23:11:28', 144, 144),
(2261, 1131, 'Ride-on Toys', 1, '2020-02-05 23:11:40', '2020-02-05 23:11:40', 144, 144),
(2262, 1131, 'ألعاب الركوب', 2, '2020-02-05 23:11:40', '2020-02-05 23:11:51', 144, 144),
(2263, 1132, 'Kids Helmets', 1, '2020-02-05 23:12:04', '2020-02-05 23:12:04', 144, 144),
(2264, 1132, 'خوذ الأطفال', 2, '2020-02-05 23:12:04', '2020-02-05 23:12:20', 144, 144),
(2265, 1133, 'Skateboards', 1, '2020-02-05 23:12:33', '2020-02-05 23:12:33', 144, 144),
(2266, 1133, 'ألواح تزلج', 2, '2020-02-05 23:12:33', '2020-02-05 23:12:45', 144, 144),
(2267, 1134, 'Kids\' Bikes', 1, '2020-02-05 23:14:45', '2020-02-05 23:14:45', 144, 144),
(2268, 1134, 'دراجات الأطفال', 2, '2020-02-05 23:14:45', '2020-02-05 23:14:57', 144, 144),
(2269, 1135, 'Scooters & Equipment', 1, '2020-02-05 23:15:16', '2020-02-05 23:15:16', 144, 144),
(2270, 1135, 'السكوتر وملحقاته', 2, '2020-02-05 23:15:16', '2020-02-05 23:15:32', 144, 144),
(2271, 1136, 'Tricycles', 1, '2020-02-05 23:15:45', '2020-02-05 23:15:45', 144, 144),
(2272, 1136, 'الدراجة ذات العجلات الثلاث', 2, '2020-02-05 23:15:45', '2020-02-05 23:16:16', 144, 144),
(2273, 1137, 'PlayStation Consoles ', 1, '2020-02-05 23:17:02', '2020-02-05 23:17:02', 144, 144),
(2274, 1137, 'أجهزة بلاي ستيشن ', 2, '2020-02-05 23:17:02', '2020-02-05 23:17:13', 144, 144),
(2275, 1138, 'PlayStation Gadgets & Accessories', 1, '2020-02-05 23:17:29', '2020-02-05 23:17:29', 144, 144),
(2276, 1138, 'إكسسوارات بلاي ستيشن', 2, '2020-02-05 23:17:29', '2020-02-05 23:17:44', 144, 144),
(2277, 1139, 'PlayStation Games', 1, '2020-02-05 23:17:57', '2020-02-05 23:17:57', 144, 144),
(2278, 1139, 'ألعاب بلاي ستيشن ', 2, '2020-02-05 23:17:57', '2020-02-05 23:18:09', 144, 144),
(2279, 1140, 'Xbox Consoles', 1, '2020-02-05 23:18:21', '2020-02-05 23:18:21', 144, 144),
(2280, 1140, 'أجهزة اكس بوكس ', 2, '2020-02-05 23:18:21', '2020-02-05 23:18:38', 144, 144),
(2281, 1141, 'Xbox Gadgets & Accessories', 1, '2020-02-05 23:18:52', '2020-02-05 23:18:52', 144, 144),
(2282, 1141, 'إكسسوارات اكس بوكس', 2, '2020-02-05 23:18:52', '2020-02-05 23:19:07', 144, 144),
(2283, 1142, 'Xbox Games', 1, '2020-02-05 23:19:27', '2020-02-05 23:19:27', 144, 144),
(2284, 1142, 'ألعاب اكس بوكس', 2, '2020-02-05 23:19:27', '2020-02-05 23:19:46', 144, 144),
(2285, 1143, 'Nintendo Consoles', 1, '2020-02-05 23:20:02', '2020-02-05 23:20:02', 144, 144),
(2286, 1143, 'أجهزة نينتندو', 2, '2020-02-05 23:20:02', '2020-02-05 23:20:14', 144, 144),
(2287, 1144, 'Nintendo Gadgets & Accessories', 1, '2020-02-05 23:20:26', '2020-02-05 23:20:26', 144, 144),
(2288, 1144, 'إكسسوارات نينتندو', 2, '2020-02-05 23:20:26', '2020-02-05 23:20:44', 144, 144),
(2289, 1145, 'Nintendo Games', 1, '2020-02-05 23:21:02', '2020-02-05 23:21:02', 144, 144),
(2290, 1145, 'ألعاب نينتندو', 2, '2020-02-05 23:21:02', '2020-02-05 23:21:24', 144, 144),
(2291, 1146, 'Other Video Gaming Consoles', 1, '2020-02-05 23:21:37', '2020-02-05 23:21:37', 144, 144),
(2292, 1146, 'أجهزة ألعاب فيديو أخرى ', 2, '2020-02-05 23:21:37', '2020-02-05 23:21:50', 144, 144),
(2293, 1147, 'Other Video Games Gadgets & Accessories', 1, '2020-02-05 23:22:37', '2020-02-05 23:22:37', 144, 144),
(2294, 1147, 'إكسسوارات ألعاب الفيديو الأخرى ', 2, '2020-02-05 23:22:37', '2020-02-05 23:23:05', 144, 144),
(2295, 1148, 'Other Games ', 1, '2020-02-05 23:23:20', '2020-02-05 23:23:20', 144, 144),
(2296, 1148, 'ألعاب أجهزة أخرى ', 2, '2020-02-05 23:23:20', '2020-02-05 23:23:33', 144, 144);

-- --------------------------------------------------------

--
-- Table structure for table `chats`
--

CREATE TABLE `chats` (
  `ChatID` int(11) NOT NULL,
  `SenderID` int(11) NOT NULL,
  `ReceiverID` int(11) NOT NULL,
  `Type` varchar(255) NOT NULL,
  `ReceiverType` varchar(255) NOT NULL,
  `LastActivityAt` varchar(255) NOT NULL
) ENGINE=MyISAM DEFAULT CHARSET=utf8;

-- --------------------------------------------------------

--
-- Table structure for table `chat_messages`
--

CREATE TABLE `chat_messages` (
  `ChatMessageID` int(11) NOT NULL,
  `ChatID` int(11) NOT NULL,
  `SenderID` int(11) NOT NULL,
  `ReceiverID` int(11) NOT NULL,
  `UserType` varchar(255) NOT NULL COMMENT 'Which is receiving message',
  `Message` text NOT NULL,
  `Image` varchar(255) NOT NULL,
  `CompressedImage` varchar(255) NOT NULL,
  `VideoThumbnail` varchar(255) NOT NULL,
  `Video` varchar(255) NOT NULL,
  `IsReadBySender` enum('no','yes') NOT NULL DEFAULT 'no',
  `IsReadByReceiver` enum('no','yes') NOT NULL DEFAULT 'no',
  `CreatedAt` varchar(255) NOT NULL
) ENGINE=MyISAM DEFAULT CHARSET=utf8;

-- --------------------------------------------------------

--
-- Table structure for table `cities`
--

CREATE TABLE `cities` (
  `CityID` int(11) NOT NULL,
  `CountryID` int(11) NOT NULL,
  `CityPlaceID` varchar(255) NOT NULL,
  `CityLat` double NOT NULL,
  `CityLong` double NOT NULL,
  `SortOrder` int(11) NOT NULL,
  `Hide` tinyint(4) NOT NULL,
  `IsActive` tinyint(4) NOT NULL,
  `CreatedAt` datetime NOT NULL,
  `UpdatedAt` datetime NOT NULL,
  `CreatedBy` int(11) NOT NULL,
  `UpdatedBy` int(11) NOT NULL
) ENGINE=InnoDB DEFAULT CHARSET=utf8;

--
-- Dumping data for table `cities`
--

INSERT INTO `cities` (`CityID`, `CountryID`, `CityPlaceID`, `CityLat`, `CityLong`, `SortOrder`, `Hide`, `IsActive`, `CreatedAt`, `UpdatedAt`, `CreatedBy`, `UpdatedBy`) VALUES
(1, 4, 'ChIJ1SDSl1G-vRUR2Qg76k9RVC4', 24.5246542, 39.56918410000003, 0, 0, 0, '2019-01-30 10:48:20', '2019-02-06 07:24:06', 1, 1),
(2, 4, 'ChIJdYeB7UwbwhURzslwz2kkq5g', 21.3890824, 39.85791180000001, 1, 0, 0, '2019-01-30 12:21:47', '2019-02-06 07:23:57', 1, 1),
(3, 4, 'ChIJMQlyFWNU4xURtBmJcYxVd6E', 18.2464685, 42.51172380000003, 2, 0, 0, '2019-01-30 12:22:36', '2019-02-06 07:23:33', 1, 1),
(4, 4, 'ChIJWX4TsR_QwxUR2xixN5dXWeA', 21.485811, 39.19250480000005, 3, 0, 1, '2019-01-30 12:23:03', '2019-01-30 12:23:03', 1, 1),
(5, 4, 'ChIJmZNIDYkDLz4R1Z_nmBxNl7o', 24.7135517, 46.67529569999999, 4, 0, 1, '2019-01-30 12:23:22', '2019-01-30 12:23:22', 1, 1),
(6, 4, 'ChIJAzRrJzIdNj4RdlZeeuwB2e8', 26.4206828, 50.08879430000002, 5, 0, 1, '2019-03-07 16:24:39', '2019-03-07 16:24:39', 1, 1),
(7, 4, 'ChIJywSzM8G0pRURIgQOjaK8eJA', 26.8040118, 37.957270300000005, 6, 0, 1, '2019-04-15 08:17:20', '2019-04-15 08:17:20', 1, 1),
(8, 4, 'ChIJZSMTlAWtqRURz5oTtsbjQG8', 28.3835079, 36.56619079999996, 7, 0, 1, '2019-04-17 13:41:26', '2019-04-17 13:41:26', 1, 1);

-- --------------------------------------------------------

--
-- Table structure for table `cities_text`
--

CREATE TABLE `cities_text` (
  `CityTextID` int(11) NOT NULL,
  `CityID` int(11) NOT NULL,
  `Title` varchar(255) NOT NULL,
  `SystemLanguageID` int(11) NOT NULL,
  `CreatedAt` datetime NOT NULL,
  `UpdatedAt` datetime NOT NULL,
  `CreatedBy` int(11) NOT NULL,
  `UpdatedBy` int(11) NOT NULL
) ENGINE=InnoDB DEFAULT CHARSET=utf8;

--
-- Dumping data for table `cities_text`
--

INSERT INTO `cities_text` (`CityTextID`, `CityID`, `Title`, `SystemLanguageID`, `CreatedAt`, `UpdatedAt`, `CreatedBy`, `UpdatedBy`) VALUES
(1, 1, 'Medina', 1, '2019-01-30 10:48:20', '2019-02-06 07:24:06', 1, 1),
(2, 1, 'المدينة المنورة', 2, '2019-01-30 10:48:20', '2019-01-30 10:48:20', 1, 1),
(3, 2, 'Mecca', 1, '2019-01-30 12:21:47', '2019-02-06 07:23:57', 1, 1),
(4, 2, 'مكة', 2, '2019-01-30 12:21:47', '2019-01-30 12:21:47', 1, 1),
(5, 3, 'Abha', 1, '2019-01-30 12:22:36', '2019-02-06 07:23:33', 1, 1),
(6, 3, 'أبها', 2, '2019-01-30 12:22:36', '2019-01-30 12:22:36', 1, 1),
(7, 4, 'Jeddah', 1, '2019-01-30 12:23:03', '2019-01-30 12:23:03', 1, 1),
(8, 4, 'جدة', 2, '2019-01-30 12:23:04', '2019-01-30 12:23:04', 1, 1),
(9, 5, 'Riyadh', 1, '2019-01-30 12:23:22', '2019-01-30 12:23:22', 1, 1),
(10, 5, 'الرياض', 2, '2019-01-30 12:23:23', '2019-01-30 12:23:23', 1, 1),
(11, 6, 'Dammam', 1, '2019-03-07 16:24:39', '2019-03-07 16:24:39', 1, 1),
(12, 6, 'الدمام', 2, '2019-03-07 16:24:40', '2019-03-07 16:24:40', 1, 1),
(13, 7, 'Madain Saleh', 1, '2019-04-15 08:17:20', '2019-04-15 08:17:20', 1, 1),
(14, 7, 'المدينة المنورة', 2, '2019-04-15 08:17:22', '2019-04-15 08:17:22', 1, 1),
(15, 8, 'Tabuk', 1, '2019-04-17 13:41:26', '2019-04-17 13:41:26', 1, 1),
(16, 8, 'تبوك', 2, '2019-04-17 13:41:26', '2019-04-17 13:41:26', 1, 1);

-- --------------------------------------------------------

--
-- Table structure for table `comment_reported`
--

CREATE TABLE `comment_reported` (
  `CommentReportID` int(11) NOT NULL,
  `CommentID` int(11) NOT NULL,
  `ReportType` enum('product','question') NOT NULL,
  `UserID` int(11) NOT NULL,
  `ReportReason` varchar(255) CHARACTER SET utf8 NOT NULL,
  `ReportedAt` varchar(255) NOT NULL
) ENGINE=MyISAM DEFAULT CHARSET=latin1;

-- --------------------------------------------------------

--
-- Table structure for table `countries`
--

CREATE TABLE `countries` (
  `CountryID` int(11) NOT NULL,
  `CountryPlaceID` varchar(255) NOT NULL,
  `CountryLat` double NOT NULL,
  `CountryLong` double NOT NULL,
  `CountryLongName` varchar(255) NOT NULL,
  `CountryShortName` varchar(255) NOT NULL,
  `Currency` varchar(255) NOT NULL,
  `CurrencySymbol` varchar(255) NOT NULL,
  `LoyaltyPointsFactor` decimal(10,2) NOT NULL,
  `SortOrder` int(11) NOT NULL,
  `Hide` tinyint(4) NOT NULL,
  `IsActive` tinyint(4) NOT NULL,
  `CreatedAt` datetime NOT NULL,
  `UpdatedAt` datetime NOT NULL,
  `CreatedBy` int(11) NOT NULL,
  `UpdatedBy` int(11) NOT NULL
) ENGINE=InnoDB DEFAULT CHARSET=utf8;

--
-- Dumping data for table `countries`
--

INSERT INTO `countries` (`CountryID`, `CountryPlaceID`, `CountryLat`, `CountryLong`, `CountryLongName`, `CountryShortName`, `Currency`, `CurrencySymbol`, `LoyaltyPointsFactor`, `SortOrder`, `Hide`, `IsActive`, `CreatedAt`, `UpdatedAt`, `CreatedBy`, `UpdatedBy`) VALUES
(1, 'ChIJH3X9-NJS2zgRXJIU5veht0Y', 30.375321, 69.34511599999996, 'Pakistan', 'PK', 'PKR', 'PKR', '10.00', 0, 0, 1, '2019-06-13 07:34:52', '2019-06-13 10:22:58', 1, 1),
(3, 'ChIJvRKrsd9IXj4RpwoIwFYv0zM', 23.424076, 53.84781799999996, 'United Arab Emirates', 'AE', 'AED', 'AED', '0.00', 1, 0, 1, '2019-06-13 08:25:52', '2019-06-13 08:25:52', 1, 1),
(4, 'ChIJQSqV5z-z5xURm7YawktQYFk', 23.885942, 45.079162, 'Saudi Arabia', 'SA', 'SAR', 'SAR', '0.00', 2, 0, 1, '2019-06-13 08:26:03', '2019-06-13 08:26:03', 1, 1),
(5, 'ChIJkbeSa_BfYzARphNChaFPjNc', 20.593684, 78.96288000000004, 'India', 'IN', 'INR', 'INR', '0.00', 3, 0, 1, '2019-06-13 08:26:18', '2019-06-13 08:26:18', 1, 1);

-- --------------------------------------------------------

--
-- Table structure for table `countries_text`
--

CREATE TABLE `countries_text` (
  `CountryTextID` int(11) NOT NULL,
  `CountryID` int(11) NOT NULL,
  `Title` varchar(255) NOT NULL,
  `SystemLanguageID` int(11) NOT NULL,
  `CreatedAt` datetime NOT NULL,
  `UpdatedAt` datetime NOT NULL,
  `CreatedBy` int(11) NOT NULL,
  `UpdatedBy` int(11) NOT NULL
) ENGINE=InnoDB DEFAULT CHARSET=utf8;

--
-- Dumping data for table `countries_text`
--

INSERT INTO `countries_text` (`CountryTextID`, `CountryID`, `Title`, `SystemLanguageID`, `CreatedAt`, `UpdatedAt`, `CreatedBy`, `UpdatedBy`) VALUES
(1, 1, 'Pakistan', 1, '2019-06-13 07:34:52', '2019-06-13 10:22:58', 1, 1),
(2, 1, 'باكستان', 2, '2019-06-13 07:34:52', '2019-06-13 07:34:52', 1, 1),
(5, 3, 'United Arab Emirates', 1, '2019-06-13 08:25:52', '2019-06-13 08:25:52', 1, 1),
(6, 3, 'United Arab Emirates', 2, '2019-06-13 08:25:52', '2019-06-13 08:25:52', 1, 1),
(7, 4, 'Saudi Arabia', 1, '2019-06-13 08:26:03', '2019-06-13 08:26:03', 1, 1),
(8, 4, 'Saudi Arabia', 2, '2019-06-13 08:26:03', '2019-06-13 08:26:03', 1, 1),
(9, 5, 'India', 1, '2019-06-13 08:26:18', '2019-06-13 08:26:18', 1, 1),
(10, 5, 'الهند', 2, '2019-06-13 08:26:18', '2019-06-13 08:26:18', 1, 1);

-- --------------------------------------------------------

--
-- Table structure for table `coupons`
--

CREATE TABLE `coupons` (
  `CouponID` int(11) NOT NULL,
  `UserID` int(11) NOT NULL COMMENT '0 means its created by admin and usable for all stores, greater than 0 means its booth specific',
  `CouponCode` varchar(255) NOT NULL,
  `DiscountType` enum('Fixed','Percentage') NOT NULL DEFAULT 'Fixed' COMMENT 'Fixed means fixed amount, Percentage means that percentage of total amount',
  `DiscountFactor` decimal(10,2) NOT NULL,
  `ExpiryDate` varchar(255) NOT NULL,
  `UsageCount` int(11) NOT NULL COMMENT 'This is no of times this coupon is available to use',
  `TotalCount` int(11) NOT NULL,
  `SortOrder` int(11) NOT NULL,
  `Hide` tinyint(4) NOT NULL,
  `IsActive` tinyint(4) NOT NULL,
  `CreatedAt` datetime NOT NULL,
  `UpdatedAt` datetime NOT NULL,
  `CreatedBy` int(11) NOT NULL,
  `UpdatedBy` int(11) NOT NULL
) ENGINE=MyISAM DEFAULT CHARSET=utf8;

-- --------------------------------------------------------

--
-- Table structure for table `coupons_text`
--

CREATE TABLE `coupons_text` (
  `CouponTextID` int(11) NOT NULL,
  `CouponID` int(11) NOT NULL,
  `Title` varchar(255) NOT NULL,
  `SystemLanguageID` int(11) NOT NULL,
  `CreatedAt` datetime NOT NULL,
  `UpdatedAt` datetime NOT NULL,
  `CreatedBy` int(11) NOT NULL,
  `UpdatedBy` int(11) NOT NULL
) ENGINE=MyISAM DEFAULT CHARSET=utf8;

-- --------------------------------------------------------

--
-- Table structure for table `email_templates`
--

CREATE TABLE `email_templates` (
  `Email_templateID` int(11) NOT NULL,
  `Image` varchar(255) NOT NULL,
  `SortOrder` int(11) NOT NULL,
  `Hide` tinyint(4) NOT NULL,
  `IsActive` tinyint(4) NOT NULL,
  `CreatedAt` datetime NOT NULL,
  `UpdatedAt` datetime NOT NULL,
  `CreatedBy` int(11) NOT NULL,
  `UpdatedBy` int(11) NOT NULL
) ENGINE=InnoDB DEFAULT CHARSET=utf8;

--
-- Dumping data for table `email_templates`
--

INSERT INTO `email_templates` (`Email_templateID`, `Image`, `SortOrder`, `Hide`, `IsActive`, `CreatedAt`, `UpdatedAt`, `CreatedBy`, `UpdatedBy`) VALUES
(1, 'uploads/email_templates/1210446676201807020635331.jpg', 0, 0, 1, '2018-07-02 17:08:45', '2020-06-01 07:11:39', 1, 1),
(4, 'uploads/email_templates/379150302201807020631102.jpg', 1, 0, 1, '2018-07-02 18:10:31', '2019-04-19 09:19:48', 1, 1),
(5, 'uploads/email_templates/414693546201807020612353.jpg', 2, 0, 1, '2018-07-02 18:35:12', '2019-06-10 12:42:34', 1, 1),
(6, '', 3, 0, 1, '2019-04-05 09:22:13', '2019-06-10 12:43:06', 1, 1),
(7, '', 4, 0, 1, '2019-04-16 09:29:45', '2020-03-24 09:23:33', 1, 1),
(8, '', 5, 0, 1, '2019-06-11 06:16:05', '2019-06-11 06:16:05', 1, 1),
(9, '', 6, 0, 1, '2019-06-11 07:57:40', '2019-06-11 07:57:40', 1, 1),
(10, '', 7, 0, 1, '2019-06-11 07:59:28', '2019-06-11 07:59:28', 1, 1),
(11, '', 8, 0, 1, '2019-06-11 08:00:56', '2019-07-11 12:43:15', 1, 1),
(12, '', 9, 0, 1, '2019-07-04 12:23:24', '2020-03-24 09:16:04', 1, 1),
(13, '', 10, 0, 1, '2019-07-05 11:54:10', '2019-07-05 11:54:10', 1, 1),
(14, '', 11, 0, 1, '2019-07-24 07:33:57', '2019-07-24 07:33:57', 1, 1),
(15, '', 12, 0, 1, '2019-10-04 13:24:41', '2020-03-05 04:59:33', 1, 1),
(16, '', 13, 0, 1, '2019-12-13 08:52:58', '2019-12-13 08:53:54', 1, 1),
(17, '', 14, 0, 1, '2020-03-05 05:02:31', '2020-03-05 05:05:06', 1, 1),
(18, '', 15, 0, 1, '2020-03-24 10:58:53', '2020-03-24 10:58:53', 1, 1),
(19, '', 16, 0, 1, '2020-03-24 11:11:20', '2020-03-24 12:16:18', 1, 1),
(20, '', 17, 0, 1, '2020-03-24 11:30:58', '2020-03-24 11:30:58', 1, 1),
(21, '', 18, 0, 1, '2020-08-28 05:34:57', '2020-10-15 10:34:00', 1, 1),
(22, '', 19, 0, 1, '2020-08-28 05:35:47', '2020-08-28 05:35:47', 1, 1),
(23, '', 20, 0, 1, '2020-10-22 10:07:50', '2020-11-20 11:14:06', 1, 1);

-- --------------------------------------------------------

--
-- Table structure for table `email_templates_text`
--

CREATE TABLE `email_templates_text` (
  `Email_templateTextID` int(11) NOT NULL,
  `Email_templateID` int(11) NOT NULL,
  `Title` varchar(255) NOT NULL,
  `Heading` varchar(255) NOT NULL,
  `Description` text NOT NULL,
  `SystemLanguageID` int(11) NOT NULL,
  `CreatedAt` datetime NOT NULL,
  `UpdatedAt` datetime NOT NULL,
  `CreatedBy` int(11) NOT NULL,
  `UpdatedBy` int(11) NOT NULL
) ENGINE=InnoDB DEFAULT CHARSET=utf8;

--
-- Dumping data for table `email_templates_text`
--

INSERT INTO `email_templates_text` (`Email_templateTextID`, `Email_templateID`, `Title`, `Heading`, `Description`, `SystemLanguageID`, `CreatedAt`, `UpdatedAt`, `CreatedBy`, `UpdatedBy`) VALUES
(1, 1, 'Signup', 'Signup', '<p><strong>Hi {{user_name}} ,</strong></p>\r\n<p>Thank you for registering with Booth-in. We hope to provide you the best of our services.</p>\r\n<p>&nbsp;</p>\r\n<p>Please verify your email address by clicking the link below.</p>\r\n<p>{{link}}</p>\r\n<p>&nbsp;</p>\r\n<p><strong>Thanks.</strong></p>', 1, '2018-07-02 17:08:45', '2020-06-01 07:11:39', 1, 1),
(4, 4, 'Forgot Password', 'Forgot Password', '<p>We received your request to reset your password at booth.</p>\r\n<p>Please use the link below to proceed..</p>\r\n<p>Reset Link: {{link}}</p>\r\n<p>&nbsp;</p>\r\n<p><strong>Thanks.</strong></p>', 1, '2018-07-02 18:10:31', '2019-04-19 09:19:48', 1, 1),
(5, 5, 'Order Cancellation Email To Customer', 'Order Cancelled', '<p><strong>Dear {{name}} ,</strong></p>\r\n<p>Your order is cancelled by seller with order track number {{order_track_id}}.</p>', 1, '2018-07-02 18:35:12', '2019-06-10 12:42:34', 1, 1),
(6, 5, 'Order Cancellation Email To Customer Arabic', 'Order Cancelled', '<p><strong>Dear {{name}} ,</strong></p>\r\n<p>Your order is cancelled by seller with order track number {{order_track_id}}.</p>', 2, '2018-07-02 18:36:55', '2019-06-10 12:42:41', 1, 1),
(7, 1, 'Signup At Chocomood', 'Signup at Chocomood', '<p><strong>Hi {{fullname}} ,</strong></p>\r\n<p>Thank you for registering with Booth. We hope to provide you the best of our services.</p>\r\n<p>Your login details are:</p>\r\n<p>Email: {{email}}</p>\r\n<p>Password: {{password}}</p>\r\n<p>&nbsp;</p>\r\n<p><strong>Thanks.</strong></p>', 2, '2019-03-01 16:04:09', '2019-05-03 09:01:34', 1, 1),
(8, 4, 'Forgot Password Arabic', 'Forgot Password', '<p>We received your request to reset your password at booth.</p>\r\n<p>Please use the link below to proceed..</p>\r\n<p>Reset Link: {{link}}</p>\r\n<p>&nbsp;</p>\r\n<p><strong>Thanks.</strong></p>', 2, '2018-07-02 18:10:31', '2019-04-19 09:19:57', 1, 1),
(9, 6, 'Order Cancellation Email To Booth', 'Order Cancelled', '<p><strong>Dear {{name}} ,</strong></p>\r\n<p>Your order is cancelled by&nbsp;buyer with order track number {{order_track_id}}.</p>', 1, '2019-04-05 09:22:13', '2019-06-10 12:43:06', 1, 1),
(10, 6, 'Order Cancellation Email To Booth Arabic', 'Order Cancelled', '<p><strong>Dear {{name}} ,</strong></p>\r\n<p>Your order is cancelled by&nbsp;buyer&nbsp;with order track number {{order_track_id}}.</p>', 2, '2019-04-05 09:23:02', '2019-06-10 12:43:11', 1, 1),
(11, 7, 'Email verification on signup', 'Verify your email', '<p>Dear {{user_name}},</p>\r\n<p>Please verify your email address by clicking the link below.</p>\r\n<p>{{link}}</p>', 1, '2019-04-16 09:29:45', '2020-03-24 09:23:33', 1, 1),
(12, 7, 'Email verification on signup Arabic', 'Verify your email', '<p>Dear {{name}},</p>\r\n<p>Please verify your email address by clicking the link below.</p>\r\n<p>{{link}}</p>', 2, '2019-04-16 09:30:18', '2019-04-16 09:30:18', 1, 1),
(13, 8, 'Order Approval Email To Customer', 'Order Request Approved', '<p><strong>Dear {{name}} ,</strong></p>\r\n<p>Your order request is approved by seller with order track number {{order_track_id}}.</p>', 1, '2019-06-11 06:16:05', '2019-06-11 06:16:05', 1, 1),
(14, 8, 'Order Approval Email To Customer', 'Order Request Approved', '<p><strong>Dear {{name}} ,</strong></p>\r\n<p>Your order request is approved by seller with order track number {{order_track_id}}.</p>', 2, '2019-06-11 06:16:05', '2019-06-11 06:16:05', 1, 1),
(15, 9, 'Order Payment Done Email To Customer', 'Order Payment Done', '<p><strong>Dear {{name}} ,</strong></p>\r\n<p>Your payment is done for your order request with order track number {{order_track_id}}.</p>', 1, '2019-06-11 07:57:40', '2019-06-11 07:57:40', 1, 1),
(16, 9, 'Order Payment Done Email To Customer', 'Order Payment Done', '<p><strong>Dear {{name}} ,</strong></p>\r\n<p>Your payment is done for your order request with order track number {{order_track_id}}.</p>', 2, '2019-06-11 07:57:40', '2019-06-11 07:57:40', 1, 1),
(17, 10, 'Order Completed Email To Customer', 'Order Completed', '<p><strong>Dear {{name}} ,</strong></p>\r\n<p>Your order request has&nbsp;completed&nbsp;with order track number {{order_track_id}}.</p>', 1, '2019-06-11 07:59:28', '2019-06-11 07:59:28', 1, 1),
(18, 10, 'Order Completed Email To Customer', 'Order Completed', '<p><strong>Dear {{name}} ,</strong></p>\r\n<p>Your order request has&nbsp;completed&nbsp;with order track number {{order_track_id}}.</p>', 2, '2019-06-11 07:59:28', '2019-06-11 07:59:28', 1, 1),
(19, 11, 'Order Dispatched Email To Customer', 'Order Dispatched', '<p><strong>Dear {{name}} ,</strong></p>\r\n<p>Your order is dispatched by seller with order track number {{order_track_id}}.</p>\r\n<p>Your verification code is {{verification_code}}. Please keep this verification code saved&nbsp;untill order is delivered to you. You need to give this code.</p>', 1, '2019-06-11 08:00:56', '2019-07-11 12:43:15', 1, 1),
(20, 11, 'Order Dispatched Email To Customer', 'Order Dispatched', '<p><strong>Dear {{name}} ,</strong></p>\r\n<p>Your order is dispatched by seller with order track number {{order_track_id}}.</p>\r\n<p>Your verification code is {{verification_code}}. Please keep this verification code saved&nbsp;untill order is delivered to you. You need to give this code.</p>', 2, '2019-06-11 08:00:56', '2019-07-11 12:31:58', 1, 1),
(21, 12, 'Invitation Email', 'Invitation', '<p>You are invited to try booth-in app</p>', 1, '2019-07-04 12:23:24', '2020-03-24 09:16:04', 1, 1),
(22, 12, 'Invitation Email', 'Invitation', '<p>You are invited to try booth app</p>', 2, '2019-07-04 12:23:24', '2019-07-04 12:23:24', 1, 1),
(23, 13, 'Order Payment Done Email To Booth', 'Order Payment Done', '<p><strong>Dear {{name}} ,</strong></p>\r\n<p>Payment is done for order request. Now you can dispatch order with order track number {{order_track_id}}.</p>', 1, '2019-07-05 11:54:10', '2019-07-05 11:54:10', 1, 1),
(24, 13, 'Order Payment Done Email To Booth', 'Order Payment Done', '<p><strong>Dear {{name}} ,</strong></p>\r\n<p>Payment is done for order request. Now you can dispatch order with order track number {{order_track_id}}.</p>', 2, '2019-07-05 11:54:10', '2019-07-05 11:54:10', 1, 1),
(25, 14, 'Order Cancellation As Disputed Email', 'Order Cancelled As Disputed', '<p><strong>Dear {{name}} ,</strong></p>\r\n<p>Your order request is cancelled by system as disputed oder&nbsp;with order track number {{order_track_id}}.</p>', 1, '2019-07-24 07:33:57', '2019-07-24 07:33:57', 1, 1),
(26, 14, 'Order Cancellation As Disputed Email', 'Order Cancelled As Disputed', '<p><strong>Dear {{name}} ,</strong></p>\r\n<p>Your order request is cancelled by system as disputed oder&nbsp;with order track number {{order_track_id}}.</p>', 2, '2019-07-24 07:33:57', '2019-07-24 07:33:57', 1, 1),
(27, 15, 'Order Place Email To Customer', 'Order Placed', '<p><strong>Congratulation&nbsp;{{name}} ,</strong></p>\r\n<p>Your order&nbsp;has been placed successfully! Waiting for the seller to approve your order.</p>', 1, '2019-10-04 13:24:41', '2020-03-05 04:59:33', 1, 1),
(28, 15, 'Order Place Email', 'Order Placed', '<p><strong>Dear {{name}} ,</strong></p>\r\n<p>Your order&nbsp;has been placed successfully with order track id&nbsp;{{order_track_id}}. Now you can wait for the approval.</p>', 2, '2019-10-04 13:24:41', '2019-10-04 13:24:41', 1, 1),
(29, 16, 'Order Completed Email To Booth', 'Order Completed', '<p><strong>Dear {{name}} ,</strong></p>\r\n<p>Your order request has&nbsp;completed&nbsp;with order track number {{order_track_id}}.</p>', 1, '2019-12-13 08:52:58', '2019-12-13 08:53:54', 1, 1),
(30, 16, 'Order Completed Email To Vendor', 'Order Completed', '<p><strong>Dear {{name}} ,</strong></p>\r\n<p>Your order request has&nbsp;completed&nbsp;with order track number {{order_track_id}}.</p>', 2, '2019-12-13 08:52:58', '2019-12-13 08:52:58', 1, 1),
(31, 17, 'Order Place Email To Booth', 'Order Placed', '<p><strong>Dear {{name}} ,</strong></p>\r\n<p>You have received a new order request from {{customer_name}} with order track id {{track_id}}.</p>', 1, '2020-03-05 05:02:31', '2020-03-05 05:05:06', 1, 1),
(32, 17, 'Order Place Email To Booth', 'Order Placed', '<p><strong>Dear {{name}} ,</strong></p>\r\n<p>You have received a new order.Here are the details.</p>', 2, '2020-03-05 05:02:31', '2020-03-05 05:02:31', 1, 1),
(33, 18, 'Order Cancellation Email To Customer Automatically', 'Order Cancelled', '<p><strong>Dear {{user_name}} ,</strong></p>\r\n<p>Your order number {{order_track_id}} has been cancelled by the system automatically as {{seller_user_name}} didn\'t respond to your request.</p>', 1, '2020-03-24 10:58:53', '2020-03-24 10:58:53', 1, 1),
(34, 18, 'Order Cancellation Email To Customer Automatically', 'Order Cancelled', '<p><strong>Dear {{user_name}} ,</strong></p>\r\n<p>Your order number {{order_track_id}} has been cancelled by the system automatically as {{seller_user_name}} didn\'t respond to your request.</p>', 2, '2020-03-24 10:58:53', '2020-03-24 10:58:53', 1, 1),
(35, 19, 'Order Cancellation Email To Booth Automatically', 'Order Cancelled', '<p><strong>Dear {{user_name}} ,</strong></p>\r\n<p>Your order number {{order_track_id}} has been cancelled by the system automatically as {{buyer_user_name}} didn\'t respond to your request.</p>', 1, '2020-03-24 11:11:20', '2020-03-24 12:16:18', 1, 1),
(36, 19, 'Order Cancellation Email To Booth Automatically', 'Order Cancelled', '<p><strong>Dear {{user_name}} ,</strong></p>\r\n<p>Your order number {{order_track_id}} has been cancelled by the system automatically as {{buyer_user_name}} didn\'t respond to your request.</p>', 2, '2020-03-24 11:11:20', '2020-03-24 11:11:20', 1, 1),
(37, 20, 'Order Cancellation Email To Booth And Customer By Admin', 'Order Cancelled', '<p><strong>Dear {{user_name}} ,</strong></p>\r\n<p>Your order number {{order_track_id}} has been cancelled by the system due to a dispute between you and the other party, received as a complain.</p>', 1, '2020-03-24 11:30:58', '2020-03-24 11:30:58', 1, 1),
(38, 20, 'Order Cancellation Email To Booth And Customer By Admin', 'Order Cancelled', '<p><strong>Dear {{user_name}} ,</strong></p>\r\n<p>Your order number {{order_track_id}} has been cancelled by the system due to a dispute between you and the other party, received as a complain.</p>', 2, '2020-03-24 11:30:58', '2020-03-24 11:30:58', 1, 1),
(39, 21, 'Package Expiry Before Notification', 'Package Expiry Alert', '<p><strong>Dear {{name}} ,</strong></p>\r\n<p>Your package will expire after {{day}} days</p>', 1, '2020-08-28 05:34:57', '2020-10-15 10:34:00', 1, 1),
(40, 21, 'Package Expiry Before Notification', 'Package Expiry Alert', '<p><strong>Dear {{name}} ,</strong></p>\r\n<p>Your package will expire after one month.</p>', 2, '2020-08-28 05:34:57', '2020-08-28 05:34:57', 1, 1),
(41, 22, 'Package Expiry After Notification', 'Package Expired', '<p><strong>Dear {{name}} ,</strong></p>\r\n<p>Your package is expired.</p>', 1, '2020-08-28 05:35:47', '2020-08-28 05:35:47', 1, 1),
(42, 22, 'Package Expiry After Notification', 'Package Expired', '<p><strong>Dear {{name}} ,</strong></p>\r\n<p>Your package is expired.</p>', 2, '2020-08-28 05:35:47', '2020-08-28 05:35:47', 1, 1),
(43, 23, 'Subscription Email', 'Subscription', '<p><span style=\"color: #263238; font-family: Roboto, sans-serif; font-size: 13px;\">Your payment for the seller subscription has been processed, thank you for using Booth-in (seller)</span><br style=\"color: #263238; font-family: Roboto, sans-serif; font-size: 13px;\" /><br style=\"color: #263238; font-family: Roboto, sans-serif; font-size: 13px;\" /><span style=\"color: #263238; font-family: Roboto, sans-serif; font-size: 13px;\">Package: {{duration}}&nbsp;months</span><br style=\"color: #263238; font-family: Roboto, sans-serif; font-size: 13px;\" /><span style=\"color: #263238; font-family: Roboto, sans-serif; font-size: 13px;\">Expiry date: {{expiry_date}}</span><br style=\"color: #263238; font-family: Roboto, sans-serif; font-size: 13px;\" /><span style=\"color: #263238; font-family: Roboto, sans-serif; font-size: 13px;\">Payment: {{amount}}&nbsp;SAR (inclusive of Vat)</span></p>', 1, '2020-10-22 10:07:50', '2020-11-20 11:14:06', 1, 1),
(44, 23, 'Subscription Email', 'Subscription', '<p><span style=\"color: #263238; font-family: Roboto, sans-serif; font-size: 13px;\">Your payment for the seller subscription has been processed, thank you for using Booth-in (seller)</span><br style=\"color: #263238; font-family: Roboto, sans-serif; font-size: 13px;\" /><br style=\"color: #263238; font-family: Roboto, sans-serif; font-size: 13px;\" /><span style=\"color: #263238; font-family: Roboto, sans-serif; font-size: 13px;\">Package: {{duration}}&nbsp;months</span><br style=\"color: #263238; font-family: Roboto, sans-serif; font-size: 13px;\" /><span style=\"color: #263238; font-family: Roboto, sans-serif; font-size: 13px;\">Expiry date: {{expiry_date}}</span><br style=\"color: #263238; font-family: Roboto, sans-serif; font-size: 13px;\" /><span style=\"color: #263238; font-family: Roboto, sans-serif; font-size: 13px;\">Payment: {{amount}}&nbsp;SAR (inclusive of Vat)</span></p>', 2, '2020-10-22 10:07:50', '2020-11-20 11:14:11', 1, 1);

-- --------------------------------------------------------

--
-- Table structure for table `feedbacks`
--

CREATE TABLE `feedbacks` (
  `FeedbackID` int(11) NOT NULL,
  `OrderNumber` varchar(255) NOT NULL COMMENT 'optional field',
  `FullName` varchar(255) CHARACTER SET utf8 NOT NULL,
  `Email` varchar(255) CHARACTER SET utf8 NOT NULL,
  `MobileNo` varchar(255) CHARACTER SET utf8 NOT NULL,
  `Message` text CHARACTER SET utf8 NOT NULL,
  `CreatedAt` varchar(255) NOT NULL
) ENGINE=MyISAM DEFAULT CHARSET=latin1;

-- --------------------------------------------------------

--
-- Table structure for table `invites`
--

CREATE TABLE `invites` (
  `InviteID` int(11) NOT NULL,
  `UserID` int(11) NOT NULL COMMENT 'UserID of user who is inviting',
  `Mobile` varchar(255) NOT NULL COMMENT 'Invited User Mobile',
  `Email` varchar(255) NOT NULL COMMENT 'Invited User Email'
) ENGINE=MyISAM DEFAULT CHARSET=latin1;

-- --------------------------------------------------------

--
-- Table structure for table `languages`
--

CREATE TABLE `languages` (
  `LanguageID` int(11) NOT NULL,
  `SortOrder` int(11) NOT NULL,
  `Hide` tinyint(4) NOT NULL,
  `IsActive` tinyint(4) NOT NULL,
  `CreatedAt` datetime NOT NULL,
  `UpdatedAt` datetime NOT NULL,
  `CreatedBy` int(11) NOT NULL,
  `UpdatedBy` int(11) NOT NULL
) ENGINE=InnoDB DEFAULT CHARSET=utf8;

-- --------------------------------------------------------

--
-- Table structure for table `mobile_verifications`
--

CREATE TABLE `mobile_verifications` (
  `MobileVerificationID` int(11) NOT NULL,
  `Mobile` varchar(255) NOT NULL,
  `Code` int(4) NOT NULL,
  `CreatedAt` datetime NOT NULL
) ENGINE=InnoDB DEFAULT CHARSET=latin1;

-- --------------------------------------------------------

--
-- Table structure for table `modules`
--

CREATE TABLE `modules` (
  `ModuleID` int(11) NOT NULL,
  `ParentID` int(11) NOT NULL DEFAULT '0',
  `IconClass` varchar(255) NOT NULL,
  `Slug` varchar(255) NOT NULL,
  `SortOrder` int(11) NOT NULL,
  `Hide` tinyint(4) NOT NULL,
  `IsActive` tinyint(4) NOT NULL,
  `CreatedAt` datetime NOT NULL,
  `UpdatedAt` datetime NOT NULL,
  `CreatedBy` int(11) NOT NULL,
  `UpdatedBy` int(11) NOT NULL
) ENGINE=InnoDB DEFAULT CHARSET=utf8;

--
-- Dumping data for table `modules`
--

INSERT INTO `modules` (`ModuleID`, `ParentID`, `IconClass`, `Slug`, `SortOrder`, `Hide`, `IsActive`, `CreatedAt`, `UpdatedAt`, `CreatedBy`, `UpdatedBy`) VALUES
(1, 0, 'settings', '#', 12, 0, 1, '2018-05-09 00:00:00', '2018-11-30 10:32:35', 1, 1),
(18, 1, ' mdi mdi-view-module', 'module', 1, 1, 1, '2018-04-19 15:22:06', '2018-04-19 15:22:06', 1, 1),
(22, 1, 'mdi mdi-yeast', 'role', 5, 0, 1, '2018-05-02 12:10:33', '2018-05-02 12:10:33', 1, 1),
(23, 0, 'face', 'user', 6, 0, 1, '2018-05-02 12:44:19', '2018-05-02 12:44:19', 1, 1),
(32, 1, 'mdi mdi-city', 'city', 7, 1, 1, '2018-05-03 14:01:59', '2018-05-03 14:01:59', 1, 1),
(35, 1, 'mdi mdi-city', 'district', 6, 1, 1, '2018-05-03 15:49:43', '2018-05-03 15:49:43', 1, 1),
(36, 1, 'settings', 'Site_setting', 3, 0, 1, '2018-06-21 20:24:33', '2018-06-21 20:24:33', 1, 1),
(39, 1, ' mdi mdi-email', 'email_template', 4, 0, 1, '2018-07-02 16:26:28', '2018-07-02 16:26:28', 1, 1),
(40, 1, 'mdi mdi-format-list-bulleted', 'language', 10, 1, 1, '2018-07-04 14:12:11', '2018-07-04 14:12:23', 1, 1),
(43, 0, 'view_quilt', 'category', 2, 0, 1, '2018-10-05 00:00:00', '2018-11-30 09:30:09', 1, 1),
(44, 0, 'bookmarks', 'promotion', 4, 0, 1, '2018-12-17 07:07:41', '2018-12-17 07:07:41', 1, 1),
(45, 0, 'pages', 'page', 9, 0, 1, '2018-12-19 05:54:48', '2018-12-19 05:54:48', 1, 1),
(46, 0, 'shopping_cart', 'order', 1, 0, 1, '2018-12-19 06:36:39', '2018-12-19 06:36:39', 1, 1),
(47, 46, '', 'order/pending_approval', 6, 0, 1, '2018-12-21 09:19:50', '2018-12-21 09:19:50', 1, 1),
(48, 46, '', 'order/pending_payment', 7, 0, 1, '2018-12-21 09:43:33', '2018-12-21 09:43:33', 1, 1),
(50, 46, '', 'order/payment_done', 8, 0, 1, '2018-12-21 09:50:43', '2018-12-21 09:50:43', 1, 1),
(51, 46, '', 'order/seller_cancelled', 11, 0, 1, '2018-12-21 09:51:27', '2018-12-21 09:51:27', 1, 1),
(52, 46, '', 'order/completed', 10, 0, 1, '2018-12-21 09:52:06', '2018-12-21 09:52:06', 1, 1),
(53, 46, '', 'order/buyer_cancelled', 12, 0, 1, '2018-12-21 09:52:39', '2018-12-21 09:52:39', 1, 1),
(54, 46, '', 'order', 5, 0, 1, '2018-12-21 11:00:54', '2018-12-21 11:00:54', 1, 1),
(55, 0, 'directions_car', 'vehicle', 6, 1, 1, '2018-12-24 07:12:54', '2018-12-24 07:12:54', 1, 1),
(56, 0, 'build', 'technician', 7, 1, 1, '2018-12-24 08:02:11', '2018-12-24 08:02:11', 1, 1),
(57, 0, 'card_giftcard', 'coupon', 5, 0, 1, '2018-12-26 07:06:18', '2018-12-26 07:06:18', 1, 1),
(58, 0, 'live_help', 'questions', 7, 0, 1, '2018-12-27 13:38:22', '2018-12-27 13:38:22', 1, 1),
(59, 46, 'apps', 'booking/overdue', 10, 1, 1, '2019-01-04 09:36:11', '2019-01-04 09:36:11', 1, 1),
(60, 0, 'chat', 'notification', 11, 0, 1, '2019-01-07 13:27:24', '2019-01-07 13:27:24', 1, 1),
(61, 0, 'shop_two', 'product', 3, 0, 1, '2019-04-23 08:46:48', '2019-04-23 08:46:48', 1, 1),
(62, 0, 'collections', 'theme', 8, 0, 1, '2019-04-24 12:50:53', '2019-04-24 12:50:53', 1, 1),
(63, 0, 'feedback', 'feedback', 10, 0, 1, '2019-04-30 10:17:16', '2019-04-30 10:17:16', 1, 1),
(64, 46, '', 'order/dispatched', 9, 0, 1, '2019-05-31 07:51:59', '2019-05-31 07:51:59', 1, 1),
(65, 1, 'apps', 'country', 2, 0, 1, '2019-06-13 07:06:47', '2019-06-13 07:06:47', 1, 1),
(67, 46, '', 'order/admin_cancelled', 13, 0, 1, '2019-07-24 07:14:47', '2019-07-24 07:14:47', 1, 1),
(68, 1, '', 'cancellationReason', 14, 0, 1, '2019-08-27 08:33:53', '2019-08-27 08:33:53', 1, 1),
(69, 0, 'dashboard', 'dashboard', 0, 0, 1, '2020-02-06 05:48:24', '2020-02-06 05:48:24', 1, 1),
(70, 1, 'feedback', 'package', 1, 0, 1, '2020-08-27 05:28:43', '2020-08-27 05:28:43', 1, 1);

-- --------------------------------------------------------

--
-- Table structure for table `modules_rights`
--

CREATE TABLE `modules_rights` (
  `ModuleRightID` int(11) NOT NULL,
  `ModuleID` int(11) NOT NULL,
  `RoleID` int(11) NOT NULL,
  `CanView` tinyint(4) NOT NULL,
  `CanAdd` tinyint(4) NOT NULL,
  `CanEdit` tinyint(4) NOT NULL,
  `CanDelete` tinyint(4) NOT NULL,
  `CreatedAt` datetime NOT NULL,
  `UpdatedAt` datetime NOT NULL,
  `CreatedBy` int(11) NOT NULL,
  `UpdatedBy` int(11) NOT NULL
) ENGINE=InnoDB DEFAULT CHARSET=utf8;

--
-- Dumping data for table `modules_rights`
--

INSERT INTO `modules_rights` (`ModuleRightID`, `ModuleID`, `RoleID`, `CanView`, `CanAdd`, `CanEdit`, `CanDelete`, `CreatedAt`, `UpdatedAt`, `CreatedBy`, `UpdatedBy`) VALUES
(13, 18, 1, 1, 1, 1, 1, '2018-04-19 15:22:06', '2018-06-29 17:44:17', 1, 1),
(17, 18, 2, 1, 1, 1, 1, '2018-05-02 11:37:19', '2018-05-02 11:37:19', 1, 1),
(20, 22, 1, 1, 1, 1, 1, '2018-05-02 12:10:33', '2018-06-29 17:44:17', 1, 1),
(21, 22, 2, 1, 1, 1, 1, '2018-05-02 12:10:33', '2018-05-02 12:10:33', 1, 1),
(22, 23, 1, 1, 1, 1, 1, '2018-05-02 12:44:19', '2018-06-29 17:44:17', 1, 1),
(23, 23, 2, 1, 1, 1, 1, '2018-05-02 12:44:19', '2018-05-02 12:44:19', 1, 1),
(40, 32, 1, 1, 1, 1, 1, '2018-05-03 14:01:59', '2018-06-29 17:44:17', 1, 1),
(41, 32, 2, 1, 1, 1, 1, '2018-05-03 14:01:59', '2018-05-03 14:01:59', 1, 1),
(46, 35, 1, 1, 1, 1, 1, '2018-05-03 15:49:43', '2018-06-29 17:44:17', 1, 1),
(47, 35, 2, 1, 1, 1, 1, '2018-05-03 15:49:43', '2018-05-03 15:49:43', 1, 1),
(75, 1, 2, 1, 1, 1, 1, '2018-05-09 12:20:50', '2018-05-09 12:20:50', 1, 1),
(76, 1, 1, 1, 1, 1, 1, '2018-05-09 12:20:50', '2018-06-29 17:44:17', 1, 1),
(77, 36, 1, 1, 1, 1, 1, '2018-02-12 16:32:10', '2018-06-29 17:44:17', 1, 1),
(78, 36, 2, 1, 1, 1, 1, '2018-06-29 13:51:40', '2018-06-29 13:51:40', 1, 1),
(86, 39, 1, 1, 1, 1, 1, '2018-07-02 16:26:28', '2018-07-02 16:26:28', 1, 1),
(87, 39, 2, 1, 1, 1, 1, '2018-07-02 16:26:28', '2018-07-02 16:26:28', 1, 1),
(89, 40, 1, 1, 1, 1, 1, '2018-07-04 14:12:11', '2018-07-04 14:12:11', 1, 1),
(90, 40, 2, 1, 1, 1, 1, '2018-07-04 14:12:11', '2018-07-04 14:12:11', 1, 1),
(98, 43, 1, 1, 1, 1, 1, '2018-10-03 19:48:40', '2018-10-04 21:47:28', 1, 1),
(99, 43, 2, 1, 1, 1, 1, '2018-10-03 19:48:40', '2018-10-03 19:48:40', 1, 1),
(111, 43, 4, 1, 1, 1, 1, '2018-10-04 20:15:57', '2019-03-03 12:06:20', 1, 1),
(112, 44, 1, 1, 1, 1, 1, '2018-12-17 07:07:41', '2018-12-17 07:07:41', 1, 1),
(113, 44, 2, 1, 1, 1, 1, '2018-12-17 07:07:41', '2018-12-17 07:07:41', 1, 1),
(115, 45, 1, 1, 1, 1, 1, '2018-12-19 05:54:48', '2018-12-19 05:54:48', 1, 1),
(116, 45, 2, 1, 1, 1, 1, '2018-12-19 05:54:48', '2018-12-19 05:54:48', 1, 1),
(118, 46, 1, 1, 1, 1, 1, '2018-12-19 06:36:39', '2018-12-19 06:36:39', 1, 1),
(119, 46, 2, 1, 1, 1, 1, '2018-12-19 06:36:39', '2018-12-19 06:36:39', 1, 1),
(121, 47, 1, 1, 1, 1, 1, '2018-12-21 09:19:50', '2018-12-21 09:19:50', 1, 1),
(122, 47, 2, 1, 1, 1, 1, '2018-12-21 09:19:50', '2018-12-21 09:19:50', 1, 1),
(124, 48, 1, 1, 1, 1, 1, '2018-12-21 09:43:33', '2018-12-21 09:43:33', 1, 1),
(125, 48, 2, 1, 1, 1, 1, '2018-12-21 09:43:33', '2018-12-21 09:43:33', 1, 1),
(130, 50, 1, 1, 1, 1, 1, '2018-12-21 09:50:43', '2018-12-21 09:50:43', 1, 1),
(131, 50, 2, 1, 1, 1, 1, '2018-12-21 09:50:43', '2018-12-21 09:50:43', 1, 1),
(133, 51, 1, 1, 1, 1, 1, '2018-12-21 09:51:27', '2018-12-21 09:51:27', 1, 1),
(134, 51, 2, 1, 1, 1, 1, '2018-12-21 09:51:27', '2018-12-21 09:51:27', 1, 1),
(136, 52, 1, 1, 1, 1, 1, '2018-12-21 09:52:06', '2018-12-21 09:52:06', 1, 1),
(137, 52, 2, 1, 1, 1, 1, '2018-12-21 09:52:06', '2018-12-21 09:52:06', 1, 1),
(139, 53, 1, 1, 1, 1, 1, '2018-12-21 09:52:39', '2018-12-21 09:52:39', 1, 1),
(140, 53, 2, 1, 1, 1, 1, '2018-12-21 09:52:39', '2018-12-21 09:52:39', 1, 1),
(142, 54, 1, 1, 1, 1, 1, '2018-12-21 11:00:54', '2018-12-21 11:00:54', 1, 1),
(143, 54, 2, 1, 1, 1, 1, '2018-12-21 11:00:54', '2018-12-21 11:00:54', 1, 1),
(145, 55, 1, 1, 1, 1, 1, '2018-12-24 07:12:54', '2018-12-24 07:12:54', 1, 1),
(146, 55, 2, 1, 1, 1, 1, '2018-12-24 07:12:54', '2018-12-24 07:12:54', 1, 1),
(148, 56, 1, 1, 1, 1, 1, '2018-12-24 08:02:11', '2018-12-24 08:02:11', 1, 1),
(149, 56, 2, 1, 1, 1, 1, '2018-12-24 08:02:11', '2018-12-24 08:02:11', 1, 1),
(151, 57, 1, 1, 1, 1, 1, '2018-12-26 07:06:18', '2018-12-26 07:06:18', 1, 1),
(152, 57, 2, 1, 1, 1, 1, '2018-12-26 07:06:18', '2018-12-26 07:06:18', 1, 1),
(154, 58, 1, 1, 1, 1, 1, '2018-12-27 13:38:22', '2018-12-27 13:38:22', 1, 1),
(155, 58, 2, 1, 1, 1, 1, '2018-12-27 13:38:22', '2018-12-27 13:38:22', 1, 1),
(157, 59, 1, 1, 1, 1, 1, '2019-01-04 09:36:11', '2019-01-04 09:36:11', 1, 1),
(158, 59, 2, 1, 1, 1, 1, '2019-01-04 09:36:11', '2019-01-04 09:36:11', 1, 1),
(160, 60, 1, 1, 1, 1, 1, '2019-01-07 13:27:24', '2019-01-07 13:27:24', 1, 1),
(161, 60, 2, 1, 1, 1, 1, '2019-01-07 13:27:24', '2019-01-07 13:27:24', 1, 1),
(163, 1, 4, 1, 1, 1, 1, '2019-02-11 20:07:49', '2019-03-03 12:06:20', 1, 1),
(164, 18, 4, 1, 1, 1, 1, '2019-02-11 20:07:49', '2019-03-03 12:06:20', 1, 1),
(165, 22, 4, 1, 1, 1, 1, '2019-02-11 20:07:49', '2019-03-03 12:06:20', 1, 1),
(166, 23, 4, 1, 1, 1, 1, '2019-02-11 20:07:49', '2019-03-03 12:06:20', 1, 1),
(167, 32, 4, 1, 1, 1, 1, '2019-02-11 20:07:49', '2019-03-03 12:06:20', 1, 1),
(168, 35, 4, 1, 1, 1, 1, '2019-02-11 20:07:49', '2019-02-11 20:07:49', 1, 1),
(169, 36, 4, 1, 1, 1, 1, '2019-02-11 20:07:49', '2019-03-03 12:06:20', 1, 1),
(170, 39, 4, 1, 1, 1, 1, '2019-02-11 20:07:49', '2019-02-11 20:07:49', 1, 1),
(171, 40, 4, 1, 1, 1, 1, '2019-02-11 20:07:49', '2019-02-11 20:07:49', 1, 1),
(172, 43, 4, 1, 1, 1, 1, '2019-02-11 20:07:49', '2019-02-11 20:07:49', 1, 1),
(173, 44, 4, 1, 1, 1, 1, '2019-02-11 20:07:49', '2019-03-03 12:06:20', 1, 1),
(174, 45, 4, 1, 1, 1, 1, '2019-02-11 20:07:49', '2019-03-03 12:06:20', 1, 1),
(175, 46, 4, 0, 0, 0, 0, '2019-02-11 20:07:49', '2019-03-03 12:06:20', 1, 1),
(176, 47, 4, 1, 1, 1, 1, '2019-02-11 20:07:49', '2019-03-03 12:06:20', 1, 1),
(177, 48, 4, 1, 1, 1, 1, '2019-02-11 20:07:49', '2019-03-03 12:06:20', 1, 1),
(178, 50, 4, 1, 1, 1, 1, '2019-02-11 20:07:49', '2019-03-03 12:06:20', 1, 1),
(179, 51, 4, 1, 1, 1, 1, '2019-02-11 20:07:49', '2019-03-03 12:06:20', 1, 1),
(180, 52, 4, 1, 1, 1, 1, '2019-02-11 20:07:49', '2019-03-03 12:06:20', 1, 1),
(181, 53, 4, 1, 1, 1, 1, '2019-02-11 20:07:49', '2019-03-03 12:06:20', 1, 1),
(182, 54, 4, 1, 1, 1, 1, '2019-02-11 20:07:49', '2019-03-03 12:06:20', 1, 1),
(183, 55, 4, 1, 1, 1, 1, '2019-02-11 20:07:49', '2019-03-03 12:06:20', 1, 1),
(184, 56, 4, 1, 1, 1, 1, '2019-02-11 20:07:49', '2019-03-03 12:06:20', 1, 1),
(185, 57, 4, 1, 1, 1, 1, '2019-02-11 20:07:49', '2019-03-03 12:06:20', 1, 1),
(186, 58, 4, 1, 1, 1, 1, '2019-02-11 20:07:49', '2019-03-03 12:06:20', 1, 1),
(187, 59, 4, 1, 1, 1, 1, '2019-02-11 20:07:49', '2019-03-03 12:06:20', 1, 1),
(188, 60, 4, 1, 1, 1, 1, '2019-02-11 20:07:49', '2019-03-03 12:06:20', 1, 1),
(189, 1, 5, 0, 0, 0, 0, '2019-03-05 17:43:51', '2019-03-06 07:20:40', 1, 1),
(190, 18, 5, 0, 0, 0, 0, '2019-03-05 17:43:51', '2019-03-06 07:20:40', 1, 1),
(191, 22, 5, 0, 0, 0, 0, '2019-03-05 17:43:51', '2019-03-06 07:20:40', 1, 1),
(192, 23, 5, 0, 0, 0, 0, '2019-03-05 17:43:51', '2019-03-06 07:20:40', 1, 1),
(193, 32, 5, 0, 0, 0, 0, '2019-03-05 17:43:51', '2019-03-06 07:20:40', 1, 1),
(194, 35, 5, 1, 1, 1, 1, '2019-03-05 17:43:51', '2019-03-05 17:43:51', 1, 1),
(195, 36, 5, 0, 0, 0, 0, '2019-03-05 17:43:51', '2019-03-06 07:20:40', 1, 1),
(196, 39, 5, 1, 1, 1, 1, '2019-03-05 17:43:51', '2019-03-05 17:43:51', 1, 1),
(197, 40, 5, 1, 1, 1, 1, '2019-03-05 17:43:51', '2019-03-05 17:43:51', 1, 1),
(198, 43, 5, 0, 0, 0, 0, '2019-03-05 17:43:51', '2019-03-06 07:20:40', 1, 1),
(199, 44, 5, 0, 0, 0, 0, '2019-03-05 17:43:51', '2019-03-06 07:20:40', 1, 1),
(200, 45, 5, 0, 0, 0, 0, '2019-03-05 17:43:51', '2019-03-06 07:20:40', 1, 1),
(201, 46, 5, 1, 1, 1, 0, '2019-03-05 17:43:51', '2019-03-06 07:20:40', 1, 1),
(202, 47, 5, 1, 1, 1, 0, '2019-03-05 17:43:51', '2019-03-06 07:20:40', 1, 1),
(203, 48, 5, 1, 1, 1, 0, '2019-03-05 17:43:51', '2019-03-06 07:20:40', 1, 1),
(204, 50, 5, 1, 1, 1, 0, '2019-03-05 17:43:51', '2019-03-06 07:20:40', 1, 1),
(205, 51, 5, 1, 1, 1, 0, '2019-03-05 17:43:51', '2019-03-06 07:20:40', 1, 1),
(206, 52, 5, 1, 1, 1, 0, '2019-03-05 17:43:51', '2019-03-06 07:20:40', 1, 1),
(207, 53, 5, 1, 1, 1, 0, '2019-03-05 17:43:51', '2019-03-06 07:20:40', 1, 1),
(208, 54, 5, 0, 0, 0, 0, '2019-03-05 17:43:51', '2019-03-06 07:20:40', 1, 1),
(209, 55, 5, 0, 0, 0, 0, '2019-03-05 17:43:51', '2019-03-06 07:20:40', 1, 1),
(210, 56, 5, 0, 0, 0, 0, '2019-03-05 17:43:51', '2019-03-06 07:20:40', 1, 1),
(211, 57, 5, 0, 0, 0, 0, '2019-03-05 17:43:51', '2019-03-06 07:20:40', 1, 1),
(212, 58, 5, 0, 0, 0, 0, '2019-03-05 17:43:51', '2019-03-06 07:20:40', 1, 1),
(213, 59, 5, 1, 1, 1, 0, '2019-03-05 17:43:51', '2019-03-06 07:20:40', 1, 1),
(214, 60, 5, 0, 0, 0, 0, '2019-03-05 17:43:51', '2019-03-06 07:20:40', 1, 1),
(215, 61, 1, 1, 1, 1, 1, '2019-04-23 08:46:48', '2019-04-23 08:46:48', 1, 1),
(216, 61, 2, 1, 1, 1, 1, '2019-04-23 08:46:48', '2019-04-23 08:46:48', 1, 1),
(217, 62, 1, 1, 1, 1, 1, '2019-04-24 12:50:53', '2019-04-24 12:50:53', 1, 1),
(218, 62, 2, 1, 1, 1, 1, '2019-04-24 12:50:53', '2019-04-24 12:50:53', 1, 1),
(219, 63, 1, 1, 1, 1, 1, '2019-04-30 10:17:16', '2019-04-30 10:17:16', 1, 1),
(220, 63, 2, 1, 1, 1, 1, '2019-04-30 10:17:16', '2019-04-30 10:17:16', 1, 1),
(221, 64, 1, 1, 1, 1, 1, '2019-05-31 07:51:59', '2019-05-31 07:51:59', 1, 1),
(222, 64, 2, 1, 1, 1, 1, '2019-05-31 07:51:59', '2019-05-31 07:51:59', 1, 1),
(223, 65, 1, 1, 1, 1, 1, '2019-06-13 07:06:47', '2019-06-13 07:06:47', 1, 1),
(224, 65, 2, 1, 1, 1, 1, '2019-06-13 07:06:47', '2019-06-13 07:06:47', 1, 1),
(225, 67, 1, 1, 1, 1, 1, '2019-07-24 07:14:47', '2019-07-24 07:14:47', 1, 1),
(226, 67, 2, 1, 1, 1, 1, '2019-07-24 07:14:47', '2019-07-24 07:14:47', 1, 1),
(227, 68, 1, 1, 1, 1, 1, '2019-08-27 08:33:53', '2019-08-27 08:33:53', 1, 1),
(228, 68, 2, 1, 1, 1, 1, '2019-08-27 08:33:53', '2019-08-27 08:33:53', 1, 1),
(229, 1, 3, 0, 0, 0, 0, '2020-01-24 20:14:51', '2020-01-30 18:07:09', 1, 1),
(230, 18, 3, 0, 0, 0, 0, '2020-01-24 20:14:51', '2020-01-30 18:07:09', 1, 1),
(231, 22, 3, 0, 0, 0, 0, '2020-01-24 20:14:51', '2020-01-30 18:07:09', 1, 1),
(232, 23, 3, 0, 0, 0, 0, '2020-01-24 20:14:51', '2020-01-30 18:07:09', 1, 1),
(233, 32, 3, 1, 1, 1, 1, '2020-01-24 20:14:51', '2020-01-24 20:14:51', 1, 1),
(234, 35, 3, 1, 1, 1, 1, '2020-01-24 20:14:51', '2020-01-24 20:14:51', 1, 1),
(235, 36, 3, 0, 0, 0, 0, '2020-01-24 20:14:51', '2020-01-30 18:07:09', 1, 1),
(236, 39, 3, 0, 0, 0, 0, '2020-01-24 20:14:51', '2020-01-30 18:07:09', 1, 1),
(237, 40, 3, 1, 1, 1, 1, '2020-01-24 20:14:51', '2020-01-24 20:14:51', 1, 1),
(238, 43, 3, 1, 1, 1, 1, '2020-01-24 20:14:51', '2020-01-30 18:07:09', 1, 1),
(239, 44, 3, 0, 0, 0, 0, '2020-01-24 20:14:51', '2020-01-30 18:07:09', 1, 1),
(240, 45, 3, 0, 0, 0, 0, '2020-01-24 20:14:51', '2020-01-30 18:07:09', 1, 1),
(241, 46, 3, 0, 0, 0, 0, '2020-01-24 20:14:51', '2020-01-30 18:07:09', 1, 1),
(242, 47, 3, 0, 0, 0, 0, '2020-01-24 20:14:51', '2020-01-30 18:07:09', 1, 1),
(243, 48, 3, 0, 0, 0, 0, '2020-01-24 20:14:51', '2020-01-30 18:07:09', 1, 1),
(244, 50, 3, 0, 0, 0, 0, '2020-01-24 20:14:51', '2020-01-30 18:07:09', 1, 1),
(245, 51, 3, 0, 0, 0, 0, '2020-01-24 20:14:51', '2020-01-30 18:07:09', 1, 1),
(246, 52, 3, 0, 0, 0, 0, '2020-01-24 20:14:51', '2020-01-30 18:07:09', 1, 1),
(247, 53, 3, 0, 0, 0, 0, '2020-01-24 20:14:51', '2020-01-30 18:07:09', 1, 1),
(248, 54, 3, 0, 0, 0, 0, '2020-01-24 20:14:51', '2020-01-30 18:07:09', 1, 1),
(249, 55, 3, 1, 1, 1, 1, '2020-01-24 20:14:51', '2020-01-24 20:14:51', 1, 1),
(250, 56, 3, 1, 1, 1, 1, '2020-01-24 20:14:51', '2020-01-24 20:14:51', 1, 1),
(251, 57, 3, 0, 0, 0, 0, '2020-01-24 20:14:51', '2020-01-30 18:07:09', 1, 1),
(252, 58, 3, 0, 0, 0, 0, '2020-01-24 20:14:51', '2020-01-30 18:07:09', 1, 1),
(253, 59, 3, 1, 1, 1, 1, '2020-01-24 20:14:51', '2020-01-24 20:14:51', 1, 1),
(254, 60, 3, 0, 0, 0, 0, '2020-01-24 20:14:51', '2020-01-30 18:07:09', 1, 1),
(255, 61, 3, 0, 0, 0, 0, '2020-01-24 20:14:51', '2020-01-30 18:07:09', 1, 1),
(256, 62, 3, 0, 0, 0, 0, '2020-01-24 20:14:51', '2020-01-30 18:07:09', 1, 1),
(257, 63, 3, 0, 0, 0, 0, '2020-01-24 20:14:51', '2020-01-30 18:07:09', 1, 1),
(258, 64, 3, 0, 0, 0, 0, '2020-01-24 20:14:51', '2020-01-30 18:07:09', 1, 1),
(259, 65, 3, 0, 0, 0, 0, '2020-01-24 20:14:51', '2020-01-30 18:07:09', 1, 1),
(260, 67, 3, 0, 0, 0, 0, '2020-01-24 20:14:51', '2020-01-30 18:07:09', 1, 1),
(261, 68, 3, 0, 0, 0, 0, '2020-01-24 20:14:51', '2020-01-30 18:07:09', 1, 1),
(262, 69, 1, 1, 1, 1, 1, '2020-02-06 05:48:24', '2020-02-06 05:48:24', 1, 1),
(263, 69, 2, 1, 1, 1, 1, '2020-02-06 05:48:24', '2020-02-06 05:48:24', 1, 1),
(264, 69, 3, 0, 0, 0, 0, '2020-02-06 05:48:24', '2020-02-06 05:48:24', 1, 1),
(265, 70, 1, 1, 1, 1, 1, '2020-08-27 05:28:43', '2020-08-27 05:28:43', 1, 1),
(266, 70, 2, 1, 1, 1, 1, '2020-08-27 05:28:43', '2020-08-27 05:28:43', 1, 1),
(267, 70, 3, 0, 0, 0, 0, '2020-08-27 05:28:43', '2020-08-27 05:28:43', 1, 1),
(268, 1, 4, 1, 1, 1, 1, '2020-09-24 09:11:44', '2020-09-24 09:11:44', 1, 1),
(269, 18, 4, 1, 1, 1, 1, '2020-09-24 09:11:44', '2020-09-24 09:11:44', 1, 1),
(270, 22, 4, 1, 1, 1, 1, '2020-09-24 09:11:44', '2020-09-24 09:11:44', 1, 1),
(271, 23, 4, 1, 1, 1, 1, '2020-09-24 09:11:44', '2020-09-24 09:11:44', 1, 1),
(272, 32, 4, 1, 1, 1, 1, '2020-09-24 09:11:44', '2020-09-24 09:11:44', 1, 1),
(273, 35, 4, 1, 1, 1, 1, '2020-09-24 09:11:44', '2020-09-24 09:11:44', 1, 1),
(274, 36, 4, 1, 1, 1, 1, '2020-09-24 09:11:44', '2020-09-24 09:11:44', 1, 1),
(275, 39, 4, 1, 1, 1, 1, '2020-09-24 09:11:44', '2020-09-24 09:11:44', 1, 1),
(276, 40, 4, 1, 1, 1, 1, '2020-09-24 09:11:44', '2020-09-24 09:11:44', 1, 1),
(277, 43, 4, 1, 1, 1, 1, '2020-09-24 09:11:44', '2020-09-24 09:11:44', 1, 1),
(278, 44, 4, 1, 1, 1, 1, '2020-09-24 09:11:44', '2020-09-24 09:11:44', 1, 1),
(279, 45, 4, 1, 1, 1, 1, '2020-09-24 09:11:44', '2020-09-24 09:11:44', 1, 1),
(280, 46, 4, 1, 1, 1, 1, '2020-09-24 09:11:44', '2020-09-24 09:11:44', 1, 1),
(281, 47, 4, 1, 1, 1, 1, '2020-09-24 09:11:44', '2020-09-24 09:11:44', 1, 1),
(282, 48, 4, 1, 1, 1, 1, '2020-09-24 09:11:44', '2020-09-24 09:11:44', 1, 1),
(283, 50, 4, 1, 1, 1, 1, '2020-09-24 09:11:44', '2020-09-24 09:11:44', 1, 1),
(284, 51, 4, 1, 1, 1, 1, '2020-09-24 09:11:44', '2020-09-24 09:11:44', 1, 1),
(285, 52, 4, 1, 1, 1, 1, '2020-09-24 09:11:44', '2020-09-24 09:11:44', 1, 1),
(286, 53, 4, 1, 1, 1, 1, '2020-09-24 09:11:44', '2020-09-24 09:11:44', 1, 1),
(287, 54, 4, 1, 1, 1, 1, '2020-09-24 09:11:44', '2020-09-24 09:11:44', 1, 1),
(288, 55, 4, 1, 1, 1, 1, '2020-09-24 09:11:44', '2020-09-24 09:11:44', 1, 1),
(289, 56, 4, 1, 1, 1, 1, '2020-09-24 09:11:44', '2020-09-24 09:11:44', 1, 1),
(290, 57, 4, 1, 1, 1, 1, '2020-09-24 09:11:44', '2020-09-24 09:11:44', 1, 1),
(291, 58, 4, 1, 1, 1, 1, '2020-09-24 09:11:44', '2020-09-24 09:11:44', 1, 1),
(292, 59, 4, 1, 1, 1, 1, '2020-09-24 09:11:44', '2020-09-24 09:11:44', 1, 1),
(293, 60, 4, 1, 1, 1, 1, '2020-09-24 09:11:44', '2020-09-24 09:11:44', 1, 1),
(294, 61, 4, 1, 1, 1, 1, '2020-09-24 09:11:44', '2020-09-24 09:11:44', 1, 1),
(295, 62, 4, 1, 1, 1, 1, '2020-09-24 09:11:44', '2020-09-24 09:11:44', 1, 1),
(296, 63, 4, 1, 1, 1, 1, '2020-09-24 09:11:44', '2020-09-24 09:11:44', 1, 1),
(297, 64, 4, 1, 1, 1, 1, '2020-09-24 09:11:44', '2020-09-24 09:11:44', 1, 1),
(298, 65, 4, 1, 1, 1, 1, '2020-09-24 09:11:44', '2020-09-24 09:11:44', 1, 1),
(299, 67, 4, 1, 1, 1, 1, '2020-09-24 09:11:44', '2020-09-24 09:11:44', 1, 1),
(300, 68, 4, 1, 1, 1, 1, '2020-09-24 09:11:44', '2020-09-24 09:11:44', 1, 1),
(301, 69, 4, 1, 1, 1, 1, '2020-09-24 09:11:44', '2020-09-24 09:11:44', 1, 1),
(302, 70, 4, 1, 1, 1, 1, '2020-09-24 09:11:44', '2020-09-24 09:11:44', 1, 1);

-- --------------------------------------------------------

--
-- Table structure for table `modules_text`
--

CREATE TABLE `modules_text` (
  `ModuleTextID` int(11) NOT NULL,
  `ModuleID` int(11) NOT NULL,
  `Title` varchar(255) NOT NULL,
  `SystemLanguageID` int(11) NOT NULL,
  `CreatedAt` datetime NOT NULL,
  `UpdatedAt` datetime NOT NULL,
  `CreatedBy` int(11) NOT NULL,
  `UpdatedBy` int(11) NOT NULL
) ENGINE=InnoDB DEFAULT CHARSET=utf8;

--
-- Dumping data for table `modules_text`
--

INSERT INTO `modules_text` (`ModuleTextID`, `ModuleID`, `Title`, `SystemLanguageID`, `CreatedAt`, `UpdatedAt`, `CreatedBy`, `UpdatedBy`) VALUES
(1, 18, 'Module', 1, '2018-04-19 15:22:06', '2018-04-19 15:22:06', 1, 1),
(5, 22, 'Roles', 1, '2018-05-02 12:10:33', '2018-05-02 12:10:33', 1, 1),
(6, 23, 'Users', 1, '2018-05-02 12:44:19', '2018-05-02 12:44:19', 1, 1),
(15, 32, 'City', 1, '2018-05-03 14:01:59', '2018-05-03 14:01:59', 1, 1),
(18, 35, 'District', 1, '2018-05-03 15:49:43', '2018-05-03 15:49:43', 1, 1),
(26, 1, 'Miscellaneous', 1, '2018-05-09 00:00:00', '2018-11-30 10:32:35', 1, 1),
(27, 36, 'Site Settings', 1, '2018-06-29 07:34:18', '2018-06-29 07:34:18', 1, 1),
(30, 39, 'Email Templates', 1, '2018-07-02 16:26:28', '2018-07-02 16:26:28', 1, 1),
(31, 40, 'Languages ', 1, '2018-07-04 14:12:11', '2018-07-04 14:12:23', 1, 1),
(32, 43, 'Categories', 1, '2018-10-05 00:00:00', '2018-11-30 09:30:09', 1, 1),
(33, 44, 'Sponsored', 1, '2018-12-17 07:07:41', '2018-12-17 07:07:41', 1, 1),
(34, 45, 'Pages', 1, '2018-12-19 05:54:48', '2018-12-19 05:54:48', 1, 1),
(35, 46, 'Orders', 1, '2018-12-19 06:36:39', '2018-12-19 06:36:39', 1, 1),
(36, 47, 'Pending Approval', 1, '2018-12-21 09:19:50', '2018-12-21 09:19:50', 1, 1),
(37, 48, 'Pending Payment', 1, '2018-12-21 09:43:33', '2018-12-21 09:43:33', 1, 1),
(39, 50, 'Payment Done', 1, '2018-12-21 09:50:43', '2018-12-21 09:50:43', 1, 1),
(40, 51, 'Cancelled By Seller', 1, '2018-12-21 09:51:27', '2018-12-21 09:51:27', 1, 1),
(41, 52, 'Completed Orders', 1, '2018-12-21 09:52:06', '2018-12-21 09:52:06', 1, 1),
(42, 53, 'Cancelled By Buyer', 1, '2018-12-21 09:52:39', '2018-12-21 09:52:39', 1, 1),
(43, 54, 'All Orders', 1, '2018-12-21 11:00:54', '2018-12-21 11:00:54', 1, 1),
(44, 55, 'Vehicles', 1, '2018-12-24 07:12:54', '2018-12-24 07:12:54', 1, 1),
(45, 56, 'Technicians', 1, '2018-12-24 08:02:11', '2018-12-24 08:02:11', 1, 1),
(46, 57, 'Promo codes', 1, '2018-12-26 07:06:18', '2018-12-26 07:06:18', 1, 1),
(47, 58, 'Questions', 1, '2018-12-27 13:38:22', '2018-12-27 13:38:22', 1, 1),
(48, 59, 'Overdue', 1, '2019-01-04 09:36:11', '2019-01-04 09:36:11', 1, 1),
(49, 60, 'Send Notifications', 1, '2019-01-07 13:27:24', '2019-01-07 13:27:24', 1, 1),
(50, 61, 'Products', 1, '2019-04-23 08:46:48', '2019-04-23 08:46:48', 1, 1),
(51, 62, 'Themes', 1, '2019-04-24 12:50:53', '2019-04-24 12:50:53', 1, 1),
(52, 63, 'Feedbacks', 1, '2019-04-30 10:17:16', '2019-04-30 10:17:16', 1, 1),
(53, 64, 'Dispatched Orders', 1, '2019-05-31 07:51:59', '2019-05-31 07:51:59', 1, 1),
(54, 65, 'Countries', 1, '2019-06-13 07:06:47', '2019-06-13 07:06:47', 1, 1),
(56, 67, 'Cancelled By Admin', 1, '2019-07-24 07:14:47', '2019-07-24 07:14:47', 1, 1),
(57, 68, 'Order Cancellation Reasons', 1, '2019-08-27 08:33:53', '2019-08-27 08:33:53', 1, 1),
(58, 69, 'Dashboard', 1, '2020-02-06 05:48:24', '2020-02-06 05:48:24', 1, 1),
(59, 70, 'Packages', 1, '2020-08-27 05:28:43', '2020-08-27 05:28:43', 1, 1);

-- --------------------------------------------------------

--
-- Table structure for table `modules_users_rights`
--

CREATE TABLE `modules_users_rights` (
  `ModuleRightID` int(11) NOT NULL,
  `ModuleID` int(11) NOT NULL,
  `UserID` int(11) NOT NULL,
  `CanView` tinyint(4) NOT NULL,
  `CanAdd` tinyint(4) NOT NULL,
  `CanEdit` tinyint(4) NOT NULL,
  `CanDelete` tinyint(4) NOT NULL,
  `CreatedAt` datetime NOT NULL,
  `UpdatedAt` datetime NOT NULL,
  `CreatedBy` int(11) NOT NULL,
  `UpdatedBy` int(11) NOT NULL
) ENGINE=InnoDB DEFAULT CHARSET=utf8;

--
-- Dumping data for table `modules_users_rights`
--

INSERT INTO `modules_users_rights` (`ModuleRightID`, `ModuleID`, `UserID`, `CanView`, `CanAdd`, `CanEdit`, `CanDelete`, `CreatedAt`, `UpdatedAt`, `CreatedBy`, `UpdatedBy`) VALUES
(10, 1, 7, 0, 0, 0, 0, '2018-06-28 10:55:57', '2018-06-28 11:21:04', 1, 1),
(11, 18, 7, 0, 0, 0, 0, '2018-06-28 10:55:57', '2018-06-28 11:21:04', 1, 1),
(12, 22, 7, 0, 0, 0, 0, '2018-06-28 10:55:57', '2018-06-28 11:21:04', 1, 1),
(13, 23, 7, 1, 1, 1, 1, '2018-06-28 10:55:57', '2018-06-28 11:21:04', 1, 1),
(14, 32, 7, 1, 1, 1, 1, '2018-06-28 10:55:57', '2018-06-28 11:21:04', 1, 1),
(15, 35, 7, 0, 0, 0, 0, '2018-06-28 10:55:57', '2018-06-28 11:21:04', 1, 1),
(16, 36, 7, 1, 1, 1, 1, '2018-06-29 12:42:13', '2018-06-29 12:42:13', 1, 1),
(29, 39, 7, 0, 0, 0, 0, '2018-07-02 16:26:28', '2018-07-02 16:26:28', 1, 1),
(31, 40, 7, 0, 0, 0, 0, '2018-07-04 14:12:11', '2018-07-04 14:12:11', 1, 1),
(115, 43, 32, 0, 0, 0, 0, '2018-10-04 21:51:22', '2018-10-04 21:52:17', 1, 1),
(124, 45, 39, 1, 1, 1, 1, '2018-10-09 07:12:05', '2018-10-09 07:12:05', 1, 1),
(125, 45, 40, 1, 1, 1, 1, '2018-10-09 07:12:05', '2018-10-09 07:12:05', 1, 1),
(126, 45, 41, 1, 1, 1, 1, '2018-10-09 07:12:05', '2018-10-09 07:12:05', 1, 1),
(127, 45, 42, 1, 1, 1, 1, '2018-10-09 07:12:05', '2018-10-09 07:12:05', 1, 1),
(128, 45, 43, 1, 1, 1, 1, '2018-10-09 07:12:05', '2018-10-09 07:12:05', 1, 1),
(129, 45, 44, 1, 1, 1, 1, '2018-10-09 07:12:05', '2018-10-09 07:12:05', 1, 1),
(131, 47, 51, 1, 1, 1, 1, '2018-11-01 06:32:12', '2018-11-01 06:32:12', 1, 1),
(132, 47, 52, 1, 1, 1, 1, '2018-11-01 06:32:12', '2018-11-01 06:32:12', 1, 1),
(133, 47, 53, 1, 1, 1, 1, '2018-11-01 06:32:12', '2018-11-01 06:32:12', 1, 1),
(134, 47, 54, 1, 1, 1, 1, '2018-11-01 06:32:12', '2018-11-01 06:32:12', 1, 1),
(135, 47, 55, 1, 1, 1, 1, '2018-11-01 06:32:12', '2018-11-01 06:32:12', 1, 1),
(136, 47, 56, 1, 1, 1, 1, '2018-11-01 06:32:12', '2018-11-01 06:32:12', 1, 1),
(137, 47, 57, 1, 1, 1, 1, '2018-11-01 06:32:12', '2018-11-01 06:32:12', 1, 1),
(138, 47, 58, 1, 1, 1, 1, '2018-11-01 06:32:12', '2018-11-01 06:32:12', 1, 1),
(139, 47, 59, 1, 1, 1, 1, '2018-11-01 06:32:12', '2018-11-01 06:32:12', 1, 1),
(140, 47, 60, 1, 1, 1, 1, '2018-11-01 06:32:12', '2018-11-01 06:32:12', 1, 1),
(141, 47, 61, 1, 1, 1, 1, '2018-11-01 06:32:12', '2018-11-01 06:32:12', 1, 1),
(142, 47, 62, 1, 1, 1, 1, '2018-11-01 06:32:12', '2018-11-01 06:32:12', 1, 1),
(145, 48, 51, 1, 1, 1, 1, '2018-11-01 07:29:59', '2018-11-01 07:29:59', 1, 1),
(146, 48, 52, 1, 1, 1, 1, '2018-11-01 07:29:59', '2018-11-01 07:29:59', 1, 1),
(147, 48, 53, 1, 1, 1, 1, '2018-11-01 07:29:59', '2018-11-01 07:29:59', 1, 1),
(148, 48, 54, 1, 1, 1, 1, '2018-11-01 07:29:59', '2018-11-01 07:29:59', 1, 1),
(149, 48, 55, 1, 1, 1, 1, '2018-11-01 07:29:59', '2018-11-01 07:29:59', 1, 1),
(150, 48, 56, 1, 1, 1, 1, '2018-11-01 07:29:59', '2018-11-01 07:29:59', 1, 1),
(151, 48, 57, 1, 1, 1, 1, '2018-11-01 07:29:59', '2018-11-01 07:29:59', 1, 1),
(152, 48, 58, 1, 1, 1, 1, '2018-11-01 07:29:59', '2018-11-01 07:29:59', 1, 1),
(153, 48, 59, 1, 1, 1, 1, '2018-11-01 07:29:59', '2018-11-01 07:29:59', 1, 1),
(154, 48, 60, 1, 1, 1, 1, '2018-11-01 07:29:59', '2018-11-01 07:29:59', 1, 1),
(155, 48, 61, 1, 1, 1, 1, '2018-11-01 07:29:59', '2018-11-01 07:29:59', 1, 1),
(156, 48, 62, 1, 1, 1, 1, '2018-11-01 07:29:59', '2018-11-01 07:29:59', 1, 1),
(171, 50, 51, 1, 1, 1, 1, '2018-11-15 08:35:05', '2018-11-15 08:35:05', 1, 1),
(172, 50, 52, 1, 1, 1, 1, '2018-11-15 08:35:05', '2018-11-15 08:35:05', 1, 1),
(173, 50, 53, 1, 1, 1, 1, '2018-11-15 08:35:05', '2018-11-15 08:35:05', 1, 1),
(174, 50, 54, 1, 1, 1, 1, '2018-11-15 08:35:05', '2018-11-15 08:35:05', 1, 1),
(175, 50, 55, 1, 1, 1, 1, '2018-11-15 08:35:05', '2018-11-15 08:35:05', 1, 1),
(176, 50, 56, 1, 1, 1, 1, '2018-11-15 08:35:05', '2018-11-15 08:35:05', 1, 1),
(177, 50, 57, 1, 1, 1, 1, '2018-11-15 08:35:05', '2018-11-15 08:35:05', 1, 1),
(178, 50, 58, 1, 1, 1, 1, '2018-11-15 08:35:05', '2018-11-15 08:35:05', 1, 1),
(179, 50, 59, 1, 1, 1, 1, '2018-11-15 08:35:05', '2018-11-15 08:35:05', 1, 1),
(180, 50, 60, 1, 1, 1, 1, '2018-11-15 08:35:05', '2018-11-15 08:35:05', 1, 1),
(181, 50, 61, 1, 1, 1, 1, '2018-11-15 08:35:05', '2018-11-15 08:35:05', 1, 1),
(182, 50, 62, 1, 1, 1, 1, '2018-11-15 08:35:05', '2018-11-15 08:35:05', 1, 1),
(183, 50, 63, 1, 1, 1, 1, '2018-11-15 08:35:05', '2018-11-15 08:35:05', 1, 1),
(184, 50, 64, 1, 1, 1, 1, '2018-11-15 08:35:05', '2018-11-15 08:35:05', 1, 1),
(185, 50, 65, 1, 1, 1, 1, '2018-11-15 08:35:05', '2018-11-15 08:35:05', 1, 1),
(186, 50, 66, 1, 1, 1, 1, '2018-11-15 08:35:05', '2018-11-15 08:35:05', 1, 1),
(187, 50, 67, 1, 1, 1, 1, '2018-11-15 08:35:05', '2018-11-15 08:35:05', 1, 1),
(188, 50, 68, 1, 1, 1, 1, '2018-11-15 08:35:05', '2018-11-15 08:35:05', 1, 1),
(190, 51, 51, 1, 1, 1, 1, '2018-11-15 10:21:49', '2018-11-15 10:21:49', 1, 1),
(191, 51, 52, 1, 1, 1, 1, '2018-11-15 10:21:49', '2018-11-15 10:21:49', 1, 1),
(192, 51, 53, 1, 1, 1, 1, '2018-11-15 10:21:49', '2018-11-15 10:21:49', 1, 1),
(193, 51, 54, 1, 1, 1, 1, '2018-11-15 10:21:49', '2018-11-15 10:21:49', 1, 1),
(194, 51, 55, 1, 1, 1, 1, '2018-11-15 10:21:49', '2018-11-15 10:21:49', 1, 1),
(195, 51, 56, 1, 1, 1, 1, '2018-11-15 10:21:49', '2018-11-15 10:21:49', 1, 1),
(196, 51, 57, 1, 1, 1, 1, '2018-11-15 10:21:49', '2018-11-15 10:21:49', 1, 1),
(197, 51, 58, 1, 1, 1, 1, '2018-11-15 10:21:49', '2018-11-15 10:21:49', 1, 1),
(198, 51, 59, 1, 1, 1, 1, '2018-11-15 10:21:49', '2018-11-15 10:21:49', 1, 1),
(199, 51, 60, 1, 1, 1, 1, '2018-11-15 10:21:49', '2018-11-15 10:21:49', 1, 1),
(200, 51, 61, 1, 1, 1, 1, '2018-11-15 10:21:49', '2018-11-15 10:21:49', 1, 1),
(201, 51, 62, 1, 1, 1, 1, '2018-11-15 10:21:49', '2018-11-15 10:21:49', 1, 1),
(202, 51, 63, 1, 1, 1, 1, '2018-11-15 10:21:49', '2018-11-15 10:21:49', 1, 1),
(203, 51, 64, 1, 1, 1, 1, '2018-11-15 10:21:49', '2018-11-15 10:21:49', 1, 1),
(204, 51, 65, 1, 1, 1, 1, '2018-11-15 10:21:49', '2018-11-15 10:21:49', 1, 1),
(205, 51, 66, 1, 1, 1, 1, '2018-11-15 10:21:49', '2018-11-15 10:21:49', 1, 1),
(206, 51, 67, 1, 1, 1, 1, '2018-11-15 10:21:49', '2018-11-15 10:21:49', 1, 1),
(207, 51, 68, 1, 1, 1, 1, '2018-11-15 10:21:49', '2018-11-15 10:21:49', 1, 1),
(209, 52, 51, 1, 1, 1, 1, '2018-11-16 11:22:54', '2018-11-16 11:22:54', 1, 1),
(210, 52, 52, 1, 1, 1, 1, '2018-11-16 11:22:54', '2018-11-16 11:22:54', 1, 1),
(211, 52, 53, 1, 1, 1, 1, '2018-11-16 11:22:54', '2018-11-16 11:22:54', 1, 1),
(212, 52, 54, 1, 1, 1, 1, '2018-11-16 11:22:54', '2018-11-16 11:22:54', 1, 1),
(213, 52, 55, 1, 1, 1, 1, '2018-11-16 11:22:54', '2018-11-16 11:22:54', 1, 1),
(214, 52, 56, 1, 1, 1, 1, '2018-11-16 11:22:54', '2018-11-16 11:22:54', 1, 1),
(215, 52, 57, 1, 1, 1, 1, '2018-11-16 11:22:54', '2018-11-16 11:22:54', 1, 1),
(216, 52, 58, 1, 1, 1, 1, '2018-11-16 11:22:54', '2018-11-16 11:22:54', 1, 1),
(217, 52, 59, 1, 1, 1, 1, '2018-11-16 11:22:54', '2018-11-16 11:22:54', 1, 1),
(218, 52, 60, 1, 1, 1, 1, '2018-11-16 11:22:54', '2018-11-16 11:22:54', 1, 1),
(219, 52, 61, 1, 1, 1, 1, '2018-11-16 11:22:54', '2018-11-16 11:22:54', 1, 1),
(220, 52, 62, 1, 1, 1, 1, '2018-11-16 11:22:54', '2018-11-16 11:22:54', 1, 1),
(221, 52, 63, 1, 1, 1, 1, '2018-11-16 11:22:54', '2018-11-16 11:22:54', 1, 1),
(222, 52, 64, 1, 1, 1, 1, '2018-11-16 11:22:54', '2018-11-16 11:22:54', 1, 1),
(223, 52, 65, 1, 1, 1, 1, '2018-11-16 11:22:54', '2018-11-16 11:22:54', 1, 1),
(224, 52, 66, 1, 1, 1, 1, '2018-11-16 11:22:54', '2018-11-16 11:22:54', 1, 1),
(225, 52, 67, 1, 1, 1, 1, '2018-11-16 11:22:54', '2018-11-16 11:22:54', 1, 1),
(226, 52, 68, 1, 1, 1, 1, '2018-11-16 11:22:54', '2018-11-16 11:22:54', 1, 1),
(228, 53, 51, 1, 1, 1, 1, '2018-11-19 07:30:34', '2018-11-19 07:30:34', 1, 1),
(229, 53, 52, 1, 1, 1, 1, '2018-11-19 07:30:34', '2018-11-19 07:30:34', 1, 1),
(230, 53, 53, 1, 1, 1, 1, '2018-11-19 07:30:34', '2018-11-19 07:30:34', 1, 1),
(231, 53, 54, 1, 1, 1, 1, '2018-11-19 07:30:34', '2018-11-19 07:30:34', 1, 1),
(232, 53, 55, 1, 1, 1, 1, '2018-11-19 07:30:34', '2018-11-19 07:30:34', 1, 1),
(233, 53, 56, 1, 1, 1, 1, '2018-11-19 07:30:34', '2018-11-19 07:30:34', 1, 1),
(234, 53, 57, 1, 1, 1, 1, '2018-11-19 07:30:34', '2018-11-19 07:30:34', 1, 1),
(235, 53, 58, 1, 1, 1, 1, '2018-11-19 07:30:34', '2018-11-19 07:30:34', 1, 1),
(236, 53, 59, 1, 1, 1, 1, '2018-11-19 07:30:34', '2018-11-19 07:30:34', 1, 1),
(237, 53, 60, 1, 1, 1, 1, '2018-11-19 07:30:34', '2018-11-19 07:30:34', 1, 1),
(238, 53, 61, 1, 1, 1, 1, '2018-11-19 07:30:34', '2018-11-19 07:30:34', 1, 1),
(239, 53, 62, 1, 1, 1, 1, '2018-11-19 07:30:34', '2018-11-19 07:30:34', 1, 1),
(240, 53, 63, 1, 1, 1, 1, '2018-11-19 07:30:34', '2018-11-19 07:30:34', 1, 1),
(241, 53, 64, 1, 1, 1, 1, '2018-11-19 07:30:34', '2018-11-19 07:30:34', 1, 1),
(242, 53, 65, 1, 1, 1, 1, '2018-11-19 07:30:34', '2018-11-19 07:30:34', 1, 1),
(243, 53, 66, 1, 1, 1, 1, '2018-11-19 07:30:34', '2018-11-19 07:30:34', 1, 1),
(244, 53, 67, 1, 1, 1, 1, '2018-11-19 07:30:34', '2018-11-19 07:30:34', 1, 1),
(245, 53, 68, 1, 1, 1, 1, '2018-11-19 07:30:34', '2018-11-19 07:30:34', 1, 1),
(246, 53, 69, 1, 1, 1, 1, '2018-11-19 07:30:34', '2018-11-19 07:30:34', 1, 1),
(248, 54, 51, 1, 1, 1, 1, '2018-11-22 07:40:38', '2018-11-22 07:40:38', 1, 1),
(249, 54, 52, 1, 1, 1, 1, '2018-11-22 07:40:38', '2018-11-22 07:40:38', 1, 1),
(250, 54, 53, 1, 1, 1, 1, '2018-11-22 07:40:38', '2018-11-22 07:40:38', 1, 1),
(251, 54, 54, 1, 1, 1, 1, '2018-11-22 07:40:38', '2018-11-22 07:40:38', 1, 1),
(252, 54, 55, 1, 1, 1, 1, '2018-11-22 07:40:38', '2018-11-22 07:40:38', 1, 1),
(253, 54, 56, 1, 1, 1, 1, '2018-11-22 07:40:38', '2018-11-22 07:40:38', 1, 1),
(254, 54, 57, 1, 1, 1, 1, '2018-11-22 07:40:38', '2018-11-22 07:40:38', 1, 1),
(255, 54, 58, 1, 1, 1, 1, '2018-11-22 07:40:38', '2018-11-22 07:40:38', 1, 1),
(256, 54, 59, 1, 1, 1, 1, '2018-11-22 07:40:38', '2018-11-22 07:40:38', 1, 1),
(257, 54, 60, 1, 1, 1, 1, '2018-11-22 07:40:38', '2018-11-22 07:40:38', 1, 1),
(258, 54, 61, 1, 1, 1, 1, '2018-11-22 07:40:38', '2018-11-22 07:40:38', 1, 1),
(259, 54, 62, 1, 1, 1, 1, '2018-11-22 07:40:38', '2018-11-22 07:40:38', 1, 1),
(260, 54, 63, 1, 1, 1, 1, '2018-11-22 07:40:38', '2018-11-22 07:40:38', 1, 1),
(261, 54, 64, 1, 1, 1, 1, '2018-11-22 07:40:38', '2018-11-22 07:40:38', 1, 1),
(262, 54, 65, 1, 1, 1, 1, '2018-11-22 07:40:38', '2018-11-22 07:40:38', 1, 1),
(263, 54, 66, 1, 1, 1, 1, '2018-11-22 07:40:38', '2018-11-22 07:40:38', 1, 1),
(264, 54, 67, 1, 1, 1, 1, '2018-11-22 07:40:38', '2018-11-22 07:40:38', 1, 1),
(265, 54, 68, 1, 1, 1, 1, '2018-11-22 07:40:38', '2018-11-22 07:40:38', 1, 1),
(266, 54, 69, 1, 1, 1, 1, '2018-11-22 07:40:38', '2018-11-22 07:40:38', 1, 1),
(268, 55, 51, 1, 1, 1, 1, '2018-11-22 13:47:48', '2018-11-22 13:47:48', 1, 1),
(269, 55, 52, 1, 1, 1, 1, '2018-11-22 13:47:48', '2018-11-22 13:47:48', 1, 1),
(270, 55, 53, 1, 1, 1, 1, '2018-11-22 13:47:48', '2018-11-22 13:47:48', 1, 1),
(271, 55, 54, 1, 1, 1, 1, '2018-11-22 13:47:48', '2018-11-22 13:47:48', 1, 1),
(272, 55, 55, 1, 1, 1, 1, '2018-11-22 13:47:48', '2018-11-22 13:47:48', 1, 1),
(273, 55, 56, 1, 1, 1, 1, '2018-11-22 13:47:48', '2018-11-22 13:47:48', 1, 1),
(274, 55, 57, 1, 1, 1, 1, '2018-11-22 13:47:48', '2018-11-22 13:47:48', 1, 1),
(275, 55, 58, 1, 1, 1, 1, '2018-11-22 13:47:48', '2018-11-22 13:47:48', 1, 1),
(276, 55, 59, 1, 1, 1, 1, '2018-11-22 13:47:48', '2018-11-22 13:47:48', 1, 1),
(277, 55, 60, 1, 1, 1, 1, '2018-11-22 13:47:48', '2018-11-22 13:47:48', 1, 1),
(278, 55, 61, 1, 1, 1, 1, '2018-11-22 13:47:48', '2018-11-22 13:47:48', 1, 1),
(279, 55, 62, 1, 1, 1, 1, '2018-11-22 13:47:48', '2018-11-22 13:47:48', 1, 1),
(280, 55, 63, 1, 1, 1, 1, '2018-11-22 13:47:48', '2018-11-22 13:47:48', 1, 1),
(281, 55, 64, 1, 1, 1, 1, '2018-11-22 13:47:48', '2018-11-22 13:47:48', 1, 1),
(282, 55, 65, 1, 1, 1, 1, '2018-11-22 13:47:48', '2018-11-22 13:47:48', 1, 1),
(283, 55, 66, 1, 1, 1, 1, '2018-11-22 13:47:48', '2018-11-22 13:47:48', 1, 1),
(284, 55, 67, 1, 1, 1, 1, '2018-11-22 13:47:48', '2018-11-22 13:47:48', 1, 1),
(285, 55, 68, 1, 1, 1, 1, '2018-11-22 13:47:48', '2018-11-22 13:47:48', 1, 1),
(286, 55, 69, 1, 1, 1, 1, '2018-11-22 13:47:48', '2018-11-22 13:47:48', 1, 1),
(288, 56, 51, 1, 1, 1, 1, '2018-11-26 12:55:27', '2018-11-26 12:55:27', 1, 1),
(289, 56, 52, 1, 1, 1, 1, '2018-11-26 12:55:27', '2018-11-26 12:55:27', 1, 1),
(290, 56, 53, 1, 1, 1, 1, '2018-11-26 12:55:27', '2018-11-26 12:55:27', 1, 1),
(291, 56, 54, 1, 1, 1, 1, '2018-11-26 12:55:27', '2018-11-26 12:55:27', 1, 1),
(292, 56, 55, 1, 1, 1, 1, '2018-11-26 12:55:27', '2018-11-26 12:55:27', 1, 1),
(293, 56, 56, 1, 1, 1, 1, '2018-11-26 12:55:27', '2018-11-26 12:55:27', 1, 1),
(294, 56, 57, 1, 1, 1, 1, '2018-11-26 12:55:27', '2018-11-26 12:55:27', 1, 1),
(295, 56, 58, 1, 1, 1, 1, '2018-11-26 12:55:27', '2018-11-26 12:55:27', 1, 1),
(296, 56, 59, 1, 1, 1, 1, '2018-11-26 12:55:27', '2018-11-26 12:55:27', 1, 1),
(297, 56, 60, 1, 1, 1, 1, '2018-11-26 12:55:27', '2018-11-26 12:55:27', 1, 1),
(298, 56, 61, 1, 1, 1, 1, '2018-11-26 12:55:27', '2018-11-26 12:55:27', 1, 1),
(299, 56, 62, 1, 1, 1, 1, '2018-11-26 12:55:27', '2018-11-26 12:55:27', 1, 1),
(300, 56, 63, 1, 1, 1, 1, '2018-11-26 12:55:27', '2018-11-26 12:55:27', 1, 1),
(301, 56, 64, 1, 1, 1, 1, '2018-11-26 12:55:27', '2018-11-26 12:55:27', 1, 1),
(302, 56, 65, 1, 1, 1, 1, '2018-11-26 12:55:27', '2018-11-26 12:55:27', 1, 1),
(303, 56, 66, 1, 1, 1, 1, '2018-11-26 12:55:27', '2018-11-26 12:55:27', 1, 1),
(304, 56, 67, 1, 1, 1, 1, '2018-11-26 12:55:27', '2018-11-26 12:55:27', 1, 1),
(305, 56, 68, 1, 1, 1, 1, '2018-11-26 12:55:27', '2018-11-26 12:55:27', 1, 1),
(306, 56, 69, 1, 1, 1, 1, '2018-11-26 12:55:27', '2018-11-26 12:55:27', 1, 1),
(308, 58, 51, 1, 1, 1, 1, '2018-11-27 12:23:51', '2018-11-27 12:23:51', 1, 1),
(309, 58, 52, 1, 1, 1, 1, '2018-11-27 12:23:51', '2018-11-27 12:23:51', 1, 1),
(310, 58, 53, 1, 1, 1, 1, '2018-11-27 12:23:51', '2018-11-27 12:23:51', 1, 1),
(311, 58, 54, 1, 1, 1, 1, '2018-11-27 12:23:51', '2018-11-27 12:23:51', 1, 1),
(312, 58, 55, 1, 1, 1, 1, '2018-11-27 12:23:51', '2018-11-27 12:23:51', 1, 1),
(313, 58, 56, 1, 1, 1, 1, '2018-11-27 12:23:51', '2018-11-27 12:23:51', 1, 1),
(314, 58, 57, 1, 1, 1, 1, '2018-11-27 12:23:51', '2018-11-27 12:23:51', 1, 1),
(315, 58, 58, 1, 1, 1, 1, '2018-11-27 12:23:51', '2018-11-27 12:23:51', 1, 1),
(316, 58, 59, 1, 1, 1, 1, '2018-11-27 12:23:51', '2018-11-27 12:23:51', 1, 1),
(317, 58, 60, 1, 1, 1, 1, '2018-11-27 12:23:51', '2018-11-27 12:23:51', 1, 1),
(318, 58, 61, 1, 1, 1, 1, '2018-11-27 12:23:51', '2018-11-27 12:23:51', 1, 1),
(319, 58, 62, 1, 1, 1, 1, '2018-11-27 12:23:51', '2018-11-27 12:23:51', 1, 1),
(320, 58, 63, 1, 1, 1, 1, '2018-11-27 12:23:51', '2018-11-27 12:23:51', 1, 1),
(321, 58, 64, 1, 1, 1, 1, '2018-11-27 12:23:51', '2018-11-27 12:23:51', 1, 1),
(322, 58, 65, 1, 1, 1, 1, '2018-11-27 12:23:51', '2018-11-27 12:23:51', 1, 1),
(323, 58, 66, 1, 1, 1, 1, '2018-11-27 12:23:51', '2018-11-27 12:23:51', 1, 1),
(324, 58, 67, 1, 1, 1, 1, '2018-11-27 12:23:51', '2018-11-27 12:23:51', 1, 1),
(325, 58, 68, 1, 1, 1, 1, '2018-11-27 12:23:51', '2018-11-27 12:23:51', 1, 1),
(326, 58, 69, 1, 1, 1, 1, '2018-11-27 12:23:51', '2018-11-27 12:23:51', 1, 1),
(328, 59, 51, 1, 1, 1, 1, '2018-11-28 09:29:03', '2018-11-28 09:29:03', 1, 1),
(329, 59, 52, 1, 1, 1, 1, '2018-11-28 09:29:03', '2018-11-28 09:29:03', 1, 1),
(330, 59, 53, 1, 1, 1, 1, '2018-11-28 09:29:03', '2018-11-28 09:29:03', 1, 1),
(331, 59, 54, 1, 1, 1, 1, '2018-11-28 09:29:03', '2018-11-28 09:29:03', 1, 1),
(332, 59, 55, 1, 1, 1, 1, '2018-11-28 09:29:03', '2018-11-28 09:29:03', 1, 1),
(333, 59, 56, 1, 1, 1, 1, '2018-11-28 09:29:03', '2018-11-28 09:29:03', 1, 1),
(334, 59, 57, 1, 1, 1, 1, '2018-11-28 09:29:03', '2018-11-28 09:29:03', 1, 1),
(335, 59, 58, 1, 1, 1, 1, '2018-11-28 09:29:03', '2018-11-28 09:29:03', 1, 1),
(336, 59, 59, 1, 1, 1, 1, '2018-11-28 09:29:03', '2018-11-28 09:29:03', 1, 1),
(337, 59, 60, 1, 1, 1, 1, '2018-11-28 09:29:03', '2018-11-28 09:29:03', 1, 1),
(338, 59, 61, 1, 1, 1, 1, '2018-11-28 09:29:03', '2018-11-28 09:29:03', 1, 1),
(339, 59, 62, 1, 1, 1, 1, '2018-11-28 09:29:03', '2018-11-28 09:29:03', 1, 1),
(340, 59, 63, 1, 1, 1, 1, '2018-11-28 09:29:03', '2018-11-28 09:29:03', 1, 1),
(341, 59, 64, 1, 1, 1, 1, '2018-11-28 09:29:03', '2018-11-28 09:29:03', 1, 1),
(342, 59, 65, 1, 1, 1, 1, '2018-11-28 09:29:03', '2018-11-28 09:29:03', 1, 1),
(343, 59, 66, 1, 1, 1, 1, '2018-11-28 09:29:03', '2018-11-28 09:29:03', 1, 1),
(344, 59, 67, 1, 1, 1, 1, '2018-11-28 09:29:03', '2018-11-28 09:29:03', 1, 1),
(345, 59, 68, 1, 1, 1, 1, '2018-11-28 09:29:03', '2018-11-28 09:29:03', 1, 1),
(346, 59, 69, 1, 1, 1, 1, '2018-11-28 09:29:03', '2018-11-28 09:29:03', 1, 1),
(348, 60, 51, 1, 1, 1, 1, '2018-11-28 09:31:07', '2018-11-28 09:31:07', 1, 1),
(349, 60, 52, 1, 1, 1, 1, '2018-11-28 09:31:07', '2018-11-28 09:31:07', 1, 1),
(350, 60, 53, 1, 1, 1, 1, '2018-11-28 09:31:07', '2018-11-28 09:31:07', 1, 1),
(351, 60, 54, 1, 1, 1, 1, '2018-11-28 09:31:07', '2018-11-28 09:31:07', 1, 1),
(352, 60, 55, 1, 1, 1, 1, '2018-11-28 09:31:07', '2018-11-28 09:31:07', 1, 1),
(353, 60, 56, 1, 1, 1, 1, '2018-11-28 09:31:07', '2018-11-28 09:31:07', 1, 1),
(354, 60, 57, 1, 1, 1, 1, '2018-11-28 09:31:07', '2018-11-28 09:31:07', 1, 1),
(355, 60, 58, 1, 1, 1, 1, '2018-11-28 09:31:07', '2018-11-28 09:31:07', 1, 1),
(356, 60, 59, 1, 1, 1, 1, '2018-11-28 09:31:07', '2018-11-28 09:31:07', 1, 1),
(357, 60, 60, 1, 1, 1, 1, '2018-11-28 09:31:07', '2018-11-28 09:31:07', 1, 1),
(358, 60, 61, 1, 1, 1, 1, '2018-11-28 09:31:07', '2018-11-28 09:31:07', 1, 1),
(359, 60, 62, 1, 1, 1, 1, '2018-11-28 09:31:07', '2018-11-28 09:31:07', 1, 1),
(360, 60, 63, 1, 1, 1, 1, '2018-11-28 09:31:07', '2018-11-28 09:31:07', 1, 1),
(361, 60, 64, 1, 1, 1, 1, '2018-11-28 09:31:07', '2018-11-28 09:31:07', 1, 1),
(362, 60, 65, 1, 1, 1, 1, '2018-11-28 09:31:07', '2018-11-28 09:31:07', 1, 1),
(363, 60, 66, 1, 1, 1, 1, '2018-11-28 09:31:07', '2018-11-28 09:31:07', 1, 1),
(364, 60, 67, 1, 1, 1, 1, '2018-11-28 09:31:07', '2018-11-28 09:31:07', 1, 1),
(365, 60, 68, 1, 1, 1, 1, '2018-11-28 09:31:07', '2018-11-28 09:31:07', 1, 1),
(366, 60, 69, 1, 1, 1, 1, '2018-11-28 09:31:07', '2018-11-28 09:31:07', 1, 1),
(368, 61, 51, 1, 1, 1, 1, '2018-11-28 09:32:02', '2018-11-28 09:32:02', 1, 1),
(369, 61, 52, 1, 1, 1, 1, '2018-11-28 09:32:02', '2018-11-28 09:32:02', 1, 1),
(370, 61, 53, 1, 1, 1, 1, '2018-11-28 09:32:02', '2018-11-28 09:32:02', 1, 1),
(371, 61, 54, 1, 1, 1, 1, '2018-11-28 09:32:02', '2018-11-28 09:32:02', 1, 1),
(372, 61, 55, 1, 1, 1, 1, '2018-11-28 09:32:02', '2018-11-28 09:32:02', 1, 1),
(373, 61, 56, 1, 1, 1, 1, '2018-11-28 09:32:02', '2018-11-28 09:32:02', 1, 1),
(374, 61, 57, 1, 1, 1, 1, '2018-11-28 09:32:02', '2018-11-28 09:32:02', 1, 1),
(375, 61, 58, 1, 1, 1, 1, '2018-11-28 09:32:02', '2018-11-28 09:32:02', 1, 1),
(376, 61, 59, 1, 1, 1, 1, '2018-11-28 09:32:02', '2018-11-28 09:32:02', 1, 1),
(377, 61, 60, 1, 1, 1, 1, '2018-11-28 09:32:02', '2018-11-28 09:32:02', 1, 1),
(378, 61, 61, 1, 1, 1, 1, '2018-11-28 09:32:02', '2018-11-28 09:32:02', 1, 1),
(379, 61, 62, 1, 1, 1, 1, '2018-11-28 09:32:02', '2018-11-28 09:32:02', 1, 1),
(380, 61, 63, 1, 1, 1, 1, '2018-11-28 09:32:02', '2018-11-28 09:32:02', 1, 1),
(381, 61, 64, 1, 1, 1, 1, '2018-11-28 09:32:02', '2018-11-28 09:32:02', 1, 1),
(382, 61, 65, 1, 1, 1, 1, '2018-11-28 09:32:02', '2018-11-28 09:32:02', 1, 1),
(383, 61, 66, 1, 1, 1, 1, '2018-11-28 09:32:02', '2018-11-28 09:32:02', 1, 1),
(384, 61, 67, 1, 1, 1, 1, '2018-11-28 09:32:02', '2018-11-28 09:32:02', 1, 1),
(385, 61, 68, 1, 1, 1, 1, '2018-11-28 09:32:02', '2018-11-28 09:32:02', 1, 1),
(386, 61, 69, 1, 1, 1, 1, '2018-11-28 09:32:02', '2018-11-28 09:32:02', 1, 1),
(388, 62, 77, 1, 1, 1, 1, '2018-11-30 08:20:18', '2018-11-30 08:20:18', 1, 1),
(389, 62, 78, 1, 1, 1, 1, '2018-11-30 08:20:18', '2018-11-30 08:20:18', 1, 1),
(390, 62, 79, 1, 1, 1, 1, '2018-11-30 08:20:18', '2018-11-30 08:20:18', 1, 1),
(391, 62, 80, 1, 1, 1, 1, '2018-11-30 08:20:18', '2018-11-30 08:20:18', 1, 1),
(393, 63, 77, 1, 1, 1, 1, '2018-11-30 08:24:03', '2018-11-30 08:24:03', 1, 1),
(394, 63, 78, 1, 1, 1, 1, '2018-11-30 08:24:03', '2018-11-30 08:24:03', 1, 1),
(395, 63, 79, 1, 1, 1, 1, '2018-11-30 08:24:03', '2018-11-30 08:24:03', 1, 1),
(396, 63, 80, 1, 1, 1, 1, '2018-11-30 08:24:03', '2018-11-30 08:24:03', 1, 1),
(398, 64, 77, 1, 1, 1, 1, '2018-11-30 08:28:16', '2018-11-30 08:28:16', 1, 1),
(399, 64, 78, 1, 1, 1, 1, '2018-11-30 08:28:16', '2018-11-30 08:28:16', 1, 1),
(400, 64, 79, 1, 1, 1, 1, '2018-11-30 08:28:16', '2018-11-30 08:28:16', 1, 1),
(401, 64, 80, 1, 1, 1, 1, '2018-11-30 08:28:16', '2018-11-30 08:28:16', 1, 1),
(403, 65, 77, 1, 1, 1, 1, '2018-11-30 09:34:59', '2018-11-30 09:34:59', 1, 1),
(404, 65, 78, 1, 1, 1, 1, '2018-11-30 09:34:59', '2018-11-30 09:34:59', 1, 1),
(405, 65, 79, 1, 1, 1, 1, '2018-11-30 09:34:59', '2018-11-30 09:34:59', 1, 1),
(406, 65, 80, 1, 1, 1, 1, '2018-11-30 09:34:59', '2018-11-30 09:34:59', 1, 1),
(408, 66, 77, 1, 1, 1, 1, '2018-11-30 09:37:50', '2018-11-30 09:37:50', 1, 1),
(409, 66, 78, 1, 1, 1, 1, '2018-11-30 09:37:50', '2018-11-30 09:37:50', 1, 1),
(410, 66, 79, 1, 1, 1, 1, '2018-11-30 09:37:50', '2018-11-30 09:37:50', 1, 1),
(411, 66, 80, 1, 1, 1, 1, '2018-11-30 09:37:50', '2018-11-30 09:37:50', 1, 1),
(413, 67, 77, 1, 1, 1, 1, '2018-12-11 06:50:04', '2018-12-11 06:50:04', 1, 1),
(414, 67, 78, 1, 1, 1, 1, '2018-12-11 06:50:04', '2018-12-11 06:50:04', 1, 1),
(415, 67, 79, 1, 1, 1, 1, '2018-12-11 06:50:04', '2018-12-11 06:50:04', 1, 1),
(416, 67, 80, 1, 1, 1, 1, '2018-12-11 06:50:04', '2018-12-11 06:50:04', 1, 1),
(417, 67, 81, 1, 1, 1, 1, '2018-12-11 06:50:04', '2018-12-11 06:50:04', 1, 1),
(418, 67, 82, 1, 1, 1, 1, '2018-12-11 06:50:04', '2018-12-11 06:50:04', 1, 1),
(419, 67, 83, 1, 1, 1, 1, '2018-12-11 06:50:04', '2018-12-11 06:50:04', 1, 1),
(421, 68, 77, 1, 1, 1, 1, '2018-12-11 06:51:20', '2018-12-11 06:51:20', 1, 1),
(422, 68, 78, 1, 1, 1, 1, '2018-12-11 06:51:20', '2018-12-11 06:51:20', 1, 1),
(423, 68, 79, 1, 1, 1, 1, '2018-12-11 06:51:20', '2018-12-11 06:51:20', 1, 1),
(424, 68, 80, 1, 1, 1, 1, '2018-12-11 06:51:20', '2018-12-11 06:51:20', 1, 1),
(425, 68, 81, 1, 1, 1, 1, '2018-12-11 06:51:20', '2018-12-11 06:51:20', 1, 1),
(426, 68, 82, 1, 1, 1, 1, '2018-12-11 06:51:20', '2018-12-11 06:51:20', 1, 1),
(427, 68, 83, 1, 1, 1, 1, '2018-12-11 06:51:20', '2018-12-11 06:51:20', 1, 1),
(429, 69, 77, 1, 1, 1, 1, '2018-12-11 06:53:12', '2018-12-11 06:53:12', 1, 1),
(430, 69, 78, 1, 1, 1, 1, '2018-12-11 06:53:12', '2018-12-11 06:53:12', 1, 1),
(431, 69, 79, 1, 1, 1, 1, '2018-12-11 06:53:12', '2018-12-11 06:53:12', 1, 1),
(432, 69, 80, 1, 1, 1, 1, '2018-12-11 06:53:12', '2018-12-11 06:53:12', 1, 1),
(433, 69, 81, 1, 1, 1, 1, '2018-12-11 06:53:12', '2018-12-11 06:53:12', 1, 1),
(434, 69, 82, 1, 1, 1, 1, '2018-12-11 06:53:12', '2018-12-11 06:53:12', 1, 1),
(435, 69, 83, 1, 1, 1, 1, '2018-12-11 06:53:12', '2018-12-11 06:53:12', 1, 1),
(437, 70, 77, 1, 1, 1, 1, '2018-12-11 06:59:04', '2018-12-11 06:59:04', 1, 1),
(438, 70, 78, 1, 1, 1, 1, '2018-12-11 06:59:04', '2018-12-11 06:59:04', 1, 1),
(439, 70, 79, 1, 1, 1, 1, '2018-12-11 06:59:04', '2018-12-11 06:59:04', 1, 1),
(440, 70, 80, 1, 1, 1, 1, '2018-12-11 06:59:04', '2018-12-11 06:59:04', 1, 1),
(441, 70, 81, 1, 1, 1, 1, '2018-12-11 06:59:04', '2018-12-11 06:59:04', 1, 1),
(442, 70, 82, 1, 1, 1, 1, '2018-12-11 06:59:04', '2018-12-11 06:59:04', 1, 1),
(443, 70, 83, 1, 1, 1, 1, '2018-12-11 06:59:04', '2018-12-11 06:59:04', 1, 1),
(445, 44, 77, 1, 1, 1, 1, '2018-12-17 07:07:41', '2018-12-17 07:07:41', 1, 1),
(446, 44, 78, 1, 1, 1, 1, '2018-12-17 07:07:41', '2018-12-17 07:07:41', 1, 1),
(447, 44, 79, 1, 1, 1, 1, '2018-12-17 07:07:41', '2018-12-17 07:07:41', 1, 1),
(448, 44, 80, 1, 1, 1, 1, '2018-12-17 07:07:41', '2018-12-17 07:07:41', 1, 1),
(449, 44, 81, 1, 1, 1, 1, '2018-12-17 07:07:41', '2018-12-17 07:07:41', 1, 1),
(450, 44, 82, 1, 1, 1, 1, '2018-12-17 07:07:41', '2018-12-17 07:07:41', 1, 1),
(451, 44, 83, 1, 1, 1, 1, '2018-12-17 07:07:41', '2018-12-17 07:07:41', 1, 1),
(452, 44, 85, 0, 0, 0, 0, '2018-12-17 07:07:41', '2018-12-17 07:07:41', 1, 1),
(453, 44, 86, 0, 0, 0, 0, '2018-12-17 07:07:41', '2018-12-17 07:07:41', 1, 1),
(454, 44, 87, 0, 0, 0, 0, '2018-12-17 07:07:41', '2019-03-06 07:55:18', 1, 1),
(456, 45, 90, 0, 0, 0, 0, '2018-12-19 05:54:48', '2018-12-19 05:54:48', 1, 1),
(457, 45, 91, 0, 0, 0, 0, '2018-12-19 05:54:48', '2018-12-19 05:54:48', 1, 1),
(458, 45, 92, 0, 0, 0, 0, '2018-12-19 05:54:48', '2018-12-19 05:54:48', 1, 1),
(459, 45, 93, 0, 0, 0, 0, '2018-12-19 05:54:48', '2018-12-19 05:54:48', 1, 1),
(460, 45, 94, 0, 0, 0, 0, '2018-12-19 05:54:48', '2018-12-19 05:54:48', 1, 1),
(461, 45, 95, 0, 0, 0, 0, '2018-12-19 05:54:48', '2018-12-19 05:54:48', 1, 1),
(462, 45, 96, 0, 0, 0, 0, '2018-12-19 05:54:48', '2018-12-19 05:54:48', 1, 1),
(463, 45, 97, 0, 0, 0, 0, '2018-12-19 05:54:48', '2018-12-19 05:54:48', 1, 1),
(464, 45, 98, 0, 0, 0, 0, '2018-12-19 05:54:48', '2018-12-19 05:54:48', 1, 1),
(465, 45, 99, 0, 0, 0, 0, '2018-12-19 05:54:48', '2018-12-19 05:54:48', 1, 1),
(466, 45, 100, 0, 0, 0, 0, '2018-12-19 05:54:48', '2018-12-19 05:54:48', 1, 1),
(467, 45, 101, 0, 0, 0, 0, '2018-12-19 05:54:48', '2018-12-19 05:54:48', 1, 1),
(468, 45, 102, 0, 0, 0, 0, '2018-12-19 05:54:48', '2018-12-19 05:54:48', 1, 1),
(469, 45, 103, 0, 0, 0, 0, '2018-12-19 05:54:48', '2018-12-19 05:54:48', 1, 1),
(470, 45, 104, 0, 0, 0, 0, '2018-12-19 05:54:48', '2018-12-19 05:54:48', 1, 1),
(471, 45, 105, 0, 0, 0, 0, '2018-12-19 05:54:48', '2018-12-19 05:54:48', 1, 1),
(472, 45, 106, 0, 0, 0, 0, '2018-12-19 05:54:48', '2018-12-19 05:54:48', 1, 1),
(473, 45, 107, 0, 0, 0, 0, '2018-12-19 05:54:48', '2018-12-19 05:54:48', 1, 1),
(474, 45, 108, 0, 0, 0, 0, '2018-12-19 05:54:48', '2018-12-19 05:54:48', 1, 1),
(475, 45, 109, 0, 0, 0, 0, '2018-12-19 05:54:48', '2018-12-19 05:54:48', 1, 1),
(477, 46, 90, 0, 0, 0, 0, '2018-12-19 06:36:39', '2018-12-19 06:36:39', 1, 1),
(478, 46, 91, 0, 0, 0, 0, '2018-12-19 06:36:39', '2018-12-19 06:36:39', 1, 1),
(479, 46, 92, 0, 0, 0, 0, '2018-12-19 06:36:39', '2018-12-19 06:36:39', 1, 1),
(480, 46, 93, 0, 0, 0, 0, '2018-12-19 06:36:39', '2018-12-19 06:36:39', 1, 1),
(481, 46, 94, 0, 0, 0, 0, '2018-12-19 06:36:39', '2018-12-19 06:36:39', 1, 1),
(482, 46, 95, 0, 0, 0, 0, '2018-12-19 06:36:39', '2018-12-19 06:36:39', 1, 1),
(483, 46, 96, 0, 0, 0, 0, '2018-12-19 06:36:39', '2018-12-19 06:36:39', 1, 1),
(484, 46, 97, 0, 0, 0, 0, '2018-12-19 06:36:39', '2018-12-19 06:36:39', 1, 1),
(485, 46, 98, 0, 0, 0, 0, '2018-12-19 06:36:39', '2018-12-19 06:36:39', 1, 1),
(486, 46, 99, 0, 0, 0, 0, '2018-12-19 06:36:39', '2018-12-19 06:36:39', 1, 1),
(487, 46, 100, 0, 0, 0, 0, '2018-12-19 06:36:39', '2018-12-19 06:36:39', 1, 1),
(488, 46, 101, 0, 0, 0, 0, '2018-12-19 06:36:39', '2018-12-19 06:36:39', 1, 1),
(489, 46, 102, 0, 0, 0, 0, '2018-12-19 06:36:39', '2018-12-19 06:36:39', 1, 1),
(490, 46, 103, 0, 0, 0, 0, '2018-12-19 06:36:39', '2018-12-19 06:36:39', 1, 1),
(491, 46, 104, 0, 0, 0, 0, '2018-12-19 06:36:39', '2018-12-19 06:36:39', 1, 1),
(492, 46, 105, 0, 0, 0, 0, '2018-12-19 06:36:39', '2018-12-19 06:36:39', 1, 1),
(493, 46, 106, 0, 0, 0, 0, '2018-12-19 06:36:39', '2018-12-19 06:36:39', 1, 1),
(494, 46, 107, 0, 0, 0, 0, '2018-12-19 06:36:39', '2018-12-19 06:36:39', 1, 1),
(495, 46, 108, 0, 0, 0, 0, '2018-12-19 06:36:39', '2018-12-19 06:36:39', 1, 1),
(496, 46, 109, 0, 0, 0, 0, '2018-12-19 06:36:39', '2018-12-19 06:36:39', 1, 1),
(497, 1, 114, 1, 1, 1, 1, '2018-12-20 08:09:21', '2018-12-20 08:09:21', 1, 1),
(498, 18, 114, 0, 0, 0, 0, '2018-12-20 08:09:21', '2018-12-20 08:09:21', 1, 1),
(499, 22, 114, 0, 0, 0, 0, '2018-12-20 08:09:21', '2018-12-20 08:09:21', 1, 1),
(500, 23, 114, 0, 0, 0, 0, '2018-12-20 08:09:21', '2018-12-20 08:09:21', 1, 1),
(501, 32, 114, 0, 0, 0, 0, '2018-12-20 08:09:21', '2018-12-20 08:09:21', 1, 1),
(502, 35, 114, 0, 0, 0, 0, '2018-12-20 08:09:21', '2018-12-20 08:09:21', 1, 1),
(503, 36, 114, 0, 0, 0, 0, '2018-12-20 08:09:21', '2018-12-20 08:09:21', 1, 1),
(504, 39, 114, 0, 0, 0, 0, '2018-12-20 08:09:21', '2018-12-20 08:09:21', 1, 1),
(505, 40, 114, 0, 0, 0, 0, '2018-12-20 08:09:21', '2018-12-20 08:09:21', 1, 1),
(506, 43, 114, 0, 0, 0, 0, '2018-12-20 08:09:21', '2018-12-20 08:09:21', 1, 1),
(507, 44, 114, 0, 0, 0, 0, '2018-12-20 08:09:21', '2018-12-20 08:09:21', 1, 1),
(508, 45, 114, 0, 0, 0, 0, '2018-12-20 08:09:21', '2018-12-20 08:09:21', 1, 1),
(509, 46, 114, 0, 0, 0, 0, '2018-12-20 08:09:21', '2018-12-20 08:09:21', 1, 1),
(511, 47, 77, 0, 0, 0, 0, '2018-12-21 09:19:50', '2018-12-21 09:19:50', 1, 1),
(512, 47, 90, 0, 0, 0, 0, '2018-12-21 09:19:50', '2018-12-21 09:19:50', 1, 1),
(513, 47, 91, 0, 0, 0, 0, '2018-12-21 09:19:50', '2018-12-21 09:19:50', 1, 1),
(514, 47, 92, 0, 0, 0, 0, '2018-12-21 09:19:50', '2018-12-21 09:19:50', 1, 1),
(515, 47, 93, 0, 0, 0, 0, '2018-12-21 09:19:50', '2018-12-21 09:19:50', 1, 1),
(516, 47, 94, 0, 0, 0, 0, '2018-12-21 09:19:50', '2018-12-21 09:19:50', 1, 1),
(517, 47, 95, 0, 0, 0, 0, '2018-12-21 09:19:50', '2018-12-21 09:19:50', 1, 1),
(518, 47, 96, 0, 0, 0, 0, '2018-12-21 09:19:50', '2018-12-21 09:19:50', 1, 1),
(519, 47, 97, 0, 0, 0, 0, '2018-12-21 09:19:50', '2018-12-21 09:19:50', 1, 1),
(520, 47, 98, 0, 0, 0, 0, '2018-12-21 09:19:50', '2018-12-21 09:19:50', 1, 1),
(521, 47, 99, 0, 0, 0, 0, '2018-12-21 09:19:50', '2018-12-21 09:19:50', 1, 1),
(522, 47, 100, 0, 0, 0, 0, '2018-12-21 09:19:50', '2018-12-21 09:19:50', 1, 1),
(523, 47, 101, 0, 0, 0, 0, '2018-12-21 09:19:50', '2018-12-21 09:19:50', 1, 1),
(524, 47, 102, 0, 0, 0, 0, '2018-12-21 09:19:50', '2018-12-21 09:19:50', 1, 1),
(525, 47, 103, 0, 0, 0, 0, '2018-12-21 09:19:50', '2018-12-21 09:19:50', 1, 1),
(526, 47, 104, 0, 0, 0, 0, '2018-12-21 09:19:50', '2018-12-21 09:19:50', 1, 1),
(527, 47, 105, 0, 0, 0, 0, '2018-12-21 09:19:50', '2018-12-21 09:19:50', 1, 1),
(528, 47, 106, 0, 0, 0, 0, '2018-12-21 09:19:50', '2018-12-21 09:19:50', 1, 1),
(529, 47, 107, 0, 0, 0, 0, '2018-12-21 09:19:50', '2018-12-21 09:19:50', 1, 1),
(530, 47, 108, 0, 0, 0, 0, '2018-12-21 09:19:50', '2018-12-21 09:19:50', 1, 1),
(531, 47, 109, 0, 0, 0, 0, '2018-12-21 09:19:50', '2018-12-21 09:19:50', 1, 1),
(532, 47, 110, 0, 0, 0, 0, '2018-12-21 09:19:50', '2018-12-21 09:19:50', 1, 1),
(533, 47, 111, 0, 0, 0, 0, '2018-12-21 09:19:50', '2018-12-21 09:19:50', 1, 1),
(534, 47, 112, 0, 0, 0, 0, '2018-12-21 09:19:50', '2018-12-21 09:19:50', 1, 1),
(535, 47, 113, 0, 0, 0, 0, '2018-12-21 09:19:50', '2018-12-21 09:19:50', 1, 1),
(536, 47, 114, 0, 0, 0, 0, '2018-12-21 09:19:50', '2018-12-21 09:19:50', 1, 1),
(538, 48, 77, 0, 0, 0, 0, '2018-12-21 09:43:33', '2018-12-21 09:43:33', 1, 1),
(539, 48, 90, 0, 0, 0, 0, '2018-12-21 09:43:33', '2018-12-21 09:43:33', 1, 1),
(540, 48, 91, 0, 0, 0, 0, '2018-12-21 09:43:33', '2018-12-21 09:43:33', 1, 1),
(541, 48, 92, 0, 0, 0, 0, '2018-12-21 09:43:33', '2018-12-21 09:43:33', 1, 1),
(542, 48, 93, 0, 0, 0, 0, '2018-12-21 09:43:33', '2018-12-21 09:43:33', 1, 1),
(543, 48, 94, 0, 0, 0, 0, '2018-12-21 09:43:33', '2018-12-21 09:43:33', 1, 1),
(544, 48, 95, 0, 0, 0, 0, '2018-12-21 09:43:33', '2018-12-21 09:43:33', 1, 1),
(545, 48, 96, 0, 0, 0, 0, '2018-12-21 09:43:33', '2018-12-21 09:43:33', 1, 1),
(546, 48, 97, 0, 0, 0, 0, '2018-12-21 09:43:33', '2018-12-21 09:43:33', 1, 1),
(547, 48, 98, 0, 0, 0, 0, '2018-12-21 09:43:33', '2018-12-21 09:43:33', 1, 1),
(548, 48, 99, 0, 0, 0, 0, '2018-12-21 09:43:33', '2018-12-21 09:43:33', 1, 1),
(549, 48, 100, 0, 0, 0, 0, '2018-12-21 09:43:33', '2018-12-21 09:43:33', 1, 1),
(550, 48, 101, 0, 0, 0, 0, '2018-12-21 09:43:33', '2018-12-21 09:43:33', 1, 1),
(551, 48, 102, 0, 0, 0, 0, '2018-12-21 09:43:33', '2018-12-21 09:43:33', 1, 1),
(552, 48, 103, 0, 0, 0, 0, '2018-12-21 09:43:33', '2018-12-21 09:43:33', 1, 1),
(553, 48, 104, 0, 0, 0, 0, '2018-12-21 09:43:33', '2018-12-21 09:43:33', 1, 1),
(554, 48, 105, 0, 0, 0, 0, '2018-12-21 09:43:33', '2018-12-21 09:43:33', 1, 1),
(555, 48, 106, 0, 0, 0, 0, '2018-12-21 09:43:33', '2018-12-21 09:43:33', 1, 1),
(556, 48, 107, 0, 0, 0, 0, '2018-12-21 09:43:33', '2018-12-21 09:43:33', 1, 1),
(557, 48, 108, 0, 0, 0, 0, '2018-12-21 09:43:33', '2018-12-21 09:43:33', 1, 1),
(558, 48, 109, 0, 0, 0, 0, '2018-12-21 09:43:33', '2018-12-21 09:43:33', 1, 1),
(559, 48, 110, 0, 0, 0, 0, '2018-12-21 09:43:33', '2018-12-21 09:43:33', 1, 1),
(560, 48, 111, 0, 0, 0, 0, '2018-12-21 09:43:33', '2018-12-21 09:43:33', 1, 1),
(561, 48, 112, 0, 0, 0, 0, '2018-12-21 09:43:33', '2018-12-21 09:43:33', 1, 1),
(562, 48, 113, 0, 0, 0, 0, '2018-12-21 09:43:33', '2018-12-21 09:43:33', 1, 1),
(563, 48, 114, 0, 0, 0, 0, '2018-12-21 09:43:33', '2018-12-21 09:43:33', 1, 1),
(592, 50, 77, 0, 0, 0, 0, '2018-12-21 09:50:43', '2018-12-21 09:50:43', 1, 1),
(593, 50, 90, 0, 0, 0, 0, '2018-12-21 09:50:43', '2018-12-21 09:50:43', 1, 1),
(594, 50, 91, 0, 0, 0, 0, '2018-12-21 09:50:43', '2018-12-21 09:50:43', 1, 1),
(595, 50, 92, 0, 0, 0, 0, '2018-12-21 09:50:43', '2018-12-21 09:50:43', 1, 1),
(596, 50, 93, 0, 0, 0, 0, '2018-12-21 09:50:43', '2018-12-21 09:50:43', 1, 1),
(597, 50, 94, 0, 0, 0, 0, '2018-12-21 09:50:43', '2018-12-21 09:50:43', 1, 1),
(598, 50, 95, 0, 0, 0, 0, '2018-12-21 09:50:43', '2018-12-21 09:50:43', 1, 1),
(599, 50, 96, 0, 0, 0, 0, '2018-12-21 09:50:43', '2018-12-21 09:50:43', 1, 1),
(600, 50, 97, 0, 0, 0, 0, '2018-12-21 09:50:43', '2018-12-21 09:50:43', 1, 1),
(601, 50, 98, 0, 0, 0, 0, '2018-12-21 09:50:43', '2018-12-21 09:50:43', 1, 1),
(602, 50, 99, 0, 0, 0, 0, '2018-12-21 09:50:43', '2018-12-21 09:50:43', 1, 1),
(603, 50, 100, 0, 0, 0, 0, '2018-12-21 09:50:43', '2018-12-21 09:50:43', 1, 1),
(604, 50, 101, 0, 0, 0, 0, '2018-12-21 09:50:43', '2018-12-21 09:50:43', 1, 1),
(605, 50, 102, 0, 0, 0, 0, '2018-12-21 09:50:43', '2018-12-21 09:50:43', 1, 1),
(606, 50, 103, 0, 0, 0, 0, '2018-12-21 09:50:43', '2018-12-21 09:50:43', 1, 1),
(607, 50, 104, 0, 0, 0, 0, '2018-12-21 09:50:43', '2018-12-21 09:50:43', 1, 1),
(608, 50, 105, 0, 0, 0, 0, '2018-12-21 09:50:43', '2018-12-21 09:50:43', 1, 1),
(609, 50, 106, 0, 0, 0, 0, '2018-12-21 09:50:43', '2018-12-21 09:50:43', 1, 1),
(610, 50, 107, 0, 0, 0, 0, '2018-12-21 09:50:43', '2018-12-21 09:50:43', 1, 1),
(611, 50, 108, 0, 0, 0, 0, '2018-12-21 09:50:43', '2018-12-21 09:50:43', 1, 1),
(612, 50, 109, 0, 0, 0, 0, '2018-12-21 09:50:43', '2018-12-21 09:50:43', 1, 1),
(613, 50, 110, 0, 0, 0, 0, '2018-12-21 09:50:43', '2018-12-21 09:50:43', 1, 1),
(614, 50, 111, 0, 0, 0, 0, '2018-12-21 09:50:43', '2018-12-21 09:50:43', 1, 1),
(615, 50, 112, 0, 0, 0, 0, '2018-12-21 09:50:43', '2018-12-21 09:50:43', 1, 1),
(616, 50, 113, 0, 0, 0, 0, '2018-12-21 09:50:43', '2018-12-21 09:50:43', 1, 1),
(617, 50, 114, 0, 0, 0, 0, '2018-12-21 09:50:43', '2018-12-21 09:50:43', 1, 1),
(619, 51, 77, 0, 0, 0, 0, '2018-12-21 09:51:27', '2018-12-21 09:51:27', 1, 1),
(620, 51, 90, 0, 0, 0, 0, '2018-12-21 09:51:27', '2018-12-21 09:51:27', 1, 1),
(621, 51, 91, 0, 0, 0, 0, '2018-12-21 09:51:27', '2018-12-21 09:51:27', 1, 1),
(622, 51, 92, 0, 0, 0, 0, '2018-12-21 09:51:27', '2018-12-21 09:51:27', 1, 1),
(623, 51, 93, 0, 0, 0, 0, '2018-12-21 09:51:27', '2018-12-21 09:51:27', 1, 1),
(624, 51, 94, 0, 0, 0, 0, '2018-12-21 09:51:27', '2018-12-21 09:51:27', 1, 1),
(625, 51, 95, 0, 0, 0, 0, '2018-12-21 09:51:27', '2018-12-21 09:51:27', 1, 1),
(626, 51, 96, 0, 0, 0, 0, '2018-12-21 09:51:27', '2018-12-21 09:51:27', 1, 1),
(627, 51, 97, 0, 0, 0, 0, '2018-12-21 09:51:27', '2018-12-21 09:51:27', 1, 1),
(628, 51, 98, 0, 0, 0, 0, '2018-12-21 09:51:27', '2018-12-21 09:51:27', 1, 1),
(629, 51, 99, 0, 0, 0, 0, '2018-12-21 09:51:27', '2018-12-21 09:51:27', 1, 1),
(630, 51, 100, 0, 0, 0, 0, '2018-12-21 09:51:27', '2018-12-21 09:51:27', 1, 1),
(631, 51, 101, 0, 0, 0, 0, '2018-12-21 09:51:27', '2018-12-21 09:51:27', 1, 1),
(632, 51, 102, 0, 0, 0, 0, '2018-12-21 09:51:27', '2018-12-21 09:51:27', 1, 1),
(633, 51, 103, 0, 0, 0, 0, '2018-12-21 09:51:27', '2018-12-21 09:51:27', 1, 1),
(634, 51, 104, 0, 0, 0, 0, '2018-12-21 09:51:27', '2018-12-21 09:51:27', 1, 1),
(635, 51, 105, 0, 0, 0, 0, '2018-12-21 09:51:27', '2018-12-21 09:51:27', 1, 1),
(636, 51, 106, 0, 0, 0, 0, '2018-12-21 09:51:27', '2018-12-21 09:51:27', 1, 1),
(637, 51, 107, 0, 0, 0, 0, '2018-12-21 09:51:27', '2018-12-21 09:51:27', 1, 1),
(638, 51, 108, 0, 0, 0, 0, '2018-12-21 09:51:27', '2018-12-21 09:51:27', 1, 1),
(639, 51, 109, 0, 0, 0, 0, '2018-12-21 09:51:27', '2018-12-21 09:51:27', 1, 1),
(640, 51, 110, 0, 0, 0, 0, '2018-12-21 09:51:27', '2018-12-21 09:51:27', 1, 1),
(641, 51, 111, 0, 0, 0, 0, '2018-12-21 09:51:27', '2018-12-21 09:51:27', 1, 1),
(642, 51, 112, 0, 0, 0, 0, '2018-12-21 09:51:27', '2018-12-21 09:51:27', 1, 1),
(643, 51, 113, 0, 0, 0, 0, '2018-12-21 09:51:27', '2018-12-21 09:51:27', 1, 1),
(644, 51, 114, 0, 0, 0, 0, '2018-12-21 09:51:27', '2018-12-21 09:51:27', 1, 1),
(646, 52, 77, 0, 0, 0, 0, '2018-12-21 09:52:06', '2018-12-21 09:52:06', 1, 1),
(647, 52, 90, 0, 0, 0, 0, '2018-12-21 09:52:06', '2018-12-21 09:52:06', 1, 1),
(648, 52, 91, 0, 0, 0, 0, '2018-12-21 09:52:06', '2018-12-21 09:52:06', 1, 1),
(649, 52, 92, 0, 0, 0, 0, '2018-12-21 09:52:06', '2018-12-21 09:52:06', 1, 1),
(650, 52, 93, 0, 0, 0, 0, '2018-12-21 09:52:06', '2018-12-21 09:52:06', 1, 1),
(651, 52, 94, 0, 0, 0, 0, '2018-12-21 09:52:06', '2018-12-21 09:52:06', 1, 1),
(652, 52, 95, 0, 0, 0, 0, '2018-12-21 09:52:06', '2018-12-21 09:52:06', 1, 1),
(653, 52, 96, 0, 0, 0, 0, '2018-12-21 09:52:06', '2018-12-21 09:52:06', 1, 1),
(654, 52, 97, 0, 0, 0, 0, '2018-12-21 09:52:06', '2018-12-21 09:52:06', 1, 1),
(655, 52, 98, 0, 0, 0, 0, '2018-12-21 09:52:06', '2018-12-21 09:52:06', 1, 1),
(656, 52, 99, 0, 0, 0, 0, '2018-12-21 09:52:06', '2018-12-21 09:52:06', 1, 1),
(657, 52, 100, 0, 0, 0, 0, '2018-12-21 09:52:06', '2018-12-21 09:52:06', 1, 1),
(658, 52, 101, 0, 0, 0, 0, '2018-12-21 09:52:06', '2018-12-21 09:52:06', 1, 1),
(659, 52, 102, 0, 0, 0, 0, '2018-12-21 09:52:06', '2018-12-21 09:52:06', 1, 1),
(660, 52, 103, 0, 0, 0, 0, '2018-12-21 09:52:06', '2018-12-21 09:52:06', 1, 1),
(661, 52, 104, 0, 0, 0, 0, '2018-12-21 09:52:06', '2018-12-21 09:52:06', 1, 1),
(662, 52, 105, 0, 0, 0, 0, '2018-12-21 09:52:06', '2018-12-21 09:52:06', 1, 1),
(663, 52, 106, 0, 0, 0, 0, '2018-12-21 09:52:06', '2018-12-21 09:52:06', 1, 1),
(664, 52, 107, 0, 0, 0, 0, '2018-12-21 09:52:06', '2018-12-21 09:52:06', 1, 1),
(665, 52, 108, 0, 0, 0, 0, '2018-12-21 09:52:06', '2018-12-21 09:52:06', 1, 1),
(666, 52, 109, 0, 0, 0, 0, '2018-12-21 09:52:06', '2018-12-21 09:52:06', 1, 1),
(667, 52, 110, 0, 0, 0, 0, '2018-12-21 09:52:06', '2018-12-21 09:52:06', 1, 1),
(668, 52, 111, 0, 0, 0, 0, '2018-12-21 09:52:06', '2018-12-21 09:52:06', 1, 1),
(669, 52, 112, 0, 0, 0, 0, '2018-12-21 09:52:06', '2018-12-21 09:52:06', 1, 1),
(670, 52, 113, 0, 0, 0, 0, '2018-12-21 09:52:06', '2018-12-21 09:52:06', 1, 1),
(671, 52, 114, 0, 0, 0, 0, '2018-12-21 09:52:06', '2018-12-21 09:52:06', 1, 1),
(673, 53, 77, 0, 0, 0, 0, '2018-12-21 09:52:39', '2018-12-21 09:52:39', 1, 1),
(674, 53, 90, 0, 0, 0, 0, '2018-12-21 09:52:39', '2018-12-21 09:52:39', 1, 1),
(675, 53, 91, 0, 0, 0, 0, '2018-12-21 09:52:39', '2018-12-21 09:52:39', 1, 1),
(676, 53, 92, 0, 0, 0, 0, '2018-12-21 09:52:39', '2018-12-21 09:52:39', 1, 1),
(677, 53, 93, 0, 0, 0, 0, '2018-12-21 09:52:39', '2018-12-21 09:52:39', 1, 1),
(678, 53, 94, 0, 0, 0, 0, '2018-12-21 09:52:39', '2018-12-21 09:52:39', 1, 1),
(679, 53, 95, 0, 0, 0, 0, '2018-12-21 09:52:39', '2018-12-21 09:52:39', 1, 1),
(680, 53, 96, 0, 0, 0, 0, '2018-12-21 09:52:39', '2018-12-21 09:52:39', 1, 1),
(681, 53, 97, 0, 0, 0, 0, '2018-12-21 09:52:39', '2018-12-21 09:52:39', 1, 1),
(682, 53, 98, 0, 0, 0, 0, '2018-12-21 09:52:39', '2018-12-21 09:52:39', 1, 1),
(683, 53, 99, 0, 0, 0, 0, '2018-12-21 09:52:39', '2018-12-21 09:52:39', 1, 1),
(684, 53, 100, 0, 0, 0, 0, '2018-12-21 09:52:39', '2018-12-21 09:52:39', 1, 1),
(685, 53, 101, 0, 0, 0, 0, '2018-12-21 09:52:39', '2018-12-21 09:52:39', 1, 1),
(686, 53, 102, 0, 0, 0, 0, '2018-12-21 09:52:39', '2018-12-21 09:52:39', 1, 1),
(687, 53, 103, 0, 0, 0, 0, '2018-12-21 09:52:39', '2018-12-21 09:52:39', 1, 1),
(688, 53, 104, 0, 0, 0, 0, '2018-12-21 09:52:39', '2018-12-21 09:52:39', 1, 1),
(689, 53, 105, 0, 0, 0, 0, '2018-12-21 09:52:39', '2018-12-21 09:52:39', 1, 1),
(690, 53, 106, 0, 0, 0, 0, '2018-12-21 09:52:39', '2018-12-21 09:52:39', 1, 1),
(691, 53, 107, 0, 0, 0, 0, '2018-12-21 09:52:39', '2018-12-21 09:52:39', 1, 1),
(692, 53, 108, 0, 0, 0, 0, '2018-12-21 09:52:39', '2018-12-21 09:52:39', 1, 1),
(693, 53, 109, 0, 0, 0, 0, '2018-12-21 09:52:39', '2018-12-21 09:52:39', 1, 1),
(694, 53, 110, 0, 0, 0, 0, '2018-12-21 09:52:39', '2018-12-21 09:52:39', 1, 1),
(695, 53, 111, 0, 0, 0, 0, '2018-12-21 09:52:39', '2018-12-21 09:52:39', 1, 1),
(696, 53, 112, 0, 0, 0, 0, '2018-12-21 09:52:39', '2018-12-21 09:52:39', 1, 1),
(697, 53, 113, 0, 0, 0, 0, '2018-12-21 09:52:39', '2018-12-21 09:52:39', 1, 1),
(698, 53, 114, 0, 0, 0, 0, '2018-12-21 09:52:39', '2018-12-21 09:52:39', 1, 1),
(700, 54, 77, 0, 0, 0, 0, '2018-12-21 11:00:54', '2018-12-21 11:00:54', 1, 1),
(701, 54, 90, 0, 0, 0, 0, '2018-12-21 11:00:54', '2018-12-21 11:00:54', 1, 1),
(702, 54, 91, 0, 0, 0, 0, '2018-12-21 11:00:54', '2018-12-21 11:00:54', 1, 1),
(703, 54, 92, 0, 0, 0, 0, '2018-12-21 11:00:54', '2018-12-21 11:00:54', 1, 1),
(704, 54, 93, 0, 0, 0, 0, '2018-12-21 11:00:54', '2018-12-21 11:00:54', 1, 1),
(705, 54, 94, 0, 0, 0, 0, '2018-12-21 11:00:54', '2018-12-21 11:00:54', 1, 1),
(706, 54, 95, 0, 0, 0, 0, '2018-12-21 11:00:54', '2018-12-21 11:00:54', 1, 1),
(707, 54, 96, 0, 0, 0, 0, '2018-12-21 11:00:54', '2018-12-21 11:00:54', 1, 1),
(708, 54, 97, 0, 0, 0, 0, '2018-12-21 11:00:54', '2018-12-21 11:00:54', 1, 1),
(709, 54, 98, 0, 0, 0, 0, '2018-12-21 11:00:54', '2018-12-21 11:00:54', 1, 1),
(710, 54, 99, 0, 0, 0, 0, '2018-12-21 11:00:54', '2018-12-21 11:00:54', 1, 1),
(711, 54, 100, 0, 0, 0, 0, '2018-12-21 11:00:54', '2018-12-21 11:00:54', 1, 1),
(712, 54, 101, 0, 0, 0, 0, '2018-12-21 11:00:54', '2018-12-21 11:00:54', 1, 1),
(713, 54, 102, 0, 0, 0, 0, '2018-12-21 11:00:54', '2018-12-21 11:00:54', 1, 1),
(714, 54, 103, 0, 0, 0, 0, '2018-12-21 11:00:54', '2018-12-21 11:00:54', 1, 1),
(715, 54, 104, 0, 0, 0, 0, '2018-12-21 11:00:54', '2018-12-21 11:00:54', 1, 1),
(716, 54, 105, 0, 0, 0, 0, '2018-12-21 11:00:54', '2018-12-21 11:00:54', 1, 1),
(717, 54, 106, 0, 0, 0, 0, '2018-12-21 11:00:54', '2018-12-21 11:00:54', 1, 1),
(718, 54, 107, 0, 0, 0, 0, '2018-12-21 11:00:54', '2018-12-21 11:00:54', 1, 1),
(719, 54, 108, 0, 0, 0, 0, '2018-12-21 11:00:54', '2018-12-21 11:00:54', 1, 1),
(720, 54, 109, 0, 0, 0, 0, '2018-12-21 11:00:54', '2018-12-21 11:00:54', 1, 1),
(721, 54, 110, 0, 0, 0, 0, '2018-12-21 11:00:54', '2018-12-21 11:00:54', 1, 1),
(722, 54, 111, 0, 0, 0, 0, '2018-12-21 11:00:54', '2018-12-21 11:00:54', 1, 1),
(723, 54, 112, 0, 0, 0, 0, '2018-12-21 11:00:54', '2018-12-21 11:00:54', 1, 1),
(724, 54, 113, 0, 0, 0, 0, '2018-12-21 11:00:54', '2018-12-21 11:00:54', 1, 1),
(725, 54, 114, 0, 0, 0, 0, '2018-12-21 11:00:54', '2018-12-21 11:00:54', 1, 1),
(727, 55, 77, 0, 0, 0, 0, '2018-12-24 07:12:54', '2018-12-24 07:12:54', 1, 1),
(728, 55, 90, 0, 0, 0, 0, '2018-12-24 07:12:54', '2018-12-24 07:12:54', 1, 1),
(729, 55, 91, 0, 0, 0, 0, '2018-12-24 07:12:54', '2018-12-24 07:12:54', 1, 1),
(730, 55, 92, 0, 0, 0, 0, '2018-12-24 07:12:54', '2018-12-24 07:12:54', 1, 1),
(731, 55, 93, 0, 0, 0, 0, '2018-12-24 07:12:54', '2018-12-24 07:12:54', 1, 1),
(732, 55, 94, 0, 0, 0, 0, '2018-12-24 07:12:54', '2018-12-24 07:12:54', 1, 1),
(733, 55, 95, 0, 0, 0, 0, '2018-12-24 07:12:54', '2018-12-24 07:12:54', 1, 1),
(734, 55, 96, 0, 0, 0, 0, '2018-12-24 07:12:54', '2018-12-24 07:12:54', 1, 1),
(735, 55, 97, 0, 0, 0, 0, '2018-12-24 07:12:54', '2018-12-24 07:12:54', 1, 1),
(736, 55, 98, 0, 0, 0, 0, '2018-12-24 07:12:54', '2018-12-24 07:12:54', 1, 1),
(737, 55, 99, 0, 0, 0, 0, '2018-12-24 07:12:54', '2018-12-24 07:12:54', 1, 1),
(738, 55, 100, 0, 0, 0, 0, '2018-12-24 07:12:54', '2018-12-24 07:12:54', 1, 1),
(739, 55, 101, 0, 0, 0, 0, '2018-12-24 07:12:54', '2018-12-24 07:12:54', 1, 1),
(740, 55, 102, 0, 0, 0, 0, '2018-12-24 07:12:54', '2018-12-24 07:12:54', 1, 1),
(741, 55, 103, 0, 0, 0, 0, '2018-12-24 07:12:54', '2018-12-24 07:12:54', 1, 1),
(742, 55, 104, 0, 0, 0, 0, '2018-12-24 07:12:54', '2018-12-24 07:12:54', 1, 1),
(743, 55, 105, 0, 0, 0, 0, '2018-12-24 07:12:54', '2018-12-24 07:12:54', 1, 1),
(744, 55, 106, 0, 0, 0, 0, '2018-12-24 07:12:54', '2018-12-24 07:12:54', 1, 1),
(745, 55, 107, 0, 0, 0, 0, '2018-12-24 07:12:54', '2018-12-24 07:12:54', 1, 1),
(746, 55, 108, 0, 0, 0, 0, '2018-12-24 07:12:54', '2018-12-24 07:12:54', 1, 1),
(747, 55, 109, 0, 0, 0, 0, '2018-12-24 07:12:54', '2018-12-24 07:12:54', 1, 1),
(748, 55, 110, 0, 0, 0, 0, '2018-12-24 07:12:54', '2018-12-24 07:12:54', 1, 1),
(749, 55, 111, 0, 0, 0, 0, '2018-12-24 07:12:54', '2018-12-24 07:12:54', 1, 1),
(750, 55, 112, 0, 0, 0, 0, '2018-12-24 07:12:54', '2018-12-24 07:12:54', 1, 1),
(751, 55, 113, 0, 0, 0, 0, '2018-12-24 07:12:54', '2018-12-24 07:12:54', 1, 1),
(752, 55, 114, 0, 0, 0, 0, '2018-12-24 07:12:54', '2018-12-24 07:12:54', 1, 1),
(753, 55, 115, 0, 0, 0, 0, '2018-12-24 07:12:54', '2018-12-24 07:12:54', 1, 1),
(755, 56, 77, 0, 0, 0, 0, '2018-12-24 08:02:11', '2018-12-24 08:02:11', 1, 1),
(756, 56, 90, 0, 0, 0, 0, '2018-12-24 08:02:11', '2018-12-24 08:02:11', 1, 1),
(757, 56, 91, 0, 0, 0, 0, '2018-12-24 08:02:11', '2018-12-24 08:02:11', 1, 1),
(758, 56, 92, 0, 0, 0, 0, '2018-12-24 08:02:11', '2018-12-24 08:02:11', 1, 1),
(759, 56, 93, 0, 0, 0, 0, '2018-12-24 08:02:11', '2018-12-24 08:02:11', 1, 1),
(760, 56, 94, 0, 0, 0, 0, '2018-12-24 08:02:11', '2018-12-24 08:02:11', 1, 1),
(761, 56, 95, 0, 0, 0, 0, '2018-12-24 08:02:11', '2018-12-24 08:02:11', 1, 1),
(762, 56, 96, 0, 0, 0, 0, '2018-12-24 08:02:11', '2018-12-24 08:02:11', 1, 1),
(763, 56, 97, 0, 0, 0, 0, '2018-12-24 08:02:11', '2018-12-24 08:02:11', 1, 1),
(764, 56, 98, 0, 0, 0, 0, '2018-12-24 08:02:11', '2018-12-24 08:02:11', 1, 1),
(765, 56, 99, 0, 0, 0, 0, '2018-12-24 08:02:11', '2018-12-24 08:02:11', 1, 1),
(766, 56, 100, 0, 0, 0, 0, '2018-12-24 08:02:11', '2018-12-24 08:02:11', 1, 1),
(767, 56, 101, 0, 0, 0, 0, '2018-12-24 08:02:11', '2018-12-24 08:02:11', 1, 1),
(768, 56, 102, 0, 0, 0, 0, '2018-12-24 08:02:11', '2018-12-24 08:02:11', 1, 1),
(769, 56, 103, 0, 0, 0, 0, '2018-12-24 08:02:11', '2018-12-24 08:02:11', 1, 1),
(770, 56, 104, 0, 0, 0, 0, '2018-12-24 08:02:11', '2018-12-24 08:02:11', 1, 1),
(771, 56, 105, 0, 0, 0, 0, '2018-12-24 08:02:11', '2018-12-24 08:02:11', 1, 1),
(772, 56, 106, 0, 0, 0, 0, '2018-12-24 08:02:11', '2018-12-24 08:02:11', 1, 1),
(773, 56, 107, 0, 0, 0, 0, '2018-12-24 08:02:11', '2018-12-24 08:02:11', 1, 1),
(774, 56, 108, 0, 0, 0, 0, '2018-12-24 08:02:11', '2018-12-24 08:02:11', 1, 1),
(775, 56, 109, 0, 0, 0, 0, '2018-12-24 08:02:11', '2018-12-24 08:02:11', 1, 1),
(776, 56, 110, 0, 0, 0, 0, '2018-12-24 08:02:11', '2018-12-24 08:02:11', 1, 1),
(777, 56, 111, 0, 0, 0, 0, '2018-12-24 08:02:11', '2018-12-24 08:02:11', 1, 1),
(778, 56, 112, 0, 0, 0, 0, '2018-12-24 08:02:11', '2018-12-24 08:02:11', 1, 1),
(779, 56, 113, 0, 0, 0, 0, '2018-12-24 08:02:11', '2018-12-24 08:02:11', 1, 1),
(780, 56, 114, 0, 0, 0, 0, '2018-12-24 08:02:11', '2018-12-24 08:02:11', 1, 1),
(781, 56, 115, 0, 0, 0, 0, '2018-12-24 08:02:11', '2018-12-24 08:02:11', 1, 1),
(783, 57, 77, 0, 0, 0, 0, '2018-12-26 07:06:18', '2018-12-26 07:06:18', 1, 1),
(784, 57, 90, 0, 0, 0, 0, '2018-12-26 07:06:18', '2018-12-26 07:06:18', 1, 1),
(785, 57, 91, 0, 0, 0, 0, '2018-12-26 07:06:18', '2018-12-26 07:06:18', 1, 1),
(786, 57, 92, 0, 0, 0, 0, '2018-12-26 07:06:18', '2018-12-26 07:06:18', 1, 1),
(787, 57, 93, 0, 0, 0, 0, '2018-12-26 07:06:18', '2018-12-26 07:06:18', 1, 1),
(788, 57, 94, 0, 0, 0, 0, '2018-12-26 07:06:18', '2018-12-26 07:06:18', 1, 1),
(789, 57, 95, 0, 0, 0, 0, '2018-12-26 07:06:18', '2018-12-26 07:06:18', 1, 1),
(790, 57, 96, 0, 0, 0, 0, '2018-12-26 07:06:18', '2018-12-26 07:06:18', 1, 1),
(791, 57, 97, 0, 0, 0, 0, '2018-12-26 07:06:18', '2018-12-26 07:06:18', 1, 1),
(792, 57, 98, 0, 0, 0, 0, '2018-12-26 07:06:18', '2018-12-26 07:06:18', 1, 1),
(793, 57, 99, 0, 0, 0, 0, '2018-12-26 07:06:18', '2018-12-26 07:06:18', 1, 1),
(794, 57, 100, 0, 0, 0, 0, '2018-12-26 07:06:18', '2018-12-26 07:06:18', 1, 1),
(795, 57, 101, 0, 0, 0, 0, '2018-12-26 07:06:18', '2018-12-26 07:06:18', 1, 1),
(796, 57, 102, 0, 0, 0, 0, '2018-12-26 07:06:18', '2018-12-26 07:06:18', 1, 1),
(797, 57, 103, 0, 0, 0, 0, '2018-12-26 07:06:18', '2018-12-26 07:06:18', 1, 1),
(798, 57, 104, 0, 0, 0, 0, '2018-12-26 07:06:18', '2018-12-26 07:06:18', 1, 1),
(799, 57, 105, 0, 0, 0, 0, '2018-12-26 07:06:18', '2018-12-26 07:06:18', 1, 1),
(800, 57, 106, 0, 0, 0, 0, '2018-12-26 07:06:18', '2018-12-26 07:06:18', 1, 1),
(801, 57, 107, 0, 0, 0, 0, '2018-12-26 07:06:18', '2018-12-26 07:06:18', 1, 1),
(802, 57, 108, 0, 0, 0, 0, '2018-12-26 07:06:18', '2018-12-26 07:06:18', 1, 1),
(803, 57, 109, 0, 0, 0, 0, '2018-12-26 07:06:18', '2018-12-26 07:06:18', 1, 1),
(804, 57, 110, 0, 0, 0, 0, '2018-12-26 07:06:18', '2018-12-26 07:06:18', 1, 1),
(805, 57, 111, 0, 0, 0, 0, '2018-12-26 07:06:18', '2018-12-26 07:06:18', 1, 1),
(806, 57, 112, 1, 1, 1, 1, '2018-12-26 07:06:18', '2018-12-26 07:06:18', 1, 1),
(807, 57, 113, 0, 0, 0, 0, '2018-12-26 07:06:18', '2018-12-26 07:06:18', 1, 1),
(808, 57, 114, 0, 0, 0, 0, '2018-12-26 07:06:18', '2018-12-26 07:06:18', 1, 1),
(809, 57, 115, 0, 0, 0, 0, '2018-12-26 07:06:18', '2018-12-26 07:06:18', 1, 1),
(810, 57, 116, 1, 1, 1, 1, '2018-12-26 07:06:18', '2018-12-26 07:06:18', 1, 1),
(812, 58, 77, 0, 0, 0, 0, '2018-12-27 13:38:22', '2018-12-27 13:38:22', 1, 1),
(813, 58, 90, 0, 0, 0, 0, '2018-12-27 13:38:22', '2018-12-27 13:38:22', 1, 1),
(814, 58, 91, 0, 0, 0, 0, '2018-12-27 13:38:22', '2018-12-27 13:38:22', 1, 1),
(815, 58, 92, 0, 0, 0, 0, '2018-12-27 13:38:22', '2018-12-27 13:38:22', 1, 1),
(816, 58, 93, 0, 0, 0, 0, '2018-12-27 13:38:22', '2018-12-27 13:38:22', 1, 1),
(817, 58, 94, 0, 0, 0, 0, '2018-12-27 13:38:22', '2018-12-27 13:38:22', 1, 1),
(818, 58, 95, 0, 0, 0, 0, '2018-12-27 13:38:22', '2018-12-27 13:38:22', 1, 1),
(819, 58, 96, 0, 0, 0, 0, '2018-12-27 13:38:22', '2018-12-27 13:38:22', 1, 1),
(820, 58, 97, 0, 0, 0, 0, '2018-12-27 13:38:22', '2018-12-27 13:38:22', 1, 1),
(821, 58, 98, 0, 0, 0, 0, '2018-12-27 13:38:22', '2018-12-27 13:38:22', 1, 1),
(822, 58, 99, 0, 0, 0, 0, '2018-12-27 13:38:22', '2018-12-27 13:38:22', 1, 1),
(823, 58, 100, 0, 0, 0, 0, '2018-12-27 13:38:22', '2018-12-27 13:38:22', 1, 1),
(824, 58, 101, 0, 0, 0, 0, '2018-12-27 13:38:22', '2018-12-27 13:38:22', 1, 1),
(825, 58, 102, 0, 0, 0, 0, '2018-12-27 13:38:22', '2018-12-27 13:38:22', 1, 1),
(826, 58, 103, 0, 0, 0, 0, '2018-12-27 13:38:22', '2018-12-27 13:38:22', 1, 1),
(827, 58, 104, 0, 0, 0, 0, '2018-12-27 13:38:22', '2018-12-27 13:38:22', 1, 1),
(828, 58, 105, 0, 0, 0, 0, '2018-12-27 13:38:22', '2018-12-27 13:38:22', 1, 1),
(829, 58, 106, 0, 0, 0, 0, '2018-12-27 13:38:22', '2018-12-27 13:38:22', 1, 1),
(830, 58, 107, 0, 0, 0, 0, '2018-12-27 13:38:22', '2018-12-27 13:38:22', 1, 1),
(831, 58, 108, 0, 0, 0, 0, '2018-12-27 13:38:22', '2018-12-27 13:38:22', 1, 1),
(832, 58, 109, 0, 0, 0, 0, '2018-12-27 13:38:22', '2018-12-27 13:38:22', 1, 1),
(833, 58, 110, 0, 0, 0, 0, '2018-12-27 13:38:22', '2018-12-27 13:38:22', 1, 1),
(834, 58, 111, 0, 0, 0, 0, '2018-12-27 13:38:22', '2018-12-27 13:38:22', 1, 1);
INSERT INTO `modules_users_rights` (`ModuleRightID`, `ModuleID`, `UserID`, `CanView`, `CanAdd`, `CanEdit`, `CanDelete`, `CreatedAt`, `UpdatedAt`, `CreatedBy`, `UpdatedBy`) VALUES
(835, 58, 112, 1, 1, 1, 1, '2018-12-27 13:38:22', '2018-12-27 13:38:22', 1, 1),
(836, 58, 113, 0, 0, 0, 0, '2018-12-27 13:38:22', '2018-12-27 13:38:22', 1, 1),
(837, 58, 114, 0, 0, 0, 0, '2018-12-27 13:38:22', '2018-12-27 13:38:22', 1, 1),
(838, 58, 115, 0, 0, 0, 0, '2018-12-27 13:38:22', '2018-12-27 13:38:22', 1, 1),
(839, 58, 116, 1, 1, 1, 1, '2018-12-27 13:38:22', '2018-12-27 13:38:22', 1, 1),
(840, 58, 117, 0, 0, 0, 0, '2018-12-27 13:38:22', '2018-12-27 13:38:22', 1, 1),
(842, 59, 77, 0, 0, 0, 0, '2019-01-04 09:36:11', '2019-01-04 09:36:11', 1, 1),
(843, 59, 90, 0, 0, 0, 0, '2019-01-04 09:36:11', '2019-01-04 09:36:11', 1, 1),
(844, 59, 91, 0, 0, 0, 0, '2019-01-04 09:36:11', '2019-01-04 09:36:11', 1, 1),
(845, 59, 92, 0, 0, 0, 0, '2019-01-04 09:36:11', '2019-01-04 09:36:11', 1, 1),
(846, 59, 93, 0, 0, 0, 0, '2019-01-04 09:36:11', '2019-01-04 09:36:11', 1, 1),
(847, 59, 94, 0, 0, 0, 0, '2019-01-04 09:36:11', '2019-01-04 09:36:11', 1, 1),
(848, 59, 95, 0, 0, 0, 0, '2019-01-04 09:36:11', '2019-01-04 09:36:11', 1, 1),
(849, 59, 96, 0, 0, 0, 0, '2019-01-04 09:36:11', '2019-01-04 09:36:11', 1, 1),
(850, 59, 97, 0, 0, 0, 0, '2019-01-04 09:36:11', '2019-01-04 09:36:11', 1, 1),
(851, 59, 98, 0, 0, 0, 0, '2019-01-04 09:36:11', '2019-01-04 09:36:11', 1, 1),
(852, 59, 99, 0, 0, 0, 0, '2019-01-04 09:36:11', '2019-01-04 09:36:11', 1, 1),
(853, 59, 100, 0, 0, 0, 0, '2019-01-04 09:36:11', '2019-01-04 09:36:11', 1, 1),
(854, 59, 101, 0, 0, 0, 0, '2019-01-04 09:36:11', '2019-01-04 09:36:11', 1, 1),
(855, 59, 102, 0, 0, 0, 0, '2019-01-04 09:36:11', '2019-01-04 09:36:11', 1, 1),
(856, 59, 103, 0, 0, 0, 0, '2019-01-04 09:36:11', '2019-01-04 09:36:11', 1, 1),
(857, 59, 104, 0, 0, 0, 0, '2019-01-04 09:36:11', '2019-01-04 09:36:11', 1, 1),
(858, 59, 105, 0, 0, 0, 0, '2019-01-04 09:36:11', '2019-01-04 09:36:11', 1, 1),
(859, 59, 106, 0, 0, 0, 0, '2019-01-04 09:36:11', '2019-01-04 09:36:11', 1, 1),
(860, 59, 107, 0, 0, 0, 0, '2019-01-04 09:36:11', '2019-01-04 09:36:11', 1, 1),
(861, 59, 108, 0, 0, 0, 0, '2019-01-04 09:36:11', '2019-01-04 09:36:11', 1, 1),
(862, 59, 109, 0, 0, 0, 0, '2019-01-04 09:36:11', '2019-01-04 09:36:11', 1, 1),
(863, 59, 110, 0, 0, 0, 0, '2019-01-04 09:36:11', '2019-01-04 09:36:11', 1, 1),
(864, 59, 111, 0, 0, 0, 0, '2019-01-04 09:36:11', '2019-01-04 09:36:11', 1, 1),
(865, 59, 112, 1, 1, 1, 1, '2019-01-04 09:36:11', '2019-01-04 09:36:11', 1, 1),
(866, 59, 113, 0, 0, 0, 0, '2019-01-04 09:36:11', '2019-01-04 09:36:11', 1, 1),
(867, 59, 114, 0, 0, 0, 0, '2019-01-04 09:36:11', '2019-01-04 09:36:11', 1, 1),
(868, 59, 115, 0, 0, 0, 0, '2019-01-04 09:36:11', '2019-01-04 09:36:11', 1, 1),
(869, 59, 116, 1, 1, 1, 1, '2019-01-04 09:36:11', '2019-01-04 09:36:11', 1, 1),
(870, 59, 117, 0, 0, 0, 0, '2019-01-04 09:36:11', '2019-01-04 09:36:11', 1, 1),
(871, 59, 118, 0, 0, 0, 0, '2019-01-04 09:36:11', '2019-01-04 09:36:11', 1, 1),
(873, 60, 77, 0, 0, 0, 0, '2019-01-07 13:27:24', '2019-01-07 13:27:24', 1, 1),
(874, 60, 90, 0, 0, 0, 0, '2019-01-07 13:27:24', '2019-01-07 13:27:24', 1, 1),
(875, 60, 91, 0, 0, 0, 0, '2019-01-07 13:27:24', '2019-01-07 13:27:24', 1, 1),
(876, 60, 92, 0, 0, 0, 0, '2019-01-07 13:27:24', '2019-01-07 13:27:24', 1, 1),
(877, 60, 93, 0, 0, 0, 0, '2019-01-07 13:27:24', '2019-01-07 13:27:24', 1, 1),
(878, 60, 94, 0, 0, 0, 0, '2019-01-07 13:27:24', '2019-01-07 13:27:24', 1, 1),
(879, 60, 95, 0, 0, 0, 0, '2019-01-07 13:27:24', '2019-01-07 13:27:24', 1, 1),
(880, 60, 96, 0, 0, 0, 0, '2019-01-07 13:27:24', '2019-01-07 13:27:24', 1, 1),
(881, 60, 97, 0, 0, 0, 0, '2019-01-07 13:27:24', '2019-01-07 13:27:24', 1, 1),
(882, 60, 98, 0, 0, 0, 0, '2019-01-07 13:27:24', '2019-01-07 13:27:24', 1, 1),
(883, 60, 99, 0, 0, 0, 0, '2019-01-07 13:27:24', '2019-01-07 13:27:24', 1, 1),
(884, 60, 100, 0, 0, 0, 0, '2019-01-07 13:27:24', '2019-01-07 13:27:24', 1, 1),
(885, 60, 101, 0, 0, 0, 0, '2019-01-07 13:27:24', '2019-01-07 13:27:24', 1, 1),
(886, 60, 102, 0, 0, 0, 0, '2019-01-07 13:27:24', '2019-01-07 13:27:24', 1, 1),
(887, 60, 103, 0, 0, 0, 0, '2019-01-07 13:27:24', '2019-01-07 13:27:24', 1, 1),
(888, 60, 104, 0, 0, 0, 0, '2019-01-07 13:27:24', '2019-01-07 13:27:24', 1, 1),
(889, 60, 105, 0, 0, 0, 0, '2019-01-07 13:27:24', '2019-01-07 13:27:24', 1, 1),
(890, 60, 106, 0, 0, 0, 0, '2019-01-07 13:27:24', '2019-01-07 13:27:24', 1, 1),
(891, 60, 107, 0, 0, 0, 0, '2019-01-07 13:27:24', '2019-01-07 13:27:24', 1, 1),
(892, 60, 108, 0, 0, 0, 0, '2019-01-07 13:27:24', '2019-01-07 13:27:24', 1, 1),
(893, 60, 109, 0, 0, 0, 0, '2019-01-07 13:27:24', '2019-01-07 13:27:24', 1, 1),
(894, 60, 110, 0, 0, 0, 0, '2019-01-07 13:27:24', '2019-01-07 13:27:24', 1, 1),
(895, 60, 111, 0, 0, 0, 0, '2019-01-07 13:27:24', '2019-01-07 13:27:24', 1, 1),
(896, 60, 112, 1, 1, 1, 1, '2019-01-07 13:27:24', '2019-01-07 13:27:24', 1, 1),
(897, 60, 113, 0, 0, 0, 0, '2019-01-07 13:27:24', '2019-01-07 13:27:24', 1, 1),
(898, 60, 114, 0, 0, 0, 0, '2019-01-07 13:27:24', '2019-01-07 13:27:24', 1, 1),
(899, 60, 115, 0, 0, 0, 0, '2019-01-07 13:27:24', '2019-01-07 13:27:24', 1, 1),
(900, 60, 116, 1, 1, 1, 1, '2019-01-07 13:27:24', '2019-01-07 13:27:24', 1, 1),
(901, 60, 117, 0, 0, 0, 0, '2019-01-07 13:27:24', '2019-01-07 13:27:24', 1, 1),
(902, 60, 118, 0, 0, 0, 0, '2019-01-07 13:27:24', '2019-01-07 13:27:24', 1, 1),
(903, 1, 87, 0, 0, 0, 0, '2019-03-06 07:17:10', '2019-03-06 07:55:18', 1, 1),
(904, 18, 87, 0, 0, 0, 0, '2019-03-06 07:17:10', '2019-03-06 07:55:18', 1, 1),
(905, 22, 87, 0, 0, 0, 0, '2019-03-06 07:17:10', '2019-03-06 07:55:18', 1, 1),
(906, 23, 87, 0, 0, 0, 0, '2019-03-06 07:17:10', '2019-03-06 07:55:18', 1, 1),
(907, 32, 87, 0, 0, 0, 0, '2019-03-06 07:17:10', '2019-03-06 07:55:18', 1, 1),
(908, 35, 87, 1, 1, 1, 1, '2019-03-06 07:17:10', '2019-03-06 07:17:10', 1, 1),
(909, 36, 87, 0, 0, 0, 0, '2019-03-06 07:17:10', '2019-03-06 07:55:18', 1, 1),
(910, 39, 87, 1, 1, 1, 1, '2019-03-06 07:17:10', '2019-03-06 07:17:10', 1, 1),
(911, 40, 87, 1, 1, 1, 1, '2019-03-06 07:17:10', '2019-03-06 07:17:10', 1, 1),
(912, 43, 87, 0, 0, 0, 0, '2019-03-06 07:17:10', '2019-03-06 07:55:18', 1, 1),
(913, 44, 87, 0, 0, 0, 0, '2019-03-06 07:17:10', '2019-03-06 07:17:10', 1, 1),
(914, 45, 87, 0, 0, 0, 0, '2019-03-06 07:17:10', '2019-03-06 07:55:18', 1, 1),
(915, 46, 87, 1, 1, 1, 0, '2019-03-06 07:17:10', '2019-03-06 07:55:18', 1, 1),
(916, 47, 87, 1, 1, 1, 0, '2019-03-06 07:17:10', '2019-03-06 07:55:18', 1, 1),
(917, 48, 87, 0, 0, 0, 0, '2019-03-06 07:17:10', '2019-03-06 07:55:18', 1, 1),
(918, 50, 87, 1, 1, 1, 0, '2019-03-06 07:17:10', '2019-03-06 07:55:18', 1, 1),
(919, 51, 87, 1, 1, 1, 0, '2019-03-06 07:17:10', '2019-03-06 07:55:18', 1, 1),
(920, 52, 87, 1, 1, 1, 0, '2019-03-06 07:17:10', '2019-03-06 07:55:18', 1, 1),
(921, 53, 87, 1, 1, 1, 0, '2019-03-06 07:17:10', '2019-03-06 07:55:18', 1, 1),
(922, 54, 87, 0, 0, 0, 0, '2019-03-06 07:17:10', '2019-03-06 07:55:18', 1, 1),
(923, 55, 87, 0, 0, 0, 0, '2019-03-06 07:17:10', '2019-03-06 07:55:18', 1, 1),
(924, 56, 87, 0, 0, 0, 0, '2019-03-06 07:17:10', '2019-03-06 07:55:18', 1, 1),
(925, 57, 87, 0, 0, 0, 0, '2019-03-06 07:17:10', '2019-03-06 07:55:18', 1, 1),
(926, 58, 87, 0, 0, 0, 0, '2019-03-06 07:17:10', '2019-03-06 07:55:18', 1, 1),
(927, 59, 87, 0, 0, 0, 0, '2019-03-06 07:17:10', '2019-03-06 07:55:18', 1, 1),
(928, 60, 87, 0, 0, 0, 0, '2019-03-06 07:17:10', '2019-03-06 07:55:18', 1, 1),
(930, 61, 2, 1, 1, 1, 1, '2019-04-23 08:46:48', '2019-04-23 08:46:48', 1, 1),
(931, 61, 3, 1, 1, 1, 1, '2019-04-23 08:46:48', '2019-04-23 08:46:48', 1, 1),
(932, 61, 7, 1, 1, 1, 1, '2019-04-23 08:46:48', '2019-04-23 08:46:48', 1, 1),
(933, 61, 8, 1, 1, 1, 1, '2019-04-23 08:46:48', '2019-04-23 08:46:48', 1, 1),
(934, 61, 9, 1, 1, 1, 1, '2019-04-23 08:46:48', '2019-04-23 08:46:48', 1, 1),
(935, 61, 10, 1, 1, 1, 1, '2019-04-23 08:46:48', '2019-04-23 08:46:48', 1, 1),
(936, 61, 11, 1, 1, 1, 1, '2019-04-23 08:46:48', '2019-04-23 08:46:48', 1, 1),
(937, 61, 12, 1, 1, 1, 1, '2019-04-23 08:46:48', '2019-04-23 08:46:48', 1, 1),
(938, 61, 13, 1, 1, 1, 1, '2019-04-23 08:46:48', '2019-04-23 08:46:48', 1, 1),
(939, 61, 14, 1, 1, 1, 1, '2019-04-23 08:46:48', '2019-04-23 08:46:48', 1, 1),
(940, 61, 15, 1, 1, 1, 1, '2019-04-23 08:46:48', '2019-04-23 08:46:48', 1, 1),
(941, 61, 16, 1, 1, 1, 1, '2019-04-23 08:46:48', '2019-04-23 08:46:48', 1, 1),
(942, 61, 17, 1, 1, 1, 1, '2019-04-23 08:46:48', '2019-04-23 08:46:48', 1, 1),
(943, 61, 18, 1, 1, 1, 1, '2019-04-23 08:46:48', '2019-04-23 08:46:48', 1, 1),
(944, 61, 19, 1, 1, 1, 1, '2019-04-23 08:46:48', '2019-04-23 08:46:48', 1, 1),
(945, 61, 20, 1, 1, 1, 1, '2019-04-23 08:46:48', '2019-04-23 08:46:48', 1, 1),
(946, 61, 21, 1, 1, 1, 1, '2019-04-23 08:46:48', '2019-04-23 08:46:48', 1, 1),
(947, 61, 22, 1, 1, 1, 1, '2019-04-23 08:46:48', '2019-04-23 08:46:48', 1, 1),
(948, 61, 23, 1, 1, 1, 1, '2019-04-23 08:46:48', '2019-04-23 08:46:48', 1, 1),
(949, 61, 24, 1, 1, 1, 1, '2019-04-23 08:46:48', '2019-04-23 08:46:48', 1, 1),
(951, 62, 2, 1, 1, 1, 1, '2019-04-24 12:50:53', '2019-04-24 12:50:53', 1, 1),
(952, 62, 3, 1, 1, 1, 1, '2019-04-24 12:50:53', '2019-04-24 12:50:53', 1, 1),
(953, 62, 7, 1, 1, 1, 1, '2019-04-24 12:50:53', '2019-04-24 12:50:53', 1, 1),
(954, 62, 8, 1, 1, 1, 1, '2019-04-24 12:50:53', '2019-04-24 12:50:53', 1, 1),
(955, 62, 9, 1, 1, 1, 1, '2019-04-24 12:50:53', '2019-04-24 12:50:53', 1, 1),
(956, 62, 10, 1, 1, 1, 1, '2019-04-24 12:50:53', '2019-04-24 12:50:53', 1, 1),
(957, 62, 11, 1, 1, 1, 1, '2019-04-24 12:50:53', '2019-04-24 12:50:53', 1, 1),
(958, 62, 12, 1, 1, 1, 1, '2019-04-24 12:50:53', '2019-04-24 12:50:53', 1, 1),
(959, 62, 13, 1, 1, 1, 1, '2019-04-24 12:50:53', '2019-04-24 12:50:53', 1, 1),
(960, 62, 14, 1, 1, 1, 1, '2019-04-24 12:50:53', '2019-04-24 12:50:53', 1, 1),
(961, 62, 15, 1, 1, 1, 1, '2019-04-24 12:50:53', '2019-04-24 12:50:53', 1, 1),
(962, 62, 16, 1, 1, 1, 1, '2019-04-24 12:50:53', '2019-04-24 12:50:53', 1, 1),
(963, 62, 17, 1, 1, 1, 1, '2019-04-24 12:50:53', '2019-04-24 12:50:53', 1, 1),
(964, 62, 18, 1, 1, 1, 1, '2019-04-24 12:50:53', '2019-04-24 12:50:53', 1, 1),
(965, 62, 19, 1, 1, 1, 1, '2019-04-24 12:50:53', '2019-04-24 12:50:53', 1, 1),
(966, 62, 20, 1, 1, 1, 1, '2019-04-24 12:50:53', '2019-04-24 12:50:53', 1, 1),
(967, 62, 21, 1, 1, 1, 1, '2019-04-24 12:50:53', '2019-04-24 12:50:53', 1, 1),
(968, 62, 22, 1, 1, 1, 1, '2019-04-24 12:50:53', '2019-04-24 12:50:53', 1, 1),
(969, 62, 23, 1, 1, 1, 1, '2019-04-24 12:50:53', '2019-04-24 12:50:53', 1, 1),
(970, 62, 24, 1, 1, 1, 1, '2019-04-24 12:50:53', '2019-04-24 12:50:53', 1, 1),
(971, 62, 25, 1, 1, 1, 1, '2019-04-24 12:50:53', '2019-04-24 12:50:53', 1, 1),
(972, 62, 26, 1, 1, 1, 1, '2019-04-24 12:50:53', '2019-04-24 12:50:53', 1, 1),
(973, 62, 27, 1, 1, 1, 1, '2019-04-24 12:50:53', '2019-04-24 12:50:53', 1, 1),
(974, 62, 28, 1, 1, 1, 1, '2019-04-24 12:50:53', '2019-04-24 12:50:53', 1, 1),
(975, 62, 29, 1, 1, 1, 1, '2019-04-24 12:50:53', '2019-04-24 12:50:53', 1, 1),
(976, 62, 30, 1, 1, 1, 1, '2019-04-24 12:50:53', '2019-04-24 12:50:53', 1, 1),
(978, 63, 2, 1, 1, 1, 1, '2019-04-30 10:17:16', '2019-04-30 10:17:16', 1, 1),
(979, 63, 3, 1, 1, 1, 1, '2019-04-30 10:17:16', '2019-04-30 10:17:16', 1, 1),
(980, 63, 7, 1, 1, 1, 1, '2019-04-30 10:17:16', '2019-04-30 10:17:16', 1, 1),
(981, 63, 8, 1, 1, 1, 1, '2019-04-30 10:17:16', '2019-04-30 10:17:16', 1, 1),
(982, 63, 9, 1, 1, 1, 1, '2019-04-30 10:17:16', '2019-04-30 10:17:16', 1, 1),
(983, 63, 10, 1, 1, 1, 1, '2019-04-30 10:17:16', '2019-04-30 10:17:16', 1, 1),
(984, 63, 11, 1, 1, 1, 1, '2019-04-30 10:17:16', '2019-04-30 10:17:16', 1, 1),
(985, 63, 12, 1, 1, 1, 1, '2019-04-30 10:17:16', '2019-04-30 10:17:16', 1, 1),
(986, 63, 13, 1, 1, 1, 1, '2019-04-30 10:17:16', '2019-04-30 10:17:16', 1, 1),
(987, 63, 14, 1, 1, 1, 1, '2019-04-30 10:17:16', '2019-04-30 10:17:16', 1, 1),
(988, 63, 15, 1, 1, 1, 1, '2019-04-30 10:17:16', '2019-04-30 10:17:16', 1, 1),
(989, 63, 16, 1, 1, 1, 1, '2019-04-30 10:17:16', '2019-04-30 10:17:16', 1, 1),
(990, 63, 17, 1, 1, 1, 1, '2019-04-30 10:17:16', '2019-04-30 10:17:16', 1, 1),
(991, 63, 18, 1, 1, 1, 1, '2019-04-30 10:17:16', '2019-04-30 10:17:16', 1, 1),
(992, 63, 19, 1, 1, 1, 1, '2019-04-30 10:17:16', '2019-04-30 10:17:16', 1, 1),
(993, 63, 20, 1, 1, 1, 1, '2019-04-30 10:17:16', '2019-04-30 10:17:16', 1, 1),
(994, 63, 21, 1, 1, 1, 1, '2019-04-30 10:17:16', '2019-04-30 10:17:16', 1, 1),
(995, 63, 22, 1, 1, 1, 1, '2019-04-30 10:17:16', '2019-04-30 10:17:16', 1, 1),
(996, 63, 23, 1, 1, 1, 1, '2019-04-30 10:17:16', '2019-04-30 10:17:16', 1, 1),
(997, 63, 24, 1, 1, 1, 1, '2019-04-30 10:17:16', '2019-04-30 10:17:16', 1, 1),
(998, 63, 25, 1, 1, 1, 1, '2019-04-30 10:17:16', '2019-04-30 10:17:16', 1, 1),
(999, 63, 26, 1, 1, 1, 1, '2019-04-30 10:17:16', '2019-04-30 10:17:16', 1, 1),
(1000, 63, 27, 1, 1, 1, 1, '2019-04-30 10:17:16', '2019-04-30 10:17:16', 1, 1),
(1001, 63, 28, 1, 1, 1, 1, '2019-04-30 10:17:16', '2019-04-30 10:17:16', 1, 1),
(1002, 63, 29, 1, 1, 1, 1, '2019-04-30 10:17:16', '2019-04-30 10:17:16', 1, 1),
(1003, 63, 30, 1, 1, 1, 1, '2019-04-30 10:17:16', '2019-04-30 10:17:16', 1, 1),
(1004, 63, 31, 1, 1, 1, 1, '2019-04-30 10:17:16', '2019-04-30 10:17:16', 1, 1),
(1005, 63, 32, 1, 1, 1, 1, '2019-04-30 10:17:16', '2019-04-30 10:17:16', 1, 1),
(1006, 63, 33, 1, 1, 1, 1, '2019-04-30 10:17:16', '2019-04-30 10:17:16', 1, 1),
(1007, 63, 34, 1, 1, 1, 1, '2019-04-30 10:17:16', '2019-04-30 10:17:16', 1, 1),
(1008, 63, 35, 1, 1, 1, 1, '2019-04-30 10:17:16', '2019-04-30 10:17:16', 1, 1),
(1009, 63, 36, 1, 1, 1, 1, '2019-04-30 10:17:16', '2019-04-30 10:17:16', 1, 1),
(1010, 63, 37, 1, 1, 1, 1, '2019-04-30 10:17:16', '2019-04-30 10:17:16', 1, 1),
(1011, 63, 38, 1, 1, 1, 1, '2019-04-30 10:17:16', '2019-04-30 10:17:16', 1, 1),
(1012, 63, 39, 1, 1, 1, 1, '2019-04-30 10:17:16', '2019-04-30 10:17:16', 1, 1),
(1013, 63, 40, 1, 1, 1, 1, '2019-04-30 10:17:16', '2019-04-30 10:17:16', 1, 1),
(1014, 63, 41, 1, 1, 1, 1, '2019-04-30 10:17:16', '2019-04-30 10:17:16', 1, 1),
(1015, 63, 42, 1, 1, 1, 1, '2019-04-30 10:17:16', '2019-04-30 10:17:16', 1, 1),
(1016, 63, 43, 1, 1, 1, 1, '2019-04-30 10:17:16', '2019-04-30 10:17:16', 1, 1),
(1017, 63, 44, 1, 1, 1, 1, '2019-04-30 10:17:16', '2019-04-30 10:17:16', 1, 1),
(1018, 63, 45, 1, 1, 1, 1, '2019-04-30 10:17:16', '2019-04-30 10:17:16', 1, 1),
(1020, 64, 20, 1, 1, 1, 1, '2019-05-31 07:51:59', '2019-05-31 07:51:59', 1, 1),
(1021, 64, 21, 1, 1, 1, 1, '2019-05-31 07:51:59', '2019-05-31 07:51:59', 1, 1),
(1022, 64, 22, 1, 1, 1, 1, '2019-05-31 07:51:59', '2019-05-31 07:51:59', 1, 1),
(1023, 64, 23, 1, 1, 1, 1, '2019-05-31 07:51:59', '2019-05-31 07:51:59', 1, 1),
(1024, 64, 24, 1, 1, 1, 1, '2019-05-31 07:51:59', '2019-05-31 07:51:59', 1, 1),
(1025, 64, 25, 1, 1, 1, 1, '2019-05-31 07:51:59', '2019-05-31 07:51:59', 1, 1),
(1026, 64, 28, 1, 1, 1, 1, '2019-05-31 07:51:59', '2019-05-31 07:51:59', 1, 1),
(1027, 64, 29, 1, 1, 1, 1, '2019-05-31 07:51:59', '2019-05-31 07:51:59', 1, 1),
(1029, 65, 20, 1, 1, 1, 1, '2019-06-13 07:06:47', '2019-06-13 07:06:47', 1, 1),
(1030, 65, 21, 1, 1, 1, 1, '2019-06-13 07:06:47', '2019-06-13 07:06:47', 1, 1),
(1031, 65, 22, 1, 1, 1, 1, '2019-06-13 07:06:47', '2019-06-13 07:06:47', 1, 1),
(1032, 65, 23, 1, 1, 1, 1, '2019-06-13 07:06:47', '2019-06-13 07:06:47', 1, 1),
(1033, 65, 24, 1, 1, 1, 1, '2019-06-13 07:06:47', '2019-06-13 07:06:47', 1, 1),
(1034, 65, 25, 1, 1, 1, 1, '2019-06-13 07:06:47', '2019-06-13 07:06:47', 1, 1),
(1035, 65, 28, 1, 1, 1, 1, '2019-06-13 07:06:47', '2019-06-13 07:06:47', 1, 1),
(1036, 65, 29, 1, 1, 1, 1, '2019-06-13 07:06:47', '2019-06-13 07:06:47', 1, 1),
(1037, 65, 30, 1, 1, 1, 1, '2019-06-13 07:06:47', '2019-06-13 07:06:47', 1, 1),
(1039, 67, 2, 1, 1, 1, 1, '2019-07-24 07:14:47', '2019-07-24 07:14:47', 1, 1),
(1040, 67, 3, 1, 1, 1, 1, '2019-07-24 07:14:47', '2019-07-24 07:14:47', 1, 1),
(1041, 67, 4, 1, 1, 1, 1, '2019-07-24 07:14:47', '2019-07-24 07:14:47', 1, 1),
(1042, 67, 5, 1, 1, 1, 1, '2019-07-24 07:14:47', '2019-07-24 07:14:47', 1, 1),
(1043, 67, 6, 1, 1, 1, 1, '2019-07-24 07:14:47', '2019-07-24 07:14:47', 1, 1),
(1044, 67, 7, 1, 1, 1, 1, '2019-07-24 07:14:47', '2019-07-24 07:14:47', 1, 1),
(1045, 67, 8, 1, 1, 1, 1, '2019-07-24 07:14:47', '2019-07-24 07:14:47', 1, 1),
(1046, 67, 9, 1, 1, 1, 1, '2019-07-24 07:14:47', '2019-07-24 07:14:47', 1, 1),
(1047, 67, 10, 1, 1, 1, 1, '2019-07-24 07:14:47', '2019-07-24 07:14:47', 1, 1),
(1048, 67, 11, 1, 1, 1, 1, '2019-07-24 07:14:47', '2019-07-24 07:14:47', 1, 1),
(1049, 67, 12, 1, 1, 1, 1, '2019-07-24 07:14:47', '2019-07-24 07:14:47', 1, 1),
(1050, 67, 13, 1, 1, 1, 1, '2019-07-24 07:14:47', '2019-07-24 07:14:47', 1, 1),
(1051, 67, 14, 1, 1, 1, 1, '2019-07-24 07:14:47', '2019-07-24 07:14:47', 1, 1),
(1052, 67, 15, 1, 1, 1, 1, '2019-07-24 07:14:47', '2019-07-24 07:14:47', 1, 1),
(1054, 68, 2, 1, 1, 1, 1, '2019-08-27 08:33:53', '2019-08-27 08:33:53', 1, 1),
(1055, 68, 3, 1, 1, 1, 1, '2019-08-27 08:33:53', '2019-08-27 08:33:53', 1, 1),
(1056, 68, 4, 1, 1, 1, 1, '2019-08-27 08:33:53', '2019-08-27 08:33:53', 1, 1),
(1057, 68, 5, 1, 1, 1, 1, '2019-08-27 08:33:53', '2019-08-27 08:33:53', 1, 1),
(1058, 68, 6, 1, 1, 1, 1, '2019-08-27 08:33:53', '2019-08-27 08:33:53', 1, 1),
(1059, 68, 7, 1, 1, 1, 1, '2019-08-27 08:33:53', '2019-08-27 08:33:53', 1, 1),
(1060, 68, 8, 1, 1, 1, 1, '2019-08-27 08:33:53', '2019-08-27 08:33:53', 1, 1),
(1061, 68, 9, 1, 1, 1, 1, '2019-08-27 08:33:53', '2019-08-27 08:33:53', 1, 1),
(1062, 1, 1, 1, 1, 0, 0, '2020-01-27 09:01:55', '2020-09-24 09:14:12', 1, 1),
(1063, 18, 1, 1, 1, 1, 1, '2020-01-27 09:01:55', '2020-01-27 09:01:55', 1, 1),
(1064, 22, 1, 1, 1, 1, 1, '2020-01-27 09:01:55', '2020-09-24 09:14:12', 1, 1),
(1065, 23, 1, 1, 1, 1, 1, '2020-01-27 09:01:55', '2020-09-24 09:14:12', 1, 1),
(1066, 32, 1, 1, 1, 1, 1, '2020-01-27 09:01:55', '2020-01-27 09:01:55', 1, 1),
(1067, 35, 1, 1, 1, 1, 1, '2020-01-27 09:01:55', '2020-01-27 09:01:55', 1, 1),
(1068, 36, 1, 1, 1, 1, 1, '2020-01-27 09:01:55', '2020-09-24 09:14:12', 1, 1),
(1069, 39, 1, 1, 1, 1, 1, '2020-01-27 09:01:55', '2020-09-24 09:14:12', 1, 1),
(1070, 40, 1, 1, 1, 1, 1, '2020-01-27 09:01:55', '2020-01-27 09:01:55', 1, 1),
(1071, 43, 1, 1, 1, 1, 1, '2020-01-27 09:01:55', '2020-09-24 09:14:12', 1, 1),
(1072, 44, 1, 1, 1, 1, 1, '2020-01-27 09:01:55', '2020-09-24 09:14:12', 1, 1),
(1073, 45, 1, 1, 1, 1, 1, '2020-01-27 09:01:55', '2020-09-24 09:14:12', 1, 1),
(1074, 46, 1, 1, 1, 1, 1, '2020-01-27 09:01:55', '2020-09-24 09:14:12', 1, 1),
(1075, 47, 1, 1, 1, 1, 1, '2020-01-27 09:01:55', '2020-09-24 09:14:12', 1, 1),
(1076, 48, 1, 1, 1, 1, 1, '2020-01-27 09:01:55', '2020-09-24 09:14:12', 1, 1),
(1077, 50, 1, 1, 1, 1, 1, '2020-01-27 09:01:55', '2020-09-24 09:14:12', 1, 1),
(1078, 51, 1, 1, 1, 1, 1, '2020-01-27 09:01:55', '2020-09-24 09:14:12', 1, 1),
(1079, 52, 1, 1, 1, 1, 1, '2020-01-27 09:01:55', '2020-09-24 09:14:12', 1, 1),
(1080, 53, 1, 0, 0, 0, 0, '2020-01-27 09:01:55', '2020-09-24 09:14:12', 1, 1),
(1081, 54, 1, 1, 1, 1, 1, '2020-01-27 09:01:55', '2020-09-24 09:14:12', 1, 1),
(1082, 55, 1, 1, 1, 1, 1, '2020-01-27 09:01:55', '2020-01-27 09:01:55', 1, 1),
(1083, 56, 1, 1, 1, 1, 1, '2020-01-27 09:01:55', '2020-01-27 09:01:55', 1, 1),
(1084, 57, 1, 1, 1, 1, 1, '2020-01-27 09:01:55', '2020-09-24 09:14:12', 1, 1),
(1085, 58, 1, 1, 1, 1, 1, '2020-01-27 09:01:55', '2020-09-24 09:14:12', 1, 1),
(1086, 59, 1, 1, 1, 1, 1, '2020-01-27 09:01:55', '2020-01-27 09:01:55', 1, 1),
(1087, 60, 1, 1, 1, 1, 1, '2020-01-27 09:01:55', '2020-09-24 09:14:12', 1, 1),
(1088, 61, 1, 1, 1, 1, 1, '2020-01-27 09:01:55', '2020-09-24 09:14:12', 1, 1),
(1089, 62, 1, 1, 1, 1, 1, '2020-01-27 09:01:55', '2020-09-24 09:14:12', 1, 1),
(1090, 63, 1, 1, 1, 1, 1, '2020-01-27 09:01:55', '2020-09-24 09:14:12', 1, 1),
(1091, 64, 1, 1, 1, 1, 1, '2020-01-27 09:01:55', '2020-09-24 09:14:12', 1, 1),
(1092, 65, 1, 1, 1, 1, 1, '2020-01-27 09:01:55', '2020-09-24 09:14:12', 1, 1),
(1093, 67, 1, 0, 0, 0, 0, '2020-01-27 09:01:55', '2020-09-24 09:14:12', 1, 1),
(1094, 68, 1, 0, 0, 0, 0, '2020-01-27 09:01:55', '2020-09-24 09:14:12', 1, 1),
(1128, 1, 144, 0, 0, 0, 0, '2020-01-30 18:09:26', '2020-02-06 05:52:21', 1, 1),
(1129, 18, 144, 0, 0, 0, 0, '2020-01-30 18:09:26', '2020-01-31 16:56:04', 1, 1),
(1130, 22, 144, 0, 0, 0, 0, '2020-01-30 18:09:26', '2020-02-06 05:52:21', 1, 1),
(1131, 23, 144, 0, 0, 0, 0, '2020-01-30 18:09:26', '2020-02-06 05:52:21', 1, 1),
(1132, 32, 144, 1, 1, 1, 1, '2020-01-30 18:09:26', '2020-01-30 18:09:26', 1, 1),
(1133, 35, 144, 1, 1, 1, 1, '2020-01-30 18:09:26', '2020-01-30 18:09:26', 1, 1),
(1134, 36, 144, 0, 0, 0, 0, '2020-01-30 18:09:26', '2020-02-06 05:52:21', 1, 1),
(1135, 39, 144, 0, 0, 0, 0, '2020-01-30 18:09:26', '2020-02-06 05:52:21', 1, 1),
(1136, 40, 144, 1, 1, 1, 1, '2020-01-30 18:09:26', '2020-01-30 18:09:26', 1, 1),
(1137, 43, 144, 1, 1, 1, 1, '2020-01-30 18:09:26', '2020-02-06 05:52:21', 1, 1),
(1138, 44, 144, 0, 0, 0, 0, '2020-01-30 18:09:26', '2020-02-06 05:52:21', 1, 1),
(1139, 45, 144, 0, 0, 0, 0, '2020-01-30 18:09:26', '2020-02-06 05:52:21', 1, 1),
(1140, 46, 144, 0, 0, 0, 0, '2020-01-30 18:09:26', '2020-02-06 05:52:21', 1, 1),
(1141, 47, 144, 0, 0, 0, 0, '2020-01-30 18:09:26', '2020-02-06 05:52:21', 1, 1),
(1142, 48, 144, 0, 0, 0, 0, '2020-01-30 18:09:26', '2020-02-06 05:52:21', 1, 1),
(1143, 50, 144, 0, 0, 0, 0, '2020-01-30 18:09:26', '2020-02-06 05:52:21', 1, 1),
(1144, 51, 144, 0, 0, 0, 0, '2020-01-30 18:09:26', '2020-02-06 05:52:21', 1, 1),
(1145, 52, 144, 0, 0, 0, 0, '2020-01-30 18:09:26', '2020-02-06 05:52:21', 1, 1),
(1146, 53, 144, 0, 0, 0, 0, '2020-01-30 18:09:26', '2020-02-06 05:52:21', 1, 1),
(1147, 54, 144, 0, 0, 0, 0, '2020-01-30 18:09:26', '2020-02-06 05:52:21', 1, 1),
(1148, 55, 144, 1, 1, 1, 1, '2020-01-30 18:09:26', '2020-01-30 18:09:26', 1, 1),
(1149, 56, 144, 1, 1, 1, 1, '2020-01-30 18:09:26', '2020-01-30 18:09:26', 1, 1),
(1150, 57, 144, 0, 0, 0, 0, '2020-01-30 18:09:26', '2020-02-06 05:52:21', 1, 1),
(1151, 58, 144, 0, 0, 0, 0, '2020-01-30 18:09:26', '2020-02-06 05:52:21', 1, 1),
(1152, 59, 144, 1, 1, 1, 1, '2020-01-30 18:09:26', '2020-01-30 18:09:26', 1, 1),
(1153, 60, 144, 0, 0, 0, 0, '2020-01-30 18:09:26', '2020-02-06 05:52:21', 1, 1),
(1154, 61, 144, 0, 0, 0, 0, '2020-01-30 18:09:26', '2020-02-06 05:52:21', 1, 1),
(1155, 62, 144, 0, 0, 0, 0, '2020-01-30 18:09:26', '2020-02-06 05:52:21', 1, 1),
(1156, 63, 144, 0, 0, 0, 0, '2020-01-30 18:09:26', '2020-02-06 05:52:21', 1, 1),
(1157, 64, 144, 0, 0, 0, 0, '2020-01-30 18:09:26', '2020-02-06 05:52:21', 1, 1),
(1158, 65, 144, 0, 0, 0, 0, '2020-01-30 18:09:26', '2020-02-06 05:52:21', 1, 1),
(1159, 67, 144, 0, 0, 0, 0, '2020-01-30 18:09:26', '2020-02-06 05:52:21', 1, 1),
(1160, 68, 144, 0, 0, 0, 0, '2020-01-30 18:09:26', '2020-02-06 05:52:21', 1, 1),
(1161, 1, 145, 1, 1, 1, 1, '2020-01-31 04:50:50', '2020-01-31 04:50:50', 1, 1),
(1162, 18, 145, 1, 1, 1, 1, '2020-01-31 04:50:50', '2020-01-31 04:50:50', 1, 1),
(1163, 22, 145, 1, 1, 1, 1, '2020-01-31 04:50:50', '2020-01-31 04:50:50', 1, 1),
(1164, 23, 145, 1, 1, 1, 1, '2020-01-31 04:50:50', '2020-01-31 04:50:50', 1, 1),
(1165, 32, 145, 1, 1, 1, 1, '2020-01-31 04:50:50', '2020-01-31 04:50:50', 1, 1),
(1166, 35, 145, 1, 1, 1, 1, '2020-01-31 04:50:50', '2020-01-31 04:50:50', 1, 1),
(1167, 36, 145, 1, 1, 1, 1, '2020-01-31 04:50:50', '2020-01-31 04:50:50', 1, 1),
(1168, 39, 145, 1, 1, 1, 1, '2020-01-31 04:50:50', '2020-01-31 04:50:50', 1, 1),
(1169, 40, 145, 1, 1, 1, 1, '2020-01-31 04:50:50', '2020-01-31 04:50:50', 1, 1),
(1170, 43, 145, 1, 1, 1, 1, '2020-01-31 04:50:50', '2020-01-31 04:50:50', 1, 1),
(1171, 44, 145, 1, 1, 1, 1, '2020-01-31 04:50:50', '2020-01-31 04:50:50', 1, 1),
(1172, 45, 145, 1, 1, 1, 1, '2020-01-31 04:50:50', '2020-01-31 04:50:50', 1, 1),
(1173, 46, 145, 1, 1, 1, 1, '2020-01-31 04:50:50', '2020-01-31 04:50:50', 1, 1),
(1174, 47, 145, 1, 1, 1, 1, '2020-01-31 04:50:50', '2020-01-31 04:50:50', 1, 1),
(1175, 48, 145, 1, 1, 1, 1, '2020-01-31 04:50:50', '2020-01-31 04:50:50', 1, 1),
(1176, 50, 145, 1, 1, 1, 1, '2020-01-31 04:50:50', '2020-01-31 04:50:50', 1, 1),
(1177, 51, 145, 1, 1, 1, 1, '2020-01-31 04:50:50', '2020-01-31 04:50:50', 1, 1),
(1178, 52, 145, 1, 1, 1, 1, '2020-01-31 04:50:50', '2020-01-31 04:50:50', 1, 1),
(1179, 53, 145, 1, 1, 1, 1, '2020-01-31 04:50:50', '2020-01-31 04:50:50', 1, 1),
(1180, 54, 145, 1, 1, 1, 1, '2020-01-31 04:50:50', '2020-01-31 04:50:50', 1, 1),
(1181, 55, 145, 1, 1, 1, 1, '2020-01-31 04:50:50', '2020-01-31 04:50:50', 1, 1),
(1182, 56, 145, 1, 1, 1, 1, '2020-01-31 04:50:50', '2020-01-31 04:50:50', 1, 1),
(1183, 57, 145, 1, 1, 1, 1, '2020-01-31 04:50:50', '2020-01-31 04:50:50', 1, 1),
(1184, 58, 145, 1, 1, 1, 1, '2020-01-31 04:50:50', '2020-01-31 04:50:50', 1, 1),
(1185, 59, 145, 1, 1, 1, 1, '2020-01-31 04:50:50', '2020-01-31 04:50:50', 1, 1),
(1186, 60, 145, 1, 1, 1, 1, '2020-01-31 04:50:50', '2020-01-31 04:50:50', 1, 1),
(1187, 61, 145, 1, 1, 1, 1, '2020-01-31 04:50:50', '2020-01-31 04:50:50', 1, 1),
(1188, 62, 145, 1, 1, 1, 1, '2020-01-31 04:50:50', '2020-01-31 04:50:50', 1, 1),
(1189, 63, 145, 1, 1, 1, 1, '2020-01-31 04:50:50', '2020-01-31 04:50:50', 1, 1),
(1190, 64, 145, 1, 1, 1, 1, '2020-01-31 04:50:50', '2020-01-31 04:50:50', 1, 1),
(1191, 65, 145, 1, 1, 1, 1, '2020-01-31 04:50:50', '2020-01-31 04:50:50', 1, 1),
(1192, 67, 145, 1, 1, 1, 1, '2020-01-31 04:50:50', '2020-01-31 04:50:50', 1, 1),
(1193, 68, 145, 1, 1, 1, 1, '2020-01-31 04:50:50', '2020-01-31 04:50:50', 1, 1),
(1194, 69, 1, 1, 1, 1, 1, '2020-02-06 05:48:24', '2020-09-24 09:14:12', 1, 1),
(1195, 69, 101, 1, 1, 1, 1, '2020-02-06 05:48:24', '2020-02-06 05:48:24', 1, 1),
(1196, 69, 102, 1, 1, 1, 1, '2020-02-06 05:48:24', '2020-02-06 05:48:24', 1, 1),
(1197, 69, 103, 1, 1, 1, 1, '2020-02-06 05:48:24', '2020-02-06 05:48:24', 1, 1),
(1198, 69, 104, 1, 1, 1, 1, '2020-02-06 05:48:24', '2020-02-06 05:48:24', 1, 1),
(1199, 69, 105, 1, 1, 1, 1, '2020-02-06 05:48:24', '2020-02-06 05:48:24', 1, 1),
(1200, 69, 106, 1, 1, 1, 1, '2020-02-06 05:48:24', '2020-02-06 05:48:24', 1, 1),
(1201, 69, 107, 1, 1, 1, 1, '2020-02-06 05:48:24', '2020-02-06 05:48:24', 1, 1),
(1202, 69, 108, 1, 1, 1, 1, '2020-02-06 05:48:24', '2020-02-06 05:48:24', 1, 1),
(1203, 69, 109, 1, 1, 1, 1, '2020-02-06 05:48:24', '2020-02-06 05:48:24', 1, 1),
(1204, 69, 110, 1, 1, 1, 1, '2020-02-06 05:48:24', '2020-02-06 05:48:24', 1, 1),
(1205, 69, 111, 1, 1, 1, 1, '2020-02-06 05:48:24', '2020-02-06 05:48:24', 1, 1),
(1206, 69, 113, 1, 1, 1, 1, '2020-02-06 05:48:24', '2020-02-06 05:48:24', 1, 1),
(1207, 69, 114, 1, 1, 1, 1, '2020-02-06 05:48:24', '2020-02-06 05:48:24', 1, 1),
(1208, 69, 115, 1, 1, 1, 1, '2020-02-06 05:48:24', '2020-02-06 05:48:24', 1, 1),
(1209, 69, 116, 1, 1, 1, 1, '2020-02-06 05:48:24', '2020-02-06 05:48:24', 1, 1),
(1210, 69, 117, 1, 1, 1, 1, '2020-02-06 05:48:24', '2020-02-06 05:48:24', 1, 1),
(1211, 69, 118, 1, 1, 1, 1, '2020-02-06 05:48:24', '2020-02-06 05:48:24', 1, 1),
(1212, 69, 119, 1, 1, 1, 1, '2020-02-06 05:48:24', '2020-02-06 05:48:24', 1, 1),
(1213, 69, 120, 1, 1, 1, 1, '2020-02-06 05:48:24', '2020-02-06 05:48:24', 1, 1),
(1214, 69, 121, 1, 1, 1, 1, '2020-02-06 05:48:24', '2020-02-06 05:48:24', 1, 1),
(1215, 69, 122, 1, 1, 1, 1, '2020-02-06 05:48:24', '2020-02-06 05:48:24', 1, 1),
(1216, 69, 123, 1, 1, 1, 1, '2020-02-06 05:48:24', '2020-02-06 05:48:24', 1, 1),
(1217, 69, 124, 1, 1, 1, 1, '2020-02-06 05:48:24', '2020-02-06 05:48:24', 1, 1),
(1218, 69, 125, 1, 1, 1, 1, '2020-02-06 05:48:24', '2020-02-06 05:48:24', 1, 1),
(1219, 69, 126, 1, 1, 1, 1, '2020-02-06 05:48:24', '2020-02-06 05:48:24', 1, 1),
(1220, 69, 127, 1, 1, 1, 1, '2020-02-06 05:48:24', '2020-02-06 05:48:24', 1, 1),
(1221, 69, 128, 1, 1, 1, 1, '2020-02-06 05:48:24', '2020-02-06 05:48:24', 1, 1),
(1222, 69, 129, 1, 1, 1, 1, '2020-02-06 05:48:24', '2020-02-06 05:48:24', 1, 1),
(1223, 69, 130, 1, 1, 1, 1, '2020-02-06 05:48:24', '2020-02-06 05:48:24', 1, 1),
(1224, 69, 131, 1, 1, 1, 1, '2020-02-06 05:48:24', '2020-02-06 05:48:24', 1, 1),
(1225, 69, 132, 1, 1, 1, 1, '2020-02-06 05:48:24', '2020-02-06 05:48:24', 1, 1),
(1226, 69, 133, 1, 1, 1, 1, '2020-02-06 05:48:24', '2020-02-06 05:48:24', 1, 1),
(1227, 69, 134, 1, 1, 1, 1, '2020-02-06 05:48:24', '2020-02-06 05:48:24', 1, 1),
(1228, 69, 135, 1, 1, 1, 1, '2020-02-06 05:48:24', '2020-02-06 05:48:24', 1, 1),
(1229, 69, 136, 1, 1, 1, 1, '2020-02-06 05:48:24', '2020-02-06 05:48:24', 1, 1),
(1230, 69, 137, 1, 1, 1, 1, '2020-02-06 05:48:24', '2020-02-06 05:48:24', 1, 1),
(1231, 69, 138, 1, 1, 1, 1, '2020-02-06 05:48:24', '2020-02-06 05:48:24', 1, 1),
(1232, 69, 139, 1, 1, 1, 1, '2020-02-06 05:48:24', '2020-02-06 05:48:24', 1, 1),
(1233, 69, 140, 1, 1, 1, 1, '2020-02-06 05:48:24', '2020-02-06 05:48:24', 1, 1),
(1234, 69, 141, 1, 1, 1, 1, '2020-02-06 05:48:24', '2020-02-06 05:48:24', 1, 1),
(1235, 69, 144, 0, 0, 0, 0, '2020-02-06 05:48:24', '2020-02-06 05:52:21', 1, 1),
(1236, 70, 1, 1, 1, 1, 1, '2020-08-27 05:28:43', '2020-09-24 09:14:12', 1, 1),
(1237, 70, 101, 1, 1, 1, 1, '2020-08-27 05:28:43', '2020-08-27 05:28:43', 1, 1),
(1238, 70, 102, 1, 1, 1, 1, '2020-08-27 05:28:43', '2020-08-27 05:28:43', 1, 1),
(1239, 70, 103, 1, 1, 1, 1, '2020-08-27 05:28:43', '2020-08-27 05:28:43', 1, 1),
(1240, 70, 104, 1, 1, 1, 1, '2020-08-27 05:28:43', '2020-08-27 05:28:43', 1, 1),
(1241, 70, 105, 1, 1, 1, 1, '2020-08-27 05:28:43', '2020-08-27 05:28:43', 1, 1),
(1242, 70, 106, 1, 1, 1, 1, '2020-08-27 05:28:43', '2020-08-27 05:28:43', 1, 1),
(1243, 70, 107, 1, 1, 1, 1, '2020-08-27 05:28:43', '2020-08-27 05:28:43', 1, 1),
(1244, 70, 108, 1, 1, 1, 1, '2020-08-27 05:28:43', '2020-08-27 05:28:43', 1, 1),
(1245, 70, 109, 1, 1, 1, 1, '2020-08-27 05:28:43', '2020-08-27 05:28:43', 1, 1),
(1246, 70, 110, 1, 1, 1, 1, '2020-08-27 05:28:43', '2020-08-27 05:28:43', 1, 1),
(1247, 70, 111, 1, 1, 1, 1, '2020-08-27 05:28:43', '2020-08-27 05:28:43', 1, 1),
(1248, 70, 113, 1, 1, 1, 1, '2020-08-27 05:28:43', '2020-08-27 05:28:43', 1, 1),
(1249, 70, 114, 1, 1, 1, 1, '2020-08-27 05:28:43', '2020-08-27 05:28:43', 1, 1),
(1250, 70, 115, 1, 1, 1, 1, '2020-08-27 05:28:43', '2020-08-27 05:28:43', 1, 1),
(1251, 70, 116, 1, 1, 1, 1, '2020-08-27 05:28:43', '2020-08-27 05:28:43', 1, 1),
(1252, 70, 117, 1, 1, 1, 1, '2020-08-27 05:28:43', '2020-08-27 05:28:43', 1, 1),
(1253, 70, 118, 1, 1, 1, 1, '2020-08-27 05:28:43', '2020-08-27 05:28:43', 1, 1),
(1254, 70, 119, 1, 1, 1, 1, '2020-08-27 05:28:43', '2020-08-27 05:28:43', 1, 1),
(1255, 70, 120, 1, 1, 1, 1, '2020-08-27 05:28:43', '2020-08-27 05:28:43', 1, 1),
(1256, 70, 121, 1, 1, 1, 1, '2020-08-27 05:28:43', '2020-08-27 05:28:43', 1, 1),
(1257, 70, 122, 1, 1, 1, 1, '2020-08-27 05:28:43', '2020-08-27 05:28:43', 1, 1),
(1258, 70, 123, 1, 1, 1, 1, '2020-08-27 05:28:43', '2020-08-27 05:28:43', 1, 1),
(1259, 70, 124, 1, 1, 1, 1, '2020-08-27 05:28:43', '2020-08-27 05:28:43', 1, 1),
(1260, 70, 125, 1, 1, 1, 1, '2020-08-27 05:28:43', '2020-08-27 05:28:43', 1, 1),
(1261, 70, 126, 1, 1, 1, 1, '2020-08-27 05:28:43', '2020-08-27 05:28:43', 1, 1),
(1262, 70, 127, 1, 1, 1, 1, '2020-08-27 05:28:43', '2020-08-27 05:28:43', 1, 1),
(1263, 70, 128, 1, 1, 1, 1, '2020-08-27 05:28:43', '2020-08-27 05:28:43', 1, 1),
(1264, 70, 129, 1, 1, 1, 1, '2020-08-27 05:28:43', '2020-08-27 05:28:43', 1, 1),
(1265, 70, 130, 1, 1, 1, 1, '2020-08-27 05:28:43', '2020-08-27 05:28:43', 1, 1),
(1266, 70, 131, 1, 1, 1, 1, '2020-08-27 05:28:43', '2020-08-27 05:28:43', 1, 1),
(1267, 70, 132, 1, 1, 1, 1, '2020-08-27 05:28:43', '2020-08-27 05:28:43', 1, 1),
(1268, 70, 133, 1, 1, 1, 1, '2020-08-27 05:28:43', '2020-08-27 05:28:43', 1, 1),
(1269, 70, 134, 1, 1, 1, 1, '2020-08-27 05:28:43', '2020-08-27 05:28:43', 1, 1),
(1270, 70, 135, 1, 1, 1, 1, '2020-08-27 05:28:43', '2020-08-27 05:28:43', 1, 1),
(1271, 70, 136, 1, 1, 1, 1, '2020-08-27 05:28:43', '2020-08-27 05:28:43', 1, 1),
(1272, 70, 137, 1, 1, 1, 1, '2020-08-27 05:28:43', '2020-08-27 05:28:43', 1, 1),
(1273, 70, 138, 1, 1, 1, 1, '2020-08-27 05:28:43', '2020-08-27 05:28:43', 1, 1),
(1274, 70, 139, 1, 1, 1, 1, '2020-08-27 05:28:43', '2020-08-27 05:28:43', 1, 1),
(1275, 70, 140, 1, 1, 1, 1, '2020-08-27 05:28:43', '2020-08-27 05:28:43', 1, 1),
(1276, 70, 141, 1, 1, 1, 1, '2020-08-27 05:28:43', '2020-08-27 05:28:43', 1, 1),
(1277, 70, 144, 1, 1, 1, 1, '2020-08-27 05:28:43', '2020-08-27 05:28:43', 1, 1),
(1278, 70, 146, 1, 1, 1, 1, '2020-08-27 05:28:43', '2020-08-27 05:28:43', 1, 1),
(1279, 70, 147, 1, 1, 1, 1, '2020-08-27 05:28:43', '2020-08-27 05:28:43', 1, 1),
(1280, 70, 148, 1, 1, 1, 1, '2020-08-27 05:28:43', '2020-08-27 05:28:43', 1, 1),
(1281, 70, 149, 1, 1, 1, 1, '2020-08-27 05:28:43', '2020-08-27 05:28:43', 1, 1),
(1282, 70, 150, 1, 1, 1, 1, '2020-08-27 05:28:43', '2020-08-27 05:28:43', 1, 1),
(1283, 70, 151, 1, 1, 1, 1, '2020-08-27 05:28:43', '2020-08-27 05:28:43', 1, 1),
(1284, 70, 152, 1, 1, 1, 1, '2020-08-27 05:28:43', '2020-08-27 05:28:43', 1, 1),
(1285, 70, 157, 1, 1, 1, 1, '2020-08-27 05:28:43', '2020-08-27 05:28:43', 1, 1),
(1286, 70, 158, 1, 1, 1, 1, '2020-08-27 05:28:43', '2020-08-27 05:28:43', 1, 1),
(1287, 70, 159, 1, 1, 1, 1, '2020-08-27 05:28:43', '2020-08-27 05:28:43', 1, 1),
(1288, 70, 160, 1, 1, 1, 1, '2020-08-27 05:28:43', '2020-08-27 05:28:43', 1, 1),
(1289, 70, 166, 1, 1, 1, 1, '2020-08-27 05:28:43', '2020-08-27 05:28:43', 1, 1),
(1290, 70, 167, 1, 1, 1, 1, '2020-08-27 05:28:43', '2020-08-27 05:28:43', 1, 1),
(1291, 70, 168, 1, 1, 1, 1, '2020-08-27 05:28:43', '2020-08-27 05:28:43', 1, 1),
(1292, 70, 180, 1, 1, 1, 1, '2020-08-27 05:28:43', '2020-08-27 05:28:43', 1, 1),
(1293, 70, 198, 1, 1, 1, 1, '2020-08-27 05:28:43', '2020-08-27 05:28:43', 1, 1),
(1294, 70, 199, 1, 1, 1, 1, '2020-08-27 05:28:43', '2020-08-27 05:28:43', 1, 1),
(1295, 70, 200, 1, 1, 1, 1, '2020-08-27 05:28:43', '2020-08-27 05:28:43', 1, 1),
(1296, 70, 201, 1, 1, 1, 1, '2020-08-27 05:28:43', '2020-08-27 05:28:43', 1, 1),
(1297, 70, 202, 1, 1, 1, 1, '2020-08-27 05:28:43', '2020-08-27 05:28:43', 1, 1),
(1298, 70, 203, 1, 1, 1, 1, '2020-08-27 05:28:43', '2020-08-27 05:28:43', 1, 1),
(1299, 70, 204, 1, 1, 1, 1, '2020-08-27 05:28:43', '2020-08-27 05:28:43', 1, 1),
(1300, 70, 205, 1, 1, 1, 1, '2020-08-27 05:28:43', '2020-08-27 05:28:43', 1, 1),
(1301, 70, 206, 1, 1, 1, 1, '2020-08-27 05:28:43', '2020-08-27 05:28:43', 1, 1),
(1302, 70, 207, 1, 1, 1, 1, '2020-08-27 05:28:43', '2020-08-27 05:28:43', 1, 1),
(1303, 70, 208, 1, 1, 1, 1, '2020-08-27 05:28:43', '2020-08-27 05:28:43', 1, 1),
(1304, 70, 209, 1, 1, 1, 1, '2020-08-27 05:28:43', '2020-08-27 05:28:43', 1, 1),
(1305, 70, 210, 1, 1, 1, 1, '2020-08-27 05:28:43', '2020-08-27 05:28:43', 1, 1),
(1306, 70, 211, 1, 1, 1, 1, '2020-08-27 05:28:43', '2020-08-27 05:28:43', 1, 1),
(1307, 70, 212, 1, 1, 1, 1, '2020-08-27 05:28:43', '2020-08-27 05:28:43', 1, 1),
(1308, 70, 213, 1, 1, 1, 1, '2020-08-27 05:28:43', '2020-08-27 05:28:43', 1, 1),
(1309, 70, 214, 1, 1, 1, 1, '2020-08-27 05:28:43', '2020-08-27 05:28:43', 1, 1);

-- --------------------------------------------------------

--
-- Table structure for table `orders`
--

CREATE TABLE `orders` (
  `OrderID` int(11) NOT NULL,
  `UserID` int(11) NOT NULL,
  `AddressID` int(11) NOT NULL,
  `CreatedAt` varchar(255) NOT NULL,
  `UpdatedAt` varchar(255) NOT NULL
) ENGINE=InnoDB DEFAULT CHARSET=utf8;

-- --------------------------------------------------------

--
-- Table structure for table `orders_requests`
--

CREATE TABLE `orders_requests` (
  `OrderRequestID` int(11) NOT NULL,
  `OrderID` int(11) NOT NULL,
  `OrderTrackID` varchar(255) NOT NULL,
  `OrderStatusID` int(11) NOT NULL,
  `BoothID` int(11) NOT NULL,
  `OrderLastStatusID` int(11) NOT NULL COMMENT 'Last State Of Order',
  `OrderCancellationReasonID` int(11) NOT NULL COMMENT 'It will only have a value when an order request is cancelled',
  `OrderCancellationReasonIfOther` text NOT NULL,
  `OrderRequestVerificationCode` varchar(255) NOT NULL COMMENT 'This will have value when order will be dispatched',
  `TotalAmount` decimal(10,2) NOT NULL COMMENT 'Total of product prices',
  `ActualDeliveryCharges` decimal(10,2) NOT NULL COMMENT 'Sum of delivery charges of all products in this order request',
  `AdditionalDeliveryCharges` int(11) NOT NULL COMMENT 'Additional delivery charges seller will adjust when approving order request. It can be plus or negative',
  `Discount` decimal(10,2) NOT NULL COMMENT 'Any discount the seller is giving on this order request',
  `PromoCodeUsed` varchar(255) NOT NULL COMMENT 'This will be promo code / coupon used for discount',
  `PromoCodeDiscount` decimal(10,2) NOT NULL COMMENT 'This is the discount availed on promo code',
  `PointsUsed` int(11) NOT NULL COMMENT 'Number of points used by customer for payment',
  `VatPercentageApplied` decimal(10,2) NOT NULL COMMENT 'VAT Percentage of this seller from user_customization table',
  `VatAmountApplied` decimal(10,2) NOT NULL COMMENT 'VAT amount applied with respect to VatPercentage here on total',
  `GrandTotal` decimal(10,2) NOT NULL COMMENT 'Total with Vat Percentage Included that will be actually paid by customer',
  `DeliveryDays` int(11) NOT NULL,
  `DeliveryDate` varchar(255) NOT NULL,
  `PaymentMethod` enum('COD','Card') NOT NULL DEFAULT 'COD',
  `OrderRequestRating` int(11) NOT NULL COMMENT 'This is basically booth rating. It can have 1-5 rating, 0 means not rated yet. User can rate only after order request is completed.',
  `OrderRequestReview` text NOT NULL,
  `UserOrderRequestRating` int(11) NOT NULL COMMENT 'This is basically user rating. It can have 1-5 rating, 0 means not rated yet.',
  `UserOrderRequestReview` text NOT NULL
) ENGINE=InnoDB DEFAULT CHARSET=utf8;

-- --------------------------------------------------------

--
-- Table structure for table `order_cancellation_reasons`
--

CREATE TABLE `order_cancellation_reasons` (
  `OrderCancellationReasonID` int(11) NOT NULL,
  `CancellationReasonEn` text CHARACTER SET utf8 NOT NULL,
  `CancellationReasonAr` text CHARACTER SET utf8 NOT NULL,
  `Type` enum('Buyer','Seller') NOT NULL,
  `IsActive` tinyint(4) NOT NULL
) ENGINE=MyISAM DEFAULT CHARSET=latin1;

--
-- Dumping data for table `order_cancellation_reasons`
--

INSERT INTO `order_cancellation_reasons` (`OrderCancellationReasonID`, `CancellationReasonEn`, `CancellationReasonAr`, `Type`, `IsActive`) VALUES
(1, 'Far Location', 'الموقع بعيد', 'Seller', 1),
(2, 'Low Buyer rating', 'تقييم المشتري منخفض', 'Seller', 1),
(5, 'High Delivery Fees', 'رسوم توصيل مرتفعة', 'Buyer', 1),
(6, 'Long DeliveryDuration', 'مدة توصيل طويلة', 'Buyer', 1),
(7, 'Ordered By Mistake', 'طلب بالخطأ', 'Buyer', 1),
(8, 'Booth is unresposive', 'البوث لا يتجاوب', 'Buyer', 1),
(9, 'Other reason', 'سبب اخر', 'Buyer', 1),
(10, 'Out of Stock', 'نفذت الكمية', 'Seller', 1),
(11, 'Buyer is unresponsive', 'العميل لا يتجاوب', 'Seller', 1),
(12, 'Other reason', 'سبب اخر', 'Seller', 1);

-- --------------------------------------------------------

--
-- Table structure for table `order_items`
--

CREATE TABLE `order_items` (
  `OrderItemID` int(11) NOT NULL,
  `OrderRequestID` int(11) NOT NULL,
  `ProductID` int(11) NOT NULL,
  `Quantity` int(11) NOT NULL,
  `Price` float NOT NULL
) ENGINE=InnoDB DEFAULT CHARSET=utf8;

--
-- Dumping data for table `order_items`
--

INSERT INTO `order_items` (`OrderItemID`, `OrderRequestID`, `ProductID`, `Quantity`, `Price`) VALUES
(1, 1, 1, 1, 233),
(2, 2, 3, 1, 50),
(3, 3, 3, 1, 50),
(4, 4, 1, 1, 233),
(5, 5, 1, 1, 233),
(6, 6, 3, 1, 50),
(7, 7, 3, 1, 50),
(8, 8, 3, 1, 50),
(9, 9, 3, 1, 50),
(10, 10, 3, 1, 50),
(11, 11, 1, 1, 233),
(12, 12, 3, 1, 50),
(13, 13, 5, 5, 289),
(14, 14, 6, 1, 50),
(15, 15, 3, 1, 16438);

-- --------------------------------------------------------

--
-- Table structure for table `order_statuses`
--

CREATE TABLE `order_statuses` (
  `OrderStatusID` int(11) NOT NULL,
  `OrderStatusEn` varchar(255) NOT NULL,
  `OrderStatusAr` varchar(255) CHARACTER SET utf8 NOT NULL
) ENGINE=MyISAM DEFAULT CHARSET=latin1;

--
-- Dumping data for table `order_statuses`
--

INSERT INTO `order_statuses` (`OrderStatusID`, `OrderStatusEn`, `OrderStatusAr`) VALUES
(1, 'Pending Approval By Seller', 'في انتظار الموافقة من قبل البائع'),
(2, 'Approved - Pending Payment', 'وافق - في انتظار الدفع'),
(3, 'Approved - Payment Done', 'موافق عليه - تم الدفع'),
(4, 'Order Completed', 'تم اكتمال الطلب'),
(5, 'Cancelled By Seller', 'تم الإلغاء بواسطة البائع'),
(6, 'Cancelled By Buyer', 'تم الإلغاء بواسطة المشتري'),
(7, 'Order Dispatched', 'أمر ارسلت'),
(8, 'Cancelled By Admin', 'تم الإلغاء كترتيب متنازع عليه'),
(9, 'Cancelled By System', 'Cancelled By System');

-- --------------------------------------------------------

--
-- Table structure for table `packages`
--

CREATE TABLE `packages` (
  `PackageID` int(11) NOT NULL,
  `Duration` int(11) NOT NULL COMMENT 'in months',
  `SortOrder` int(11) NOT NULL,
  `PackagePrice` float NOT NULL,
  `Hide` tinyint(4) NOT NULL,
  `IsActive` tinyint(4) NOT NULL,
  `CreatedAt` datetime NOT NULL,
  `UpdatedAt` datetime NOT NULL,
  `CreatedBy` int(11) NOT NULL,
  `UpdatedBy` int(11) NOT NULL
) ENGINE=InnoDB DEFAULT CHARSET=utf8;

--
-- Dumping data for table `packages`
--

INSERT INTO `packages` (`PackageID`, `Duration`, `SortOrder`, `PackagePrice`, `Hide`, `IsActive`, `CreatedAt`, `UpdatedAt`, `CreatedBy`, `UpdatedBy`) VALUES
(1, 1, 0, 100, 0, 1, '2020-10-22 10:06:19', '2020-10-22 10:06:19', 1, 1),
(2, 3, 1, 500, 0, 1, '2020-10-22 10:06:52', '2020-10-22 10:06:52', 1, 1),
(3, 6, 2, 900, 0, 1, '2020-10-22 10:07:18', '2020-10-22 10:07:18', 1, 1);

-- --------------------------------------------------------

--
-- Table structure for table `packages_text`
--

CREATE TABLE `packages_text` (
  `PackageTextID` int(11) NOT NULL,
  `PackageID` int(11) NOT NULL,
  `Title` varchar(255) NOT NULL,
  `Description` text NOT NULL,
  `SystemLanguageID` int(11) NOT NULL,
  `CreatedAt` datetime NOT NULL,
  `UpdatedAt` datetime NOT NULL,
  `CreatedBy` int(11) NOT NULL,
  `UpdatedBy` int(11) NOT NULL
) ENGINE=InnoDB DEFAULT CHARSET=utf8;

--
-- Dumping data for table `packages_text`
--

INSERT INTO `packages_text` (`PackageTextID`, `PackageID`, `Title`, `Description`, `SystemLanguageID`, `CreatedAt`, `UpdatedAt`, `CreatedBy`, `UpdatedBy`) VALUES
(1, 1, 'First Package', 'First Package', 1, '2020-10-22 10:06:19', '2020-10-22 10:06:19', 1, 1),
(2, 2, 'Second Package', 'Second Package', 1, '2020-10-22 10:06:52', '2020-10-22 10:06:52', 1, 1),
(3, 3, 'Third Packages', 'Third Packages', 1, '2020-10-22 10:07:18', '2020-10-22 10:07:18', 1, 1);

-- --------------------------------------------------------

--
-- Table structure for table `pages`
--

CREATE TABLE `pages` (
  `PageID` int(11) NOT NULL,
  `Image` varchar(255) NOT NULL,
  `Contact` varchar(255) NOT NULL,
  `Whatsapp` varchar(255) NOT NULL,
  `Email` varchar(255) NOT NULL,
  `Linkedin` varchar(255) NOT NULL,
  `Facebook` varchar(255) NOT NULL,
  `Instagram` varchar(255) NOT NULL,
  `Twitter` varchar(255) NOT NULL,
  `Snapchat` varchar(255) NOT NULL,
  `SortOrder` int(11) NOT NULL,
  `Hide` tinyint(4) NOT NULL,
  `IsActive` tinyint(4) NOT NULL,
  `CreatedAt` datetime NOT NULL,
  `UpdatedAt` datetime NOT NULL,
  `CreatedBy` int(11) NOT NULL,
  `UpdatedBy` int(11) NOT NULL
) ENGINE=InnoDB DEFAULT CHARSET=utf8;

--
-- Dumping data for table `pages`
--

INSERT INTO `pages` (`PageID`, `Image`, `Contact`, `Whatsapp`, `Email`, `Linkedin`, `Facebook`, `Instagram`, `Twitter`, `Snapchat`, `SortOrder`, `Hide`, `IsActive`, `CreatedAt`, `UpdatedAt`, `CreatedBy`, `UpdatedBy`) VALUES
(1, 'uploads/images/9699768919120191220052329WhatsApp_Image_2019-10-17_at_03.53.21.jpeg', '', '', '', '', '', '', '', '', 0, 0, 1, '2018-12-19 06:00:56', '2020-10-01 10:02:55', 1, 1),
(2, '', '', '', 'info@booth-in.com', '', '', 'boothin_app', 'boothin_app', 'boothin_app', 1, 0, 1, '2018-12-19 06:02:00', '2020-01-31 17:15:05', 1, 1),
(3, '', '', '', '', '', '', '', '', '', 2, 0, 1, '2018-12-19 07:34:39', '2020-11-20 11:03:54', 1, 1),
(4, '', '', '', '', '', '', '', '', '', 3, 0, 1, '2018-12-19 12:25:43', '2019-10-21 16:46:28', 1, 1),
(5, '', '', '', '', '', '', '', '', '', 4, 0, 1, '2018-12-19 12:27:22', '2019-10-21 16:46:47', 1, 1);

-- --------------------------------------------------------

--
-- Table structure for table `pages_text`
--

CREATE TABLE `pages_text` (
  `PageTextID` int(11) NOT NULL,
  `PageID` int(11) NOT NULL,
  `Title` varchar(255) NOT NULL,
  `Description` varchar(2000) NOT NULL,
  `SystemLanguageID` int(11) NOT NULL,
  `CreatedAt` datetime NOT NULL,
  `UpdatedAt` datetime NOT NULL,
  `CreatedBy` int(11) NOT NULL,
  `UpdatedBy` int(11) NOT NULL
) ENGINE=InnoDB DEFAULT CHARSET=utf8;

--
-- Dumping data for table `pages_text`
--

INSERT INTO `pages_text` (`PageTextID`, `PageID`, `Title`, `Description`, `SystemLanguageID`, `CreatedAt`, `UpdatedAt`, `CreatedBy`, `UpdatedBy`) VALUES
(1, 1, 'About Us', '<p class=\"sec1_p\">Booth-in is a social platform for displaying and promoting products and services. It is a community of booths owners, buyers, products, services, freelancers, friends, and much more&hellip;</p>\r\n<p class=\"sec1_p\">With a combination of social and e-commerce features, users will enjoy a new experience of social shopping in which they will be able to find products that match their interests, see the latest updates on their favorite booths, see what products their friends are following, liking and buying.</p>\r\n<p class=\"sec1_p\">On the other side, you can create your customized booth and have your products and services promoted to your targeted audience within seconds! As a booth owner, you can list as many products and services as possible, manage your orders, send promo codes, and much more &hellip;</p>', 1, '2018-12-19 06:00:56', '2020-10-01 10:02:55', 1, 1),
(2, 1, 'معلومات عنا', '<p>بمعنى آخر ، يجب أن يتطابق السيناريو الذي تقدمه مع الأشخاص مع المشكلة الحالية التي يحتاجونها لحلها. على عكس الدراسات المنتظمة التي تركز على واجهة المستخدم ، ينبغي ألا تطلب الدراسات التي تركز على المحتوى من المشاركين في الاختبار \"التظاهر\" أو \"التخيل\" بأن يكونوا في موقف. خطر إبطال الدراسة أعلى بكثير بالنسبة للمحتوى لأن دافع المشاركين هو أكثر أهمية بكثير للحصول على رؤى دقيقة.</p>\r\n<p>&nbsp;</p>\r\n<p>يستحيل على مستخدمي البروكسي اكتساب المعرفة على الفور أو معرفة الموقف جيدًا بما يكفي لتقييم قيمة المحتوى. على سبيل المثال ، الأشخاص الذين تم تشخيص إصابتهم للتو بحالة طبية خطيرة هم أكثر عرضة لربطهم بالمحتوى بدقة أكثر من الشخص الذي يُطلب منه أن يدعي أنه مهتم بمرض ما.</p>', 2, '2018-12-19 06:01:28', '2019-10-17 07:02:59', 1, 1),
(3, 2, 'Contact Us', 'We want to hear from you!', 1, '2018-12-19 06:02:00', '2020-01-31 17:15:05', 1, 1),
(4, 2, 'اتصل بنا', 'العربية اتصل بنا الوصف', 2, '2018-12-19 06:02:20', '2019-10-17 07:03:42', 1, 1),
(5, 3, 'Registration Terms and Conditions', '<h2>Term and Conditions:</h2>\r\n<p>Booth-in platform is owned by 8Labs Group under commercial license number: DMCC-480019, and informs you that you will find below the terms and conditions regulating your use of the Booth-in platform and it is considered approval and acceptance of it.<br /><br />1. You must be 18 years or older to use this site. <br />2. You are responsible for any activity that occurs under your profile / username name. <br />3. You must not abuse, harass, threaten, impersonate or intimidate other Booth-in users. <br />4. You may not use the Booth-in service for any illegal or unauthorized purpose.<br /> 5. You are solely responsible for your conduct and any data, text, information, screen names, graphics, photos, profiles, audio and video clips, links (\"Content\") that you submit, post, and display on the Boothin service.<br /> 6. Booth-in functions to show and promote products and services between buyers and sellers &ldquo;Booths&rdquo; to the agreed policy and we do not provide any guarantees and do not bear any responsibility in the event that the user does not adhere to the policy of using the platform.<br /> 7. Sellers &ldquo;Booths&rdquo; are responsible for declaring full and true information about their products and services.<br /> 8. Booth-in have full authority to delete posts that are found to be inappropriate and don&rsquo;t adhere with to the agreed policy.<br /> 9. Booth-in is a acts and functions as a social platform to show and promote products and service based on chosen interests not to facilitate sales and payments, therefore it is not responsible for any, damaged products, late orders, or any other consequences or losses that fall on the seller or buyer or any other party.<br /> 10. Buyers must review and read the products and booths details carefully including reviews, ratings, pictures, and product details to match it with the actual product.<br /> 11. You must not crawl, scrape, or otherwise cache any content from Booth-in inc', 1, '2018-12-19 07:34:39', '2020-11-20 11:03:54', 1, 1),
(6, 4, 'Service Terms and Conditions', '', 1, '2018-12-19 12:25:43', '2019-10-21 16:46:28', 1, 1),
(7, 5, 'Guarantee', '', 1, '2018-12-19 12:27:22', '2019-10-21 16:46:47', 1, 1),
(8, 3, 'شروط وأحكام التسجيل', 'سياسة الخصوصية لشركة الرؤية الدولية للصيانة زائد ما هي المعلومات الشخصية التي نجمعها من الأشخاص الذين يزورون مدونتنا أو تطبيق الويب أو التطبيق؟ عند الطلب أو التسجيل في طلبنا ، حسب الاقتضاء ، قد يُطلب منك إدخال اسمك أو عنوان بريدك الإلكتروني أو عنوانك البريدي أو رقم هاتفك أو تفاصيل أخرى لمساعدتك في تجربتك. متى نجمع المعلومات؟ نقوم بجمع المعلومات منك عند التسجيل في طلبنا أو تقديم طلب. زودنا بتعليقات على منتجاتنا أو خدماتنا. كيف نحمي معلوماتك؟ حماية البيانات خلف بيئة شبكة آمنة معزولة صارمة. إفصاح الطرف الثالث نحن لا نبيع أو نتاجر أو ننقل بطريقة أخرى إلى أطراف خارجية معلوماتك الشخصية. قانون حماية الخصوصية على الإنترنت في كاليفورنيا يعد CalOPPA أول قانون ولاية في البلاد يتطلب تطبيقات الويب التجارية والخدمات عبر الإنترنت لنشر سياسة الخصوصية. يمتد نطاق القانون إلى ما هو أبعد من كاليفورنيا ليتطلب من أي شخص أو شركة في الولايات المتحدة (وربما في العالم) تشغيل تطبيقات الويب التي تجمع معلومات التعريف الشخصية من مستهلكي كاليفورنيا لنشر سياسة خصوصية واضحة على تطبيق الويب الخاص بها مع تحديد المعلومات التي يتم جمعها وتلك الأفراد أو الشركات التي تتم مشاركتها معها. انظر المزيد على الموقع التالي: http://consumercal.org/california-online-privacy-protection-act-caloppa/#sthash.0FdRbT51.dpuf وفقًا لـ CalOPPA ، نوافق على ما يلي: يمكن للمستخدمين زيارة التطبيق لدينا بشكل مجهول. بمجرد إنشاء سياسة الخصوصية هذه ، سنضيف رابطًا إليها على صفحتنا الرئيسية أو كحد أدنى ، على أول صفحة مهمة بعد إدخال تطبيق الويب الخاص بنا. يتضمن رابط سياسة الخصوصية لدينا كلمة \"الخصوصية\" ويمكن العثور عليها بسهولة على الصفحة المحددة أعلاه. سيتم إخطارك بأي تغييرات في سياسة الخصوصية: &bull; في صفحة سياسة الخصوصية الخاصة بنا ، يمكنك تغيير معلوماتك الشخصية: &bull; عن طريق مراسلتنا عبر البريد الإلكتروني &bull; عن طريق الدردشة معنا أو عن طريق الاتصال بنا', 2, '2018-12-19 07:34:39', '2019-10-17 07:02:26', 1, 1),
(9, 4, 'شروط وأحكام الخدمة', '', 2, '2018-12-19 12:25:43', '2019-10-21 16:46:33', 1, 1),
(10, 5, 'ضمان', '', 2, '2018-12-19 12:27:22', '2019-10-21 16:46:54', 1, 1);

-- --------------------------------------------------------

--
-- Table structure for table `products`
--

CREATE TABLE `products` (
  `ProductID` int(11) NOT NULL,
  `UserID` int(11) NOT NULL,
  `CategoryID` int(11) NOT NULL COMMENT 'This is basically sub-sub category ID, 3rd level of categories',
  `ProductVideo` varchar(255) NOT NULL,
  `ProductVideoThumbnail` varchar(255) NOT NULL,
  `ProductPrice` decimal(10,2) NOT NULL,
  `Currency` varchar(255) NOT NULL,
  `CurrencySymbol` varchar(50) NOT NULL,
  `DeliveryCharges` decimal(10,2) NOT NULL,
  `DeliveryTime` varchar(255) NOT NULL,
  `ProductType` enum('New','Used','Refurbished') NOT NULL DEFAULT 'New',
  `OutOfStock` tinyint(4) NOT NULL,
  `IsPromotedProduct` tinyint(4) NOT NULL COMMENT '1 Means Booth has set this for promotion',
  `ProductPromotionExpiresAt` int(11) NOT NULL COMMENT 'When this promotion expires',
  `IsPromotionApproved` tinyint(4) NOT NULL COMMENT '0 means pending admin approval, 1 means admin approved',
  `SortOrder` int(11) NOT NULL,
  `Hide` tinyint(4) NOT NULL,
  `IsActive` tinyint(4) NOT NULL,
  `CreatedAt` varchar(255) NOT NULL,
  `UpdatedAt` varchar(255) NOT NULL,
  `CreatedBy` int(11) NOT NULL,
  `UpdatedBy` int(11) NOT NULL
) ENGINE=InnoDB DEFAULT CHARSET=utf8;

-- --------------------------------------------------------

--
-- Table structure for table `products_text`
--

CREATE TABLE `products_text` (
  `ProductTextID` int(11) NOT NULL,
  `ProductID` int(11) NOT NULL,
  `Title` varchar(255) NOT NULL,
  `ProductBrandName` varchar(255) NOT NULL,
  `ProductDescription` text NOT NULL,
  `ProductReturnPolicy` varchar(2000) NOT NULL,
  `SystemLanguageID` int(11) NOT NULL,
  `CreatedAt` varchar(255) NOT NULL,
  `UpdatedAt` varchar(255) NOT NULL,
  `CreatedBy` int(11) NOT NULL,
  `UpdatedBy` int(11) NOT NULL
) ENGINE=InnoDB DEFAULT CHARSET=utf8;

-- --------------------------------------------------------

--
-- Table structure for table `product_comments`
--

CREATE TABLE `product_comments` (
  `ProductCommentID` int(11) NOT NULL,
  `ProductID` int(11) NOT NULL,
  `UserID` int(11) NOT NULL,
  `MentionedUserID` varchar(255) NOT NULL COMMENT 'Comma separated user ids',
  `MentionedUserName` varchar(255) NOT NULL COMMENT 'Comma separated usernames',
  `MentionedUserType` varchar(255) NOT NULL,
  `Comment` text CHARACTER SET utf8 NOT NULL,
  `CommentedAs` enum('user','booth') NOT NULL DEFAULT 'user' COMMENT 'This is type of user when he is commenting',
  `CreatedAt` varchar(255) NOT NULL
) ENGINE=MyISAM DEFAULT CHARSET=latin1;

-- --------------------------------------------------------

--
-- Table structure for table `product_images`
--

CREATE TABLE `product_images` (
  `ProductImageID` int(11) NOT NULL,
  `ProductID` int(11) NOT NULL,
  `ProductImage` varchar(255) NOT NULL,
  `ProductCompressedImage` varchar(255) NOT NULL
) ENGINE=MyISAM DEFAULT CHARSET=latin1;

-- --------------------------------------------------------

--
-- Table structure for table `product_likes`
--

CREATE TABLE `product_likes` (
  `ProductLikeID` int(11) NOT NULL,
  `ProductID` int(11) NOT NULL,
  `UserID` int(11) NOT NULL
) ENGINE=MyISAM DEFAULT CHARSET=latin1;

-- --------------------------------------------------------

--
-- Table structure for table `product_ratings`
--

CREATE TABLE `product_ratings` (
  `ProductRatingID` int(11) NOT NULL,
  `ProductID` int(11) NOT NULL,
  `UserID` int(11) NOT NULL,
  `OrderRequestID` int(11) NOT NULL,
  `Rating` int(11) NOT NULL,
  `Review` text CHARACTER SET utf8 NOT NULL
) ENGINE=MyISAM DEFAULT CHARSET=latin1;

-- --------------------------------------------------------

--
-- Table structure for table `product_reported`
--

CREATE TABLE `product_reported` (
  `ProductReportID` int(11) NOT NULL,
  `ProductID` int(11) NOT NULL,
  `UserID` int(11) NOT NULL,
  `ReportReason` varchar(255) CHARACTER SET utf8 NOT NULL,
  `ReportedAt` varchar(255) NOT NULL
) ENGINE=MyISAM DEFAULT CHARSET=latin1;

-- --------------------------------------------------------

--
-- Table structure for table `product_views`
--

CREATE TABLE `product_views` (
  `ProductViewID` int(11) NOT NULL,
  `ProductID` int(11) NOT NULL,
  `UserID` int(11) NOT NULL,
  `ViewedAt` varchar(255) NOT NULL
) ENGINE=MyISAM DEFAULT CHARSET=latin1;

-- --------------------------------------------------------

--
-- Table structure for table `promoted_products`
--

CREATE TABLE `promoted_products` (
  `PromotedProductID` int(11) NOT NULL,
  `PromotionID` int(11) NOT NULL,
  `ProductID` int(11) NOT NULL,
  `PromotionExpiresAt` int(11) NOT NULL
) ENGINE=MyISAM DEFAULT CHARSET=latin1;

-- --------------------------------------------------------

--
-- Table structure for table `promotions`
--

CREATE TABLE `promotions` (
  `PromotionID` int(11) NOT NULL,
  `PromotionImage` varchar(255) NOT NULL,
  `PromotionExpiresAt` int(11) NOT NULL,
  `PromotionType` int(11) NOT NULL COMMENT '0 for nothing 1 for product 2 for url',
  `SortOrder` int(11) NOT NULL,
  `PromotionUrl` varchar(255) NOT NULL,
  `Hide` tinyint(4) NOT NULL,
  `IsActive` tinyint(4) NOT NULL,
  `CreatedAt` datetime NOT NULL,
  `UpdatedAt` datetime NOT NULL,
  `CreatedBy` int(11) NOT NULL,
  `UpdatedBy` int(11) NOT NULL
) ENGINE=InnoDB DEFAULT CHARSET=utf8;

-- --------------------------------------------------------

--
-- Table structure for table `promotions_text`
--

CREATE TABLE `promotions_text` (
  `PromotionTextID` int(11) NOT NULL,
  `PromotionID` int(11) NOT NULL,
  `Title` varchar(255) NOT NULL,
  `Description` text NOT NULL,
  `SystemLanguageID` int(11) NOT NULL,
  `CreatedAt` datetime NOT NULL,
  `UpdatedAt` datetime NOT NULL,
  `CreatedBy` int(11) NOT NULL,
  `UpdatedBy` int(11) NOT NULL
) ENGINE=InnoDB DEFAULT CHARSET=utf8;

-- --------------------------------------------------------

--
-- Table structure for table `questions`
--

CREATE TABLE `questions` (
  `QuestionID` int(11) NOT NULL,
  `UserID` int(11) NOT NULL,
  `CategoryID` int(11) NOT NULL COMMENT 'This is basically 3rd level CategoryID',
  `QuestionDescription` text CHARACTER SET utf8 NOT NULL,
  `QuestionAskedAt` varchar(255) NOT NULL
) ENGINE=MyISAM DEFAULT CHARSET=latin1;

-- --------------------------------------------------------

--
-- Table structure for table `question_comments`
--

CREATE TABLE `question_comments` (
  `QuestionCommentID` int(11) NOT NULL,
  `QuestionID` int(11) NOT NULL,
  `UserID` int(11) NOT NULL,
  `MentionedUserID` varchar(255) NOT NULL COMMENT 'Comma separated user ids',
  `MentionedUserName` varchar(255) NOT NULL COMMENT 'Comma separated usernames',
  `MentionedUserType` varchar(255) NOT NULL,
  `Comment` text CHARACTER SET utf8 NOT NULL,
  `CommentedAs` enum('user','booth') NOT NULL DEFAULT 'user' COMMENT 'This is type of user when he is commenting',
  `CreatedAt` varchar(255) NOT NULL
) ENGINE=MyISAM DEFAULT CHARSET=latin1;

-- --------------------------------------------------------

--
-- Table structure for table `question_images`
--

CREATE TABLE `question_images` (
  `QuestionImageID` int(11) NOT NULL,
  `QuestionID` int(11) NOT NULL,
  `CompressedImage` varchar(255) NOT NULL,
  `Image` varchar(255) NOT NULL
) ENGINE=MyISAM DEFAULT CHARSET=latin1;

-- --------------------------------------------------------

--
-- Table structure for table `question_reported`
--

CREATE TABLE `question_reported` (
  `QuestionReportID` int(11) NOT NULL,
  `QuestionID` int(11) NOT NULL,
  `UserID` int(11) NOT NULL,
  `ReportReason` varchar(255) CHARACTER SET utf8 NOT NULL,
  `ReportedAt` varchar(255) NOT NULL
) ENGINE=MyISAM DEFAULT CHARSET=latin1;

-- --------------------------------------------------------

--
-- Table structure for table `roles`
--

CREATE TABLE `roles` (
  `RoleID` int(11) NOT NULL,
  `SortOrder` int(11) NOT NULL,
  `Hide` tinyint(4) NOT NULL DEFAULT '0',
  `IsActive` tinyint(4) NOT NULL,
  `CreatedBy` datetime NOT NULL,
  `UpdatedBy` datetime NOT NULL,
  `CreatedAt` datetime NOT NULL,
  `UpdatedAt` datetime NOT NULL
) ENGINE=InnoDB DEFAULT CHARSET=utf8;

--
-- Dumping data for table `roles`
--

INSERT INTO `roles` (`RoleID`, `SortOrder`, `Hide`, `IsActive`, `CreatedBy`, `UpdatedBy`, `CreatedAt`, `UpdatedAt`) VALUES
(1, 0, 0, 1, '0000-00-00 00:00:00', '0000-00-00 00:00:00', '2018-04-03 00:00:00', '2019-04-16 12:27:22'),
(2, 1, 0, 1, '0000-00-00 00:00:00', '0000-00-00 00:00:00', '2018-05-02 11:37:19', '2019-04-16 13:15:32'),
(3, 2, 0, 1, '0000-00-00 00:00:00', '0000-00-00 00:00:00', '2020-01-24 20:14:51', '2020-01-24 20:14:51'),
(4, 3, 0, 1, '0000-00-00 00:00:00', '0000-00-00 00:00:00', '2020-09-24 09:11:44', '2020-09-24 09:11:44');

-- --------------------------------------------------------

--
-- Table structure for table `roles_text`
--

CREATE TABLE `roles_text` (
  `RoleTextID` int(11) NOT NULL,
  `RoleID` int(11) NOT NULL,
  `Title` varchar(255) NOT NULL,
  `SystemLanguageID` int(11) NOT NULL,
  `CreatedAt` datetime NOT NULL,
  `UpdatedAt` datetime NOT NULL,
  `CreatedBy` int(11) NOT NULL,
  `UpdatedBy` int(11) NOT NULL
) ENGINE=InnoDB DEFAULT CHARSET=utf8;

--
-- Dumping data for table `roles_text`
--

INSERT INTO `roles_text` (`RoleTextID`, `RoleID`, `Title`, `SystemLanguageID`, `CreatedAt`, `UpdatedAt`, `CreatedBy`, `UpdatedBy`) VALUES
(1, 1, 'Admin', 1, '0000-00-00 00:00:00', '2019-04-16 12:27:23', 0, 1),
(2, 2, 'App User', 1, '2018-05-02 11:37:19', '2019-04-16 13:15:32', 1, 1),
(7, 2, 'App User', 2, '2019-04-16 12:27:12', '2019-04-16 13:15:36', 1, 1),
(8, 1, 'Admin', 2, '2019-04-16 12:27:28', '2019-04-16 12:27:28', 1, 1),
(9, 3, 'CM', 1, '2020-01-24 20:14:51', '2020-01-24 20:14:51', 1, 1),
(10, 3, 'CM', 2, '2020-01-24 20:14:51', '2020-01-24 20:14:51', 1, 1),
(11, 4, 'sarfraz', 1, '2020-09-24 09:11:44', '2020-09-24 09:11:44', 1, 1),
(12, 4, 'sarfraz ar', 2, '2020-09-24 09:11:44', '2020-09-24 09:11:51', 1, 1);

-- --------------------------------------------------------

--
-- Table structure for table `site_images`
--

CREATE TABLE `site_images` (
  `SiteImageID` int(11) NOT NULL,
  `ImageType` varchar(50) NOT NULL,
  `FileID` int(11) NOT NULL,
  `ImageName` varchar(255) NOT NULL
) ENGINE=InnoDB DEFAULT CHARSET=utf8;

-- --------------------------------------------------------

--
-- Table structure for table `site_settings`
--

CREATE TABLE `site_settings` (
  `SiteSettingID` int(11) NOT NULL,
  `SiteName` varchar(255) NOT NULL,
  `SiteImage` varchar(255) NOT NULL,
  `Email` varchar(255) NOT NULL,
  `Whatsapp` varchar(255) NOT NULL,
  `Skype` varchar(255) NOT NULL,
  `PhoneNumber` varchar(255) NOT NULL,
  `Fax` varchar(255) NOT NULL,
  `ProductDisclaimer` text NOT NULL,
  `PromoCodeDisclaimer` text NOT NULL,
  `OpenTime` varchar(255) NOT NULL,
  `CloseTime` varchar(255) NOT NULL,
  `FacebookUrl` varchar(255) NOT NULL,
  `GoogleUrl` varchar(255) NOT NULL,
  `LinkedInUrl` varchar(255) NOT NULL,
  `TwitterUrl` varchar(255) NOT NULL,
  `SnapChatUrl` varchar(255) NOT NULL,
  `InstagramUrl` varchar(255) NOT NULL,
  `VatNumber` varchar(255) NOT NULL,
  `VatPercentage` decimal(10,2) NOT NULL,
  `LoyaltyFactor` int(11) NOT NULL COMMENT 'Defines 1 SAR is equal to how many loyalty points',
  `InvitePoints` decimal(10,2) NOT NULL COMMENT 'No of points a user gets when his invited person sign up on booth app',
  `OrderCancelDays` int(11) NOT NULL,
  `OrderDisputedCancelDays` int(11) NOT NULL,
  `IOSAppVersion` decimal(10,2) NOT NULL,
  `AndroidAppVersion` decimal(10,2) NOT NULL COMMENT 'This will be version code',
  `CreatedAt` datetime NOT NULL,
  `UpdatedAt` datetime NOT NULL
) ENGINE=InnoDB DEFAULT CHARSET=utf8;

--
-- Dumping data for table `site_settings`
--

INSERT INTO `site_settings` (`SiteSettingID`, `SiteName`, `SiteImage`, `Email`, `Whatsapp`, `Skype`, `PhoneNumber`, `Fax`, `ProductDisclaimer`, `PromoCodeDisclaimer`, `OpenTime`, `CloseTime`, `FacebookUrl`, `GoogleUrl`, `LinkedInUrl`, `TwitterUrl`, `SnapChatUrl`, `InstagramUrl`, `VatNumber`, `VatPercentage`, `LoyaltyFactor`, `InvitePoints`, `OrderCancelDays`, `OrderDisputedCancelDays`, `IOSAppVersion`, `AndroidAppVersion`, `CreatedAt`, `UpdatedAt`) VALUES
(1, 'Booth-in', 'uploads/4868715923120190419125949favicon.png', 'info@booth.com', '', '', '12345678', '', '', '', '1564552800', '1564596000', 'schopfen', 'www.google.com/schopfen', 'www.linkedin.com/schopfen', 'Boothin_app', 'boothin_app', 'boothin_app', '0000000000000000', '0.00', 0, '5.00', 3, 3, '1.00', '1.00', '2018-04-03 14:33:23', '2020-03-24 09:29:09');

-- --------------------------------------------------------

--
-- Table structure for table `system_languages`
--

CREATE TABLE `system_languages` (
  `SystemLanguageID` int(11) NOT NULL,
  `SystemLanguageTitle` varchar(255) NOT NULL,
  `ShortCode` varchar(255) NOT NULL,
  `IsDefault` tinyint(4) NOT NULL,
  `IsActive` tinyint(4) NOT NULL DEFAULT '1',
  `Hide` tinyint(4) NOT NULL DEFAULT '0',
  `CreatedAt` datetime NOT NULL,
  `UpdatedAt` datetime NOT NULL,
  `CreatedBy` int(11) NOT NULL,
  `UpdatedBy` int(11) NOT NULL
) ENGINE=InnoDB DEFAULT CHARSET=utf8;

--
-- Dumping data for table `system_languages`
--

INSERT INTO `system_languages` (`SystemLanguageID`, `SystemLanguageTitle`, `ShortCode`, `IsDefault`, `IsActive`, `Hide`, `CreatedAt`, `UpdatedAt`, `CreatedBy`, `UpdatedBy`) VALUES
(1, 'English', 'EN', 1, 0, 0, '2018-04-09 00:00:00', '2018-07-04 16:09:38', 0, 1),
(2, 'Arabic', 'AR', 0, 0, 0, '2018-04-09 00:00:00', '2018-07-04 16:07:19', 0, 1);

-- --------------------------------------------------------

--
-- Table structure for table `temp_orders`
--

CREATE TABLE `temp_orders` (
  `TempOrderID` int(11) NOT NULL,
  `BoothID` int(11) NOT NULL COMMENT 'UserID of the product, who added this product',
  `UserID` int(11) NOT NULL COMMENT 'UserID of person adding item to cart',
  `ProductID` int(11) NOT NULL,
  `IsEdited` tinyint(4) NOT NULL,
  `ProductQuantity` int(11) NOT NULL
) ENGINE=MyISAM DEFAULT CHARSET=latin1;

-- --------------------------------------------------------

--
-- Table structure for table `test`
--

CREATE TABLE `test` (
  `id` int(11) NOT NULL,
  `title` varchar(255) COLLATE utf8mb4_unicode_ci NOT NULL
) ENGINE=MyISAM DEFAULT CHARSET=utf8mb4 COLLATE=utf8mb4_unicode_ci;

-- --------------------------------------------------------

--
-- Table structure for table `themes`
--

CREATE TABLE `themes` (
  `ThemeID` int(11) NOT NULL,
  `Image` varchar(255) NOT NULL,
  `Color` varchar(255) NOT NULL,
  `SortOrder` int(11) NOT NULL,
  `Hide` tinyint(4) NOT NULL,
  `IsActive` tinyint(4) NOT NULL,
  `CreatedAt` datetime NOT NULL,
  `UpdatedAt` datetime NOT NULL,
  `CreatedBy` int(11) NOT NULL,
  `UpdatedBy` int(11) NOT NULL
) ENGINE=MyISAM DEFAULT CHARSET=utf8;

--
-- Dumping data for table `themes`
--

INSERT INTO `themes` (`ThemeID`, `Image`, `Color`, `SortOrder`, `Hide`, `IsActive`, `CreatedAt`, `UpdatedAt`, `CreatedBy`, `UpdatedBy`) VALUES
(2, 'uploads/1792704971620190503090803orange_thumb@3x.png', '#ff8f00', 1, 0, 1, '2019-04-25 13:37:00', '2020-10-23 13:29:55', 1, 1),
(6, 'uploads/16367212321201908020114231792704971620190503090803orange_thumb@3x.png', '#ff5e70', 2, 0, 1, '2019-08-02 13:23:14', '2019-08-02 13:23:48', 1, 1),
(7, 'uploads/42546762559201908020142341792704971620190503090803orange_thumb@3x.png', '#0073ff', 3, 0, 1, '2019-08-02 13:34:42', '2019-08-02 13:34:42', 1, 1),
(8, 'uploads/43090375531201908020114351792704971620190503090803orange_thumb@3x.png', '#666666', 4, 0, 1, '2019-08-02 13:35:14', '2020-10-23 13:30:25', 1, 1);

-- --------------------------------------------------------

--
-- Table structure for table `themes_text`
--

CREATE TABLE `themes_text` (
  `ThemeTextID` int(11) NOT NULL,
  `ThemeID` int(11) NOT NULL,
  `Title` varchar(255) NOT NULL,
  `SystemLanguageID` int(11) NOT NULL,
  `CreatedAt` datetime NOT NULL,
  `UpdatedAt` datetime NOT NULL,
  `CreatedBy` int(11) NOT NULL,
  `UpdatedBy` int(11) NOT NULL
) ENGINE=MyISAM DEFAULT CHARSET=utf8;

--
-- Dumping data for table `themes_text`
--

INSERT INTO `themes_text` (`ThemeTextID`, `ThemeID`, `Title`, `SystemLanguageID`, `CreatedAt`, `UpdatedAt`, `CreatedBy`, `UpdatedBy`) VALUES
(3, 2, 'Orange', 1, '2019-04-25 13:37:00', '2020-10-23 13:29:55', 1, 1),
(7, 6, 'Pink', 1, '2019-08-02 13:23:14', '2019-08-02 13:23:48', 1, 1),
(8, 7, 'Blue', 1, '2019-08-02 13:34:42', '2019-08-02 13:34:42', 1, 1),
(9, 8, 'Grey', 1, '2019-08-02 13:35:14', '2020-10-23 13:30:25', 1, 1);

-- --------------------------------------------------------

--
-- Table structure for table `theme_styles`
--

CREATE TABLE `theme_styles` (
  `ThemeStyleID` int(11) NOT NULL,
  `ThemeID` int(11) NOT NULL,
  `ParentID` int(11) NOT NULL,
  `StyleTitleEn` varchar(255) NOT NULL,
  `StyleTitleAr` varchar(255) CHARACTER SET utf8 NOT NULL,
  `StyleImage` varchar(255) NOT NULL,
  `IsActive` tinyint(4) NOT NULL
) ENGINE=MyISAM DEFAULT CHARSET=latin1;

--
-- Dumping data for table `theme_styles`
--

INSERT INTO `theme_styles` (`ThemeStyleID`, `ThemeID`, `ParentID`, `StyleTitleEn`, `StyleTitleAr`, `StyleImage`, `IsActive`) VALUES
(1, 2, 0, 'Solid Top', 'Solid Top arabic', 'uploads/8425467687320190510015930o_bot_solid_f@3x.png', 1),
(2, 2, 0, 'Stripes Top', 'Stripes Top', 'uploads/8386162901420190510013735o_top_stripe@3x.png', 1),
(3, 2, 1, 'Stripe And Solid Bottom', 'Stripe And Solid Bottom', 'uploads/9908601101020190510013934o_bot_stripe_p@3x.png', 1),
(4, 2, 1, 'Pointed Bottom', 'Pointed Bottom', 'uploads/3275339424420190510010433o_bot_solid_p@3x.png', 1),
(5, 2, 1, 'Rounded Bottom', 'Rounded Bottom', 'uploads/3443070925520190510015433o_bot_solid_r@3x.png', 1),
(6, 2, 2, 'Solid Bottom', 'Solid Bottom', 'uploads/9039575494720190510010136o_bot_solid_p@3x.png', 1),
(7, 2, 2, 'Solid Round Bottom', 'Solid Round Bottom', 'uploads/2020931560120190510012436o_bot_solid_r@3x.png', 1),
(8, 2, 2, 'Pointed Bottom', 'Pointed Bottom', 'uploads/7220003088120190510011237o_bot_stripe_p@3x.png', 1),
(17, 2, 1, 'Stripe And Solid Round Bottom', 'Stripe And Solid Round Bottom', 'uploads/3289248433320190510010935o_bot_stripe_r@3x.png', 1),
(18, 2, 2, 'Round Stripe Bottom', 'Round Stripe Bottom', 'uploads/6832950675020190510014937o_bot_stripe_r@3x.png', 1),
(19, 6, 0, 'Solid Top', 'Solid Top arabic', 'uploads/51035616104201908020151248425467687320190510015930o_bot_solid_f@3x.png', 1),
(20, 6, 0, 'Stripes Top', 'Stripes Top Ar', 'uploads/33910645486201908020117258386162901420190510013735o_top_stripe@3x.png', 1),
(21, 6, 19, 'Stripes Pointed Bottom', 'Stripes Pointed Bottom', 'uploads/80630133716201908020138269908601101020190510013934o_bot_stripe_p@3x_(1).png', 1),
(22, 6, 19, 'Solid Pointed Bottom', 'Solid Pointed Bottom', 'uploads/75540977476201908020106273275339424420190510010433o_bot_solid_p@3x_(1).png', 1),
(23, 6, 19, 'Stripes Round Bottom', 'Stripes Round Bottom', 'uploads/28562420633201908020101283289248433320190510010935o_bot_stripe_r@3x.png', 1),
(24, 6, 19, 'Solid Round Bottom', 'Solid Round Bottom', 'uploads/86271471525201908020120283443070925520190510015433o_bot_solid_r@3x.png', 1),
(25, 6, 20, 'Stripe And Solid Bottom', 'Stripe And Solid Bottom', 'uploads/80630133716201908020138269908601101020190510013934o_bot_stripe_p@3x_(1).png', 1),
(26, 6, 20, 'Pointed Bottom', 'Pointed Bottom', 'uploads/75540977476201908020106273275339424420190510010433o_bot_solid_p@3x_(1).png', 1),
(27, 6, 20, 'Stripe And Solid Round Bottom', 'Stripe And Solid Round Bottom', 'uploads/28562420633201908020101283289248433320190510010935o_bot_stripe_r@3x.png', 1),
(28, 6, 20, 'Rounded Bottom', 'Rounded Bottom', 'uploads/86271471525201908020120283443070925520190510015433o_bot_solid_r@3x.png', 1),
(29, 7, 0, 'Solid Top', 'Solid Top', 'uploads/1687666374201908020158358425467687320190510015930o_bot_solid_f@3x.png', 1),
(30, 7, 0, 'Stripes Top', 'Stripes Top', 'uploads/61680182878201908020118368386162901420190510013735o_top_stripe@3x.png', 1),
(31, 7, 29, 'Stripe And Solid Bottom', 'Stripe And Solid Bottom', 'uploads/61663177901201908020113379908601101020190510013934o_bot_stripe_p@3x_(1).png', 1),
(32, 7, 29, 'Pointed Bottom', 'Pointed Bottom', 'uploads/44662026969201908020131373275339424420190510010433o_bot_solid_p@3x_(1).png', 1),
(33, 7, 29, 'Stripe And Solid Round Bottom', 'Stripe And Solid Round Bottom', 'uploads/50258640125201908020121393289248433320190510010935o_bot_stripe_r@3x.png', 1),
(34, 7, 29, 'Rounded Bottom', 'Rounded Bottom', 'uploads/64096443556201908020138393443070925520190510015433o_bot_solid_r@3x.png', 1),
(35, 7, 30, 'Stripe And Solid Bottom', 'Stripe And Solid Bottom', 'uploads/61663177901201908020113379908601101020190510013934o_bot_stripe_p@3x_(1).png', 1),
(36, 7, 30, 'Pointed Bottom', 'Pointed Bottom', 'uploads/44662026969201908020131373275339424420190510010433o_bot_solid_p@3x_(1).png', 1),
(37, 7, 30, 'Stripe And Solid Round Bottom', 'Stripe And Solid Round Bottom', 'uploads/50258640125201908020121393289248433320190510010935o_bot_stripe_r@3x.png', 1),
(38, 7, 30, 'Rounded Bottom', 'Rounded Bottom', 'uploads/64096443556201908020138393443070925520190510015433o_bot_solid_r@3x.png', 1),
(39, 8, 0, 'Solid Top', 'Solid Top', 'uploads/23854259047201908020255008425467687320190510015930o_bot_solid_f@3x.png', 1),
(40, 8, 0, 'Stripes Top', 'Stripes Top', 'uploads/34818158002201908020210018386162901420190510013735o_top_stripe@3x.png', 1),
(41, 8, 39, 'Stripe And Solid Bottom', 'Stripe And Solid Bottom', 'uploads/13776171870201908020202029908601101020190510013934o_bot_stripe_p@3x_(1).png', 1),
(42, 8, 39, 'Pointed Bottom', 'Pointed Bottom', 'uploads/261744076201908020217023275339424420190510010433o_bot_solid_p@3x_(1).png', 1),
(43, 8, 39, 'Stripe And Solid Round Bottom', 'Stripe And Solid Round Bottom', 'uploads/60589639951201908020238023289248433320190510010935o_bot_stripe_r@3x.png', 1),
(44, 8, 39, 'Rounded Bottom', 'Rounded Bottom', 'uploads/21474525751201908020251023443070925520190510015433o_bot_solid_r@3x.png', 1),
(45, 8, 40, 'Stripe And Solid Bottom', 'Stripe And Solid Bottom', 'uploads/13776171870201908020202029908601101020190510013934o_bot_stripe_p@3x_(1).png', 1),
(46, 8, 40, 'Pointed Bottom', 'Pointed Bottom', 'uploads/261744076201908020217023275339424420190510010433o_bot_solid_p@3x_(1).png', 1),
(47, 8, 40, 'Stripe And Solid Round Bottom', 'Stripe And Solid Round Bottom', 'uploads/60589639951201908020238023289248433320190510010935o_bot_stripe_r@3x.png', 1),
(48, 8, 40, 'Rounded Bottom', 'Rounded Bottom', 'uploads/21474525751201908020251023443070925520190510015433o_bot_solid_r@3x.png', 1);

-- --------------------------------------------------------

--
-- Table structure for table `tickets`
--

CREATE TABLE `tickets` (
  `TicketID` int(11) NOT NULL,
  `OrderRequestID` int(11) NOT NULL,
  `TicketNumber` varchar(255) NOT NULL,
  `TicketStatus` int(11) NOT NULL COMMENT '0 means ongoing, 1 means closed ticket, 2 means raised to admin',
  `CreatedAt` varchar(255) NOT NULL
) ENGINE=MyISAM DEFAULT CHARSET=latin1;

-- --------------------------------------------------------

--
-- Table structure for table `ticket_comments`
--

CREATE TABLE `ticket_comments` (
  `TicketCommentID` int(11) NOT NULL,
  `TicketID` int(11) NOT NULL,
  `UserID` int(11) NOT NULL,
  `Message` text CHARACTER SET utf8 NOT NULL,
  `CreatedAt` varchar(255) NOT NULL
) ENGINE=MyISAM DEFAULT CHARSET=latin1;

-- --------------------------------------------------------

--
-- Table structure for table `users`
--

CREATE TABLE `users` (
  `UserID` int(11) NOT NULL,
  `RoleID` int(11) NOT NULL,
  `UserName` varchar(255) NOT NULL,
  `BoothUserName` varchar(255) NOT NULL,
  `Email` varchar(255) NOT NULL,
  `Mobile` varchar(255) NOT NULL,
  `OTP` varchar(255) NOT NULL COMMENT 'This is OTP that will be used for just once for verification',
  `Gender` enum('Male','Female','') DEFAULT NULL,
  `CityID` int(11) NOT NULL,
  `Password` varchar(255) NOT NULL,
  `CompressedImage` varchar(255) NOT NULL,
  `Image` varchar(500) NOT NULL,
  `CompressedCoverImage` varchar(255) NOT NULL,
  `CoverImage` varchar(255) NOT NULL,
  `CompressedBoothImage` varchar(255) NOT NULL,
  `BoothImage` varchar(255) NOT NULL,
  `CompressedBoothCoverImage` varchar(255) NOT NULL,
  `BoothCoverImage` varchar(255) NOT NULL,
  `LastState` enum('user','booth') NOT NULL DEFAULT 'user',
  `LastLangState` enum('EN','AR') NOT NULL,
  `BoothType` enum('Physical','Virtual') NOT NULL DEFAULT 'Physical',
  `IsEmailVerified` tinyint(4) NOT NULL DEFAULT '0',
  `IsMobileVerified` tinyint(4) NOT NULL DEFAULT '0',
  `Verification` varchar(255) NOT NULL,
  `PaymentAccountNumber` varchar(255) NOT NULL,
  `PaymentAccountHolderName` varchar(255) NOT NULL,
  `PaymentAccountBankBranch` varchar(255) NOT NULL,
  `ContactDays` text NOT NULL,
  `ContactTimeFrom` varchar(255) NOT NULL,
  `ContactTimeTo` varchar(255) NOT NULL,
  `IsProfileCustomized` tinyint(4) NOT NULL COMMENT 'It will have 1 if profile is fully customized',
  `HideContactNo` tinyint(4) NOT NULL,
  `Points` decimal(10,2) NOT NULL COMMENT 'Points a user gets when his invited person sign up',
  `DeviceType` varchar(50) NOT NULL,
  `DeviceToken` varchar(255) NOT NULL,
  `IsActive` tinyint(4) NOT NULL DEFAULT '1',
  `MaroofLink` varchar(255) NOT NULL,
  `MaroofVerifyRequest` tinyint(4) NOT NULL DEFAULT '0',
  `MaroofVerified` tinyint(4) NOT NULL DEFAULT '0',
  `Hide` tinyint(4) NOT NULL,
  `Notification` enum('on','off') NOT NULL DEFAULT 'on',
  `OnlineStatus` enum('Offline','Online','Busy') NOT NULL DEFAULT 'Offline',
  `OS` varchar(255) NOT NULL,
  `AppStatus` tinyint(4) NOT NULL COMMENT '0 means background, 1 means foreground',
  `IsLikesPrivate` tinyint(4) NOT NULL DEFAULT '0',
  `IsWishListPrivate` tinyint(4) NOT NULL DEFAULT '0',
  `IsOrdersPrivate` tinyint(4) NOT NULL DEFAULT '0',
  `PackageID` int(11) NOT NULL,
  `PackageExpiry` date DEFAULT NULL,
  `SortOrder` int(11) NOT NULL,
  `CreatedAt` varchar(255) NOT NULL,
  `UpdatedAt` varchar(255) NOT NULL,
  `CreatedBy` int(11) NOT NULL,
  `UpdatedBy` int(11) NOT NULL,
  `BoothAddress` varchar(255) NOT NULL,
  `BoothLat` varchar(255) NOT NULL,
  `BoothLong` varchar(255) NOT NULL
) ENGINE=InnoDB DEFAULT CHARSET=utf8;

--
-- Dumping data for table `users`
--

INSERT INTO `users` (`UserID`, `RoleID`, `UserName`, `BoothUserName`, `Email`, `Mobile`, `OTP`, `Gender`, `CityID`, `Password`, `CompressedImage`, `Image`, `CompressedCoverImage`, `CoverImage`, `CompressedBoothImage`, `BoothImage`, `CompressedBoothCoverImage`, `BoothCoverImage`, `LastState`, `LastLangState`, `BoothType`, `IsEmailVerified`, `IsMobileVerified`, `Verification`, `PaymentAccountNumber`, `PaymentAccountHolderName`, `PaymentAccountBankBranch`, `ContactDays`, `ContactTimeFrom`, `ContactTimeTo`, `IsProfileCustomized`, `HideContactNo`, `Points`, `DeviceType`, `DeviceToken`, `IsActive`, `MaroofLink`, `MaroofVerifyRequest`, `MaroofVerified`, `Hide`, `Notification`, `OnlineStatus`, `OS`, `AppStatus`, `IsLikesPrivate`, `IsWishListPrivate`, `IsOrdersPrivate`, `PackageID`, `PackageExpiry`, `SortOrder`, `CreatedAt`, `UpdatedAt`, `CreatedBy`, `UpdatedBy`, `BoothAddress`, `BoothLat`, `BoothLong`) VALUES
(1, 1, 'Admin', '', 'admin@booth.com', '9661234567', '', NULL, 0, '25d55ad283aa400af464c76d713c07ad', '', '', '', '', '', '', '', '', 'user', 'EN', 'Physical', 1, 1, '', '', '', '', '', '', '', 0, 0, '0.00', '', '', 1, '', 0, 0, 0, 'on', 'Offline', '', 0, 0, 0, 0, 0, '2020-09-23', 4, '2020-01-31 04:50:50', '2020-01-31 04:50:50', 1, 1, '', '', '');

-- --------------------------------------------------------

--
-- Table structure for table `users_blocked`
--

CREATE TABLE `users_blocked` (
  `UserBlockedTblID` int(11) NOT NULL,
  `UserID` int(11) NOT NULL COMMENT 'Who is blocking',
  `UserType` enum('user','booth') NOT NULL,
  `BlockedUserID` int(11) NOT NULL COMMENT 'Who is being blocked',
  `BlockedUserType` enum('user','booth') NOT NULL COMMENT 'This is type of user being blocked as',
  `BlockedAt` varchar(255) NOT NULL
) ENGINE=MyISAM DEFAULT CHARSET=latin1;

-- --------------------------------------------------------

--
-- Table structure for table `users_reported`
--

CREATE TABLE `users_reported` (
  `UserID` int(11) NOT NULL COMMENT 'who is reporting',
  `ReportedUserID` int(11) NOT NULL COMMENT 'who is being reported',
  `ReportReason` varchar(255) CHARACTER SET utf8 NOT NULL,
  `ReportedUserType` enum('user','booth') NOT NULL,
  `ReportedAt` varchar(255) NOT NULL
) ENGINE=MyISAM DEFAULT CHARSET=latin1;

-- --------------------------------------------------------

--
-- Table structure for table `users_text`
--

CREATE TABLE `users_text` (
  `UserTextID` int(11) NOT NULL,
  `UserID` int(11) NOT NULL,
  `FullName` varchar(255) NOT NULL,
  `BoothName` varchar(255) NOT NULL,
  `About` text NOT NULL,
  `SystemLanguageID` int(11) NOT NULL
) ENGINE=InnoDB DEFAULT CHARSET=utf8;

--
-- Dumping data for table `users_text`
--

INSERT INTO `users_text` (`UserTextID`, `UserID`, `FullName`, `BoothName`, `About`, `SystemLanguageID`) VALUES
(1, 1, 'Admin', '', '', 1);

-- --------------------------------------------------------

--
-- Table structure for table `user_addresses`
--

CREATE TABLE `user_addresses` (
  `AddressID` int(11) NOT NULL,
  `AddressTitle` varchar(255) NOT NULL,
  `UserID` int(11) NOT NULL,
  `RecipientName` varchar(255) NOT NULL,
  `Email` varchar(255) NOT NULL,
  `Mobile` varchar(255) NOT NULL,
  `Gender` enum('male','female') NOT NULL,
  `ApartmentNo` varchar(255) NOT NULL,
  `Address1` varchar(255) NOT NULL,
  `Address2` varchar(255) NOT NULL,
  `City` varchar(255) NOT NULL,
  `Latitude` double NOT NULL,
  `Longitude` double NOT NULL,
  `IsDefault` tinyint(4) NOT NULL,
  `Hide` tinyint(4) NOT NULL COMMENT '1 means not to show to user'
) ENGINE=InnoDB DEFAULT CHARSET=utf8;

-- --------------------------------------------------------

--
-- Table structure for table `user_categories`
--

CREATE TABLE `user_categories` (
  `UserCategoryID` int(11) NOT NULL,
  `UserID` int(11) NOT NULL,
  `CategoryID` int(11) NOT NULL,
  `Type` enum('user','booth') NOT NULL
) ENGINE=MyISAM DEFAULT CHARSET=latin1;

-- --------------------------------------------------------

--
-- Table structure for table `user_customization`
--

CREATE TABLE `user_customization` (
  `UserCustomizationID` int(11) NOT NULL,
  `UserID` int(11) NOT NULL,
  `ThemeID` int(11) NOT NULL,
  `ColorCode` varchar(255) NOT NULL,
  `TopStyleID` int(11) NOT NULL,
  `BottomStyleID` int(11) NOT NULL,
  `VatPercentage` decimal(10,2) NOT NULL COMMENT 'This will be the VAT this booth is dealing with'
) ENGINE=MyISAM DEFAULT CHARSET=latin1;

-- --------------------------------------------------------

--
-- Table structure for table `user_followers`
--

CREATE TABLE `user_followers` (
  `UserFollowerID` int(11) NOT NULL,
  `Follower` int(11) NOT NULL,
  `Following` int(11) NOT NULL,
  `Type` enum('user','booth') NOT NULL
) ENGINE=MyISAM DEFAULT CHARSET=utf8;

-- --------------------------------------------------------

--
-- Table structure for table `user_friends_activities`
--

CREATE TABLE `user_friends_activities` (
  `UserFriendActivityID` int(11) NOT NULL,
  `LoggedInUserID` int(11) NOT NULL COMMENT '''Who will be seeing this notification in his app''',
  `UserType` enum('user','booth') NOT NULL DEFAULT 'user',
  `Type` varchar(255) NOT NULL,
  `UserID` int(11) NOT NULL COMMENT 'Who has done this activity',
  `NotificationTypeID` int(11) NOT NULL,
  `NotificationTextEn` text CHARACTER SET utf8 NOT NULL,
  `NotificationTextAr` text CHARACTER SET utf8 NOT NULL,
  `ProductID` varchar(255) NOT NULL COMMENT 'Comma separated product ids ',
  `ProductCommentID` int(11) NOT NULL,
  `QuestionID` int(11) NOT NULL,
  `QuestionCommentID` int(11) NOT NULL,
  `MentionedUserID` varchar(255) NOT NULL,
  `MentionedUserName` varchar(255) NOT NULL,
  `MentionedUserType` varchar(255) NOT NULL,
  `IsRead` int(11) NOT NULL,
  `CreatedAt` varchar(255) NOT NULL COMMENT 'Timestamp on UTC 0'
) ENGINE=MyISAM DEFAULT CHARSET=latin1;

-- --------------------------------------------------------

--
-- Table structure for table `user_notifications`
--

CREATE TABLE `user_notifications` (
  `UserNotificationID` int(11) NOT NULL,
  `LoggedInUserID` int(11) NOT NULL,
  `UserType` enum('user','booth') NOT NULL DEFAULT 'user',
  `ActivityDoneAs` varchar(255) NOT NULL,
  `Type` varchar(255) NOT NULL,
  `UserID` int(11) NOT NULL,
  `OrderID` int(11) NOT NULL,
  `OrderRequestID` int(11) NOT NULL,
  `ProductID` int(11) NOT NULL,
  `ProductCommentID` int(11) NOT NULL,
  `QuestionID` int(11) NOT NULL,
  `CouponID` int(99) NOT NULL,
  `QuestionCommentID` int(11) NOT NULL,
  `NotificationTypeID` int(11) NOT NULL,
  `NotificationTextEn` text NOT NULL,
  `NotificationTextAr` text NOT NULL,
  `MentionedUserID` varchar(255) NOT NULL,
  `MentionedUserName` varchar(255) NOT NULL,
  `MentionedUserType` varchar(255) NOT NULL,
  `IsRead` int(11) NOT NULL,
  `CreatedAt` varchar(255) NOT NULL
) ENGINE=MyISAM DEFAULT CHARSET=utf8;

-- --------------------------------------------------------

--
-- Table structure for table `user_notification_types`
--

CREATE TABLE `user_notification_types` (
  `NotificationTypeID` int(11) NOT NULL,
  `NotificationTextEn` mediumtext NOT NULL,
  `NotificationTextAr` text NOT NULL
) ENGINE=MyISAM DEFAULT CHARSET=utf8;

-- --------------------------------------------------------

--
-- Table structure for table `user_points_history`
--

CREATE TABLE `user_points_history` (
  `UserPointHistoryID` int(11) NOT NULL,
  `UserID` int(11) NOT NULL,
  `TransactionType` enum('Received','Used') NOT NULL,
  `Type` enum('Order','Invite') NOT NULL,
  `Points` decimal(10,2) NOT NULL,
  `OrderDate` int(11) NOT NULL,
  `OrderNumber` varchar(255) NOT NULL,
  `CreatedAt` int(11) NOT NULL
) ENGINE=MyISAM DEFAULT CHARSET=latin1;

-- --------------------------------------------------------

--
-- Table structure for table `user_posts`
--

CREATE TABLE `user_posts` (
  `UserPostID` int(11) NOT NULL,
  `UserID` int(11) NOT NULL,
  `ProductID` int(11) NOT NULL,
  `CategoryID` int(11) NOT NULL,
  `SubCategoryID` int(11) NOT NULL,
  `Image` varchar(255) NOT NULL,
  `Description` text NOT NULL,
  `CreatedAt` varchar(255) NOT NULL,
  `CreatedBy` int(11) NOT NULL,
  `UpdatedAt` varchar(255) NOT NULL,
  `UpdatedBy` int(11) NOT NULL
) ENGINE=InnoDB DEFAULT CHARSET=utf8;

-- --------------------------------------------------------

--
-- Table structure for table `user_posts_reported`
--

CREATE TABLE `user_posts_reported` (
  `UserPostReportedID` int(11) NOT NULL,
  `UserPostID` int(11) NOT NULL,
  `UserID` int(11) NOT NULL,
  `ReportReason` varchar(255) NOT NULL,
  `ReportedAt` varchar(255) NOT NULL
) ENGINE=InnoDB DEFAULT CHARSET=utf8;

-- --------------------------------------------------------

--
-- Table structure for table `user_wishlist`
--

CREATE TABLE `user_wishlist` (
  `UserWishlistID` int(11) NOT NULL,
  `UserID` int(11) NOT NULL,
  `ProductID` int(11) NOT NULL
) ENGINE=MyISAM DEFAULT CHARSET=latin1;

-- --------------------------------------------------------

--
-- Table structure for table `vehicles`
--

CREATE TABLE `vehicles` (
  `VehicleID` int(11) NOT NULL,
  `VehicleNumber` varchar(255) NOT NULL,
  `CityID` int(11) NOT NULL,
  `SortOrder` int(11) NOT NULL,
  `Hide` tinyint(4) NOT NULL,
  `IsActive` tinyint(4) NOT NULL,
  `CreatedAt` datetime NOT NULL,
  `UpdatedAt` datetime NOT NULL,
  `CreatedBy` int(11) NOT NULL,
  `UpdatedBy` int(11) NOT NULL
) ENGINE=MyISAM DEFAULT CHARSET=utf8;

--
-- Indexes for dumped tables
--

--
-- Indexes for table `bookings`
--
ALTER TABLE `bookings`
  ADD PRIMARY KEY (`BookingID`);

--
-- Indexes for table `booking_invoice`
--
ALTER TABLE `booking_invoice`
  ADD PRIMARY KEY (`BookingInvoiceID`);

--
-- Indexes for table `booking_material`
--
ALTER TABLE `booking_material`
  ADD PRIMARY KEY (`BookingMaterialID`);

--
-- Indexes for table `booking_service`
--
ALTER TABLE `booking_service`
  ADD PRIMARY KEY (`BookingServiceID`);

--
-- Indexes for table `categories`
--
ALTER TABLE `categories`
  ADD PRIMARY KEY (`CategoryID`);

--
-- Indexes for table `categories_text`
--
ALTER TABLE `categories_text`
  ADD PRIMARY KEY (`CategoryTextID`),
  ADD KEY `categories_text_CategoryID_fk` (`CategoryID`);

--
-- Indexes for table `chats`
--
ALTER TABLE `chats`
  ADD PRIMARY KEY (`ChatID`);

--
-- Indexes for table `chat_messages`
--
ALTER TABLE `chat_messages`
  ADD PRIMARY KEY (`ChatMessageID`);

--
-- Indexes for table `cities`
--
ALTER TABLE `cities`
  ADD PRIMARY KEY (`CityID`);

--
-- Indexes for table `cities_text`
--
ALTER TABLE `cities_text`
  ADD PRIMARY KEY (`CityTextID`),
  ADD KEY `FK_cities_text` (`CityID`);

--
-- Indexes for table `comment_reported`
--
ALTER TABLE `comment_reported`
  ADD PRIMARY KEY (`CommentReportID`);

--
-- Indexes for table `countries`
--
ALTER TABLE `countries`
  ADD PRIMARY KEY (`CountryID`);

--
-- Indexes for table `countries_text`
--
ALTER TABLE `countries_text`
  ADD PRIMARY KEY (`CountryTextID`);

--
-- Indexes for table `coupons`
--
ALTER TABLE `coupons`
  ADD PRIMARY KEY (`CouponID`);

--
-- Indexes for table `coupons_text`
--
ALTER TABLE `coupons_text`
  ADD PRIMARY KEY (`CouponTextID`),
  ADD KEY `coupons_text_CouponID_fk` (`CouponID`);

--
-- Indexes for table `email_templates`
--
ALTER TABLE `email_templates`
  ADD PRIMARY KEY (`Email_templateID`);

--
-- Indexes for table `email_templates_text`
--
ALTER TABLE `email_templates_text`
  ADD PRIMARY KEY (`Email_templateTextID`),
  ADD KEY `email_templates_text_Email_templateID_fk` (`Email_templateID`);

--
-- Indexes for table `feedbacks`
--
ALTER TABLE `feedbacks`
  ADD PRIMARY KEY (`FeedbackID`);

--
-- Indexes for table `invites`
--
ALTER TABLE `invites`
  ADD PRIMARY KEY (`InviteID`);

--
-- Indexes for table `languages`
--
ALTER TABLE `languages`
  ADD PRIMARY KEY (`LanguageID`);

--
-- Indexes for table `mobile_verifications`
--
ALTER TABLE `mobile_verifications`
  ADD PRIMARY KEY (`MobileVerificationID`);

--
-- Indexes for table `modules`
--
ALTER TABLE `modules`
  ADD PRIMARY KEY (`ModuleID`);

--
-- Indexes for table `modules_rights`
--
ALTER TABLE `modules_rights`
  ADD PRIMARY KEY (`ModuleRightID`),
  ADD KEY `fk_ModuleID` (`ModuleID`);

--
-- Indexes for table `modules_text`
--
ALTER TABLE `modules_text`
  ADD PRIMARY KEY (`ModuleTextID`),
  ADD KEY `ModuleID` (`ModuleID`);

--
-- Indexes for table `modules_users_rights`
--
ALTER TABLE `modules_users_rights`
  ADD PRIMARY KEY (`ModuleRightID`),
  ADD KEY `fk_ModuleID` (`ModuleID`);

--
-- Indexes for table `orders`
--
ALTER TABLE `orders`
  ADD PRIMARY KEY (`OrderID`);

--
-- Indexes for table `orders_requests`
--
ALTER TABLE `orders_requests`
  ADD PRIMARY KEY (`OrderRequestID`);

--
-- Indexes for table `order_cancellation_reasons`
--
ALTER TABLE `order_cancellation_reasons`
  ADD PRIMARY KEY (`OrderCancellationReasonID`);

--
-- Indexes for table `order_items`
--
ALTER TABLE `order_items`
  ADD PRIMARY KEY (`OrderItemID`);

--
-- Indexes for table `order_statuses`
--
ALTER TABLE `order_statuses`
  ADD PRIMARY KEY (`OrderStatusID`);

--
-- Indexes for table `packages`
--
ALTER TABLE `packages`
  ADD PRIMARY KEY (`PackageID`);

--
-- Indexes for table `packages_text`
--
ALTER TABLE `packages_text`
  ADD PRIMARY KEY (`PackageTextID`),
  ADD KEY `packages_text_PackageID_fk` (`PackageID`);

--
-- Indexes for table `pages`
--
ALTER TABLE `pages`
  ADD PRIMARY KEY (`PageID`);

--
-- Indexes for table `pages_text`
--
ALTER TABLE `pages_text`
  ADD PRIMARY KEY (`PageTextID`),
  ADD KEY `pages_text_PageID_fk` (`PageID`);

--
-- Indexes for table `products`
--
ALTER TABLE `products`
  ADD PRIMARY KEY (`ProductID`);

--
-- Indexes for table `products_text`
--
ALTER TABLE `products_text`
  ADD PRIMARY KEY (`ProductTextID`),
  ADD KEY `products_text_ProductID_fk` (`ProductID`);

--
-- Indexes for table `product_comments`
--
ALTER TABLE `product_comments`
  ADD PRIMARY KEY (`ProductCommentID`);

--
-- Indexes for table `product_images`
--
ALTER TABLE `product_images`
  ADD PRIMARY KEY (`ProductImageID`);

--
-- Indexes for table `product_likes`
--
ALTER TABLE `product_likes`
  ADD PRIMARY KEY (`ProductLikeID`);

--
-- Indexes for table `product_ratings`
--
ALTER TABLE `product_ratings`
  ADD PRIMARY KEY (`ProductRatingID`);

--
-- Indexes for table `product_reported`
--
ALTER TABLE `product_reported`
  ADD PRIMARY KEY (`ProductReportID`);

--
-- Indexes for table `product_views`
--
ALTER TABLE `product_views`
  ADD PRIMARY KEY (`ProductViewID`);

--
-- Indexes for table `promoted_products`
--
ALTER TABLE `promoted_products`
  ADD PRIMARY KEY (`PromotedProductID`);

--
-- Indexes for table `promotions`
--
ALTER TABLE `promotions`
  ADD PRIMARY KEY (`PromotionID`);

--
-- Indexes for table `promotions_text`
--
ALTER TABLE `promotions_text`
  ADD PRIMARY KEY (`PromotionTextID`),
  ADD KEY `packages_text_PackageID_fk` (`PromotionID`);

--
-- Indexes for table `questions`
--
ALTER TABLE `questions`
  ADD PRIMARY KEY (`QuestionID`);

--
-- Indexes for table `question_comments`
--
ALTER TABLE `question_comments`
  ADD PRIMARY KEY (`QuestionCommentID`);

--
-- Indexes for table `question_images`
--
ALTER TABLE `question_images`
  ADD PRIMARY KEY (`QuestionImageID`);

--
-- Indexes for table `question_reported`
--
ALTER TABLE `question_reported`
  ADD PRIMARY KEY (`QuestionReportID`);

--
-- Indexes for table `roles`
--
ALTER TABLE `roles`
  ADD PRIMARY KEY (`RoleID`);

--
-- Indexes for table `roles_text`
--
ALTER TABLE `roles_text`
  ADD PRIMARY KEY (`RoleTextID`),
  ADD KEY `RoleID` (`RoleID`);

--
-- Indexes for table `site_settings`
--
ALTER TABLE `site_settings`
  ADD PRIMARY KEY (`SiteSettingID`);

--
-- Indexes for table `system_languages`
--
ALTER TABLE `system_languages`
  ADD PRIMARY KEY (`SystemLanguageID`);

--
-- Indexes for table `temp_orders`
--
ALTER TABLE `temp_orders`
  ADD PRIMARY KEY (`TempOrderID`);

--
-- Indexes for table `test`
--
ALTER TABLE `test`
  ADD PRIMARY KEY (`id`);

--
-- Indexes for table `themes`
--
ALTER TABLE `themes`
  ADD PRIMARY KEY (`ThemeID`);

--
-- Indexes for table `themes_text`
--
ALTER TABLE `themes_text`
  ADD PRIMARY KEY (`ThemeTextID`),
  ADD KEY `themeses_text_ThemesID_fk` (`ThemeID`);

--
-- Indexes for table `theme_styles`
--
ALTER TABLE `theme_styles`
  ADD PRIMARY KEY (`ThemeStyleID`);

--
-- Indexes for table `tickets`
--
ALTER TABLE `tickets`
  ADD PRIMARY KEY (`TicketID`);

--
-- Indexes for table `ticket_comments`
--
ALTER TABLE `ticket_comments`
  ADD PRIMARY KEY (`TicketCommentID`);

--
-- Indexes for table `users`
--
ALTER TABLE `users`
  ADD PRIMARY KEY (`UserID`),
  ADD KEY `users_ibfk_1` (`RoleID`);

--
-- Indexes for table `users_blocked`
--
ALTER TABLE `users_blocked`
  ADD PRIMARY KEY (`UserBlockedTblID`);

--
-- Indexes for table `users_text`
--
ALTER TABLE `users_text`
  ADD PRIMARY KEY (`UserTextID`),
  ADD KEY `RoleID` (`UserID`);

--
-- Indexes for table `user_addresses`
--
ALTER TABLE `user_addresses`
  ADD PRIMARY KEY (`AddressID`);

--
-- Indexes for table `user_categories`
--
ALTER TABLE `user_categories`
  ADD PRIMARY KEY (`UserCategoryID`);

--
-- Indexes for table `user_customization`
--
ALTER TABLE `user_customization`
  ADD PRIMARY KEY (`UserCustomizationID`);

--
-- Indexes for table `user_followers`
--
ALTER TABLE `user_followers`
  ADD PRIMARY KEY (`UserFollowerID`);

--
-- Indexes for table `user_friends_activities`
--
ALTER TABLE `user_friends_activities`
  ADD PRIMARY KEY (`UserFriendActivityID`);

--
-- Indexes for table `user_notifications`
--
ALTER TABLE `user_notifications`
  ADD PRIMARY KEY (`UserNotificationID`);

--
-- Indexes for table `user_notification_types`
--
ALTER TABLE `user_notification_types`
  ADD PRIMARY KEY (`NotificationTypeID`);

--
-- Indexes for table `user_points_history`
--
ALTER TABLE `user_points_history`
  ADD PRIMARY KEY (`UserPointHistoryID`);

--
-- Indexes for table `user_posts`
--
ALTER TABLE `user_posts`
  ADD PRIMARY KEY (`UserPostID`);

--
-- Indexes for table `user_posts_reported`
--
ALTER TABLE `user_posts_reported`
  ADD PRIMARY KEY (`UserPostReportedID`);

--
-- Indexes for table `user_wishlist`
--
ALTER TABLE `user_wishlist`
  ADD PRIMARY KEY (`UserWishlistID`);

--
-- Indexes for table `vehicles`
--
ALTER TABLE `vehicles`
  ADD PRIMARY KEY (`VehicleID`);

--
-- AUTO_INCREMENT for dumped tables
--

--
-- AUTO_INCREMENT for table `bookings`
--
ALTER TABLE `bookings`
  MODIFY `BookingID` int(11) NOT NULL AUTO_INCREMENT;

--
-- AUTO_INCREMENT for table `booking_invoice`
--
ALTER TABLE `booking_invoice`
  MODIFY `BookingInvoiceID` int(11) NOT NULL AUTO_INCREMENT;

--
-- AUTO_INCREMENT for table `booking_material`
--
ALTER TABLE `booking_material`
  MODIFY `BookingMaterialID` int(11) NOT NULL AUTO_INCREMENT;

--
-- AUTO_INCREMENT for table `booking_service`
--
ALTER TABLE `booking_service`
  MODIFY `BookingServiceID` int(11) NOT NULL AUTO_INCREMENT;

--
-- AUTO_INCREMENT for table `categories`
--
ALTER TABLE `categories`
  MODIFY `CategoryID` int(11) NOT NULL AUTO_INCREMENT, AUTO_INCREMENT=1149;

--
-- AUTO_INCREMENT for table `categories_text`
--
ALTER TABLE `categories_text`
  MODIFY `CategoryTextID` int(11) NOT NULL AUTO_INCREMENT, AUTO_INCREMENT=2297;

--
-- AUTO_INCREMENT for table `chats`
--
ALTER TABLE `chats`
  MODIFY `ChatID` int(11) NOT NULL AUTO_INCREMENT;

--
-- AUTO_INCREMENT for table `chat_messages`
--
ALTER TABLE `chat_messages`
  MODIFY `ChatMessageID` int(11) NOT NULL AUTO_INCREMENT;

--
-- AUTO_INCREMENT for table `cities`
--
ALTER TABLE `cities`
  MODIFY `CityID` int(11) NOT NULL AUTO_INCREMENT, AUTO_INCREMENT=9;

--
-- AUTO_INCREMENT for table `cities_text`
--
ALTER TABLE `cities_text`
  MODIFY `CityTextID` int(11) NOT NULL AUTO_INCREMENT, AUTO_INCREMENT=17;

--
-- AUTO_INCREMENT for table `comment_reported`
--
ALTER TABLE `comment_reported`
  MODIFY `CommentReportID` int(11) NOT NULL AUTO_INCREMENT;

--
-- AUTO_INCREMENT for table `countries`
--
ALTER TABLE `countries`
  MODIFY `CountryID` int(11) NOT NULL AUTO_INCREMENT, AUTO_INCREMENT=6;

--
-- AUTO_INCREMENT for table `countries_text`
--
ALTER TABLE `countries_text`
  MODIFY `CountryTextID` int(11) NOT NULL AUTO_INCREMENT, AUTO_INCREMENT=11;

--
-- AUTO_INCREMENT for table `coupons`
--
ALTER TABLE `coupons`
  MODIFY `CouponID` int(11) NOT NULL AUTO_INCREMENT;

--
-- AUTO_INCREMENT for table `coupons_text`
--
ALTER TABLE `coupons_text`
  MODIFY `CouponTextID` int(11) NOT NULL AUTO_INCREMENT;

--
-- AUTO_INCREMENT for table `email_templates`
--
ALTER TABLE `email_templates`
  MODIFY `Email_templateID` int(11) NOT NULL AUTO_INCREMENT, AUTO_INCREMENT=24;

--
-- AUTO_INCREMENT for table `email_templates_text`
--
ALTER TABLE `email_templates_text`
  MODIFY `Email_templateTextID` int(11) NOT NULL AUTO_INCREMENT, AUTO_INCREMENT=45;

--
-- AUTO_INCREMENT for table `feedbacks`
--
ALTER TABLE `feedbacks`
  MODIFY `FeedbackID` int(11) NOT NULL AUTO_INCREMENT;

--
-- AUTO_INCREMENT for table `invites`
--
ALTER TABLE `invites`
  MODIFY `InviteID` int(11) NOT NULL AUTO_INCREMENT;

--
-- AUTO_INCREMENT for table `languages`
--
ALTER TABLE `languages`
  MODIFY `LanguageID` int(11) NOT NULL AUTO_INCREMENT;

--
-- AUTO_INCREMENT for table `mobile_verifications`
--
ALTER TABLE `mobile_verifications`
  MODIFY `MobileVerificationID` int(11) NOT NULL AUTO_INCREMENT;

--
-- AUTO_INCREMENT for table `modules`
--
ALTER TABLE `modules`
  MODIFY `ModuleID` int(11) NOT NULL AUTO_INCREMENT, AUTO_INCREMENT=71;

--
-- AUTO_INCREMENT for table `modules_rights`
--
ALTER TABLE `modules_rights`
  MODIFY `ModuleRightID` int(11) NOT NULL AUTO_INCREMENT, AUTO_INCREMENT=303;

--
-- AUTO_INCREMENT for table `modules_text`
--
ALTER TABLE `modules_text`
  MODIFY `ModuleTextID` int(11) NOT NULL AUTO_INCREMENT, AUTO_INCREMENT=60;

--
-- AUTO_INCREMENT for table `modules_users_rights`
--
ALTER TABLE `modules_users_rights`
  MODIFY `ModuleRightID` int(11) NOT NULL AUTO_INCREMENT, AUTO_INCREMENT=1310;

--
-- AUTO_INCREMENT for table `orders`
--
ALTER TABLE `orders`
  MODIFY `OrderID` int(11) NOT NULL AUTO_INCREMENT;

--
-- AUTO_INCREMENT for table `orders_requests`
--
ALTER TABLE `orders_requests`
  MODIFY `OrderRequestID` int(11) NOT NULL AUTO_INCREMENT;

--
-- AUTO_INCREMENT for table `order_cancellation_reasons`
--
ALTER TABLE `order_cancellation_reasons`
  MODIFY `OrderCancellationReasonID` int(11) NOT NULL AUTO_INCREMENT, AUTO_INCREMENT=13;

--
-- AUTO_INCREMENT for table `order_items`
--
ALTER TABLE `order_items`
  MODIFY `OrderItemID` int(11) NOT NULL AUTO_INCREMENT, AUTO_INCREMENT=16;

--
-- AUTO_INCREMENT for table `order_statuses`
--
ALTER TABLE `order_statuses`
  MODIFY `OrderStatusID` int(11) NOT NULL AUTO_INCREMENT, AUTO_INCREMENT=10;

--
-- AUTO_INCREMENT for table `packages`
--
ALTER TABLE `packages`
  MODIFY `PackageID` int(11) NOT NULL AUTO_INCREMENT, AUTO_INCREMENT=4;

--
-- AUTO_INCREMENT for table `packages_text`
--
ALTER TABLE `packages_text`
  MODIFY `PackageTextID` int(11) NOT NULL AUTO_INCREMENT, AUTO_INCREMENT=4;

--
-- AUTO_INCREMENT for table `pages`
--
ALTER TABLE `pages`
  MODIFY `PageID` int(11) NOT NULL AUTO_INCREMENT, AUTO_INCREMENT=6;

--
-- AUTO_INCREMENT for table `pages_text`
--
ALTER TABLE `pages_text`
  MODIFY `PageTextID` int(11) NOT NULL AUTO_INCREMENT, AUTO_INCREMENT=11;

--
-- AUTO_INCREMENT for table `products`
--
ALTER TABLE `products`
  MODIFY `ProductID` int(11) NOT NULL AUTO_INCREMENT;

--
-- AUTO_INCREMENT for table `products_text`
--
ALTER TABLE `products_text`
  MODIFY `ProductTextID` int(11) NOT NULL AUTO_INCREMENT;

--
-- AUTO_INCREMENT for table `product_comments`
--
ALTER TABLE `product_comments`
  MODIFY `ProductCommentID` int(11) NOT NULL AUTO_INCREMENT;

--
-- AUTO_INCREMENT for table `product_images`
--
ALTER TABLE `product_images`
  MODIFY `ProductImageID` int(11) NOT NULL AUTO_INCREMENT;

--
-- AUTO_INCREMENT for table `product_likes`
--
ALTER TABLE `product_likes`
  MODIFY `ProductLikeID` int(11) NOT NULL AUTO_INCREMENT;

--
-- AUTO_INCREMENT for table `product_ratings`
--
ALTER TABLE `product_ratings`
  MODIFY `ProductRatingID` int(11) NOT NULL AUTO_INCREMENT;

--
-- AUTO_INCREMENT for table `product_reported`
--
ALTER TABLE `product_reported`
  MODIFY `ProductReportID` int(11) NOT NULL AUTO_INCREMENT;

--
-- AUTO_INCREMENT for table `product_views`
--
ALTER TABLE `product_views`
  MODIFY `ProductViewID` int(11) NOT NULL AUTO_INCREMENT;

--
-- AUTO_INCREMENT for table `promoted_products`
--
ALTER TABLE `promoted_products`
  MODIFY `PromotedProductID` int(11) NOT NULL AUTO_INCREMENT;

--
-- AUTO_INCREMENT for table `promotions`
--
ALTER TABLE `promotions`
  MODIFY `PromotionID` int(11) NOT NULL AUTO_INCREMENT;

--
-- AUTO_INCREMENT for table `promotions_text`
--
ALTER TABLE `promotions_text`
  MODIFY `PromotionTextID` int(11) NOT NULL AUTO_INCREMENT;

--
-- AUTO_INCREMENT for table `questions`
--
ALTER TABLE `questions`
  MODIFY `QuestionID` int(11) NOT NULL AUTO_INCREMENT;

--
-- AUTO_INCREMENT for table `question_comments`
--
ALTER TABLE `question_comments`
  MODIFY `QuestionCommentID` int(11) NOT NULL AUTO_INCREMENT;

--
-- AUTO_INCREMENT for table `question_images`
--
ALTER TABLE `question_images`
  MODIFY `QuestionImageID` int(11) NOT NULL AUTO_INCREMENT;

--
-- AUTO_INCREMENT for table `question_reported`
--
ALTER TABLE `question_reported`
  MODIFY `QuestionReportID` int(11) NOT NULL AUTO_INCREMENT;

--
-- AUTO_INCREMENT for table `roles`
--
ALTER TABLE `roles`
  MODIFY `RoleID` int(11) NOT NULL AUTO_INCREMENT, AUTO_INCREMENT=5;

--
-- AUTO_INCREMENT for table `roles_text`
--
ALTER TABLE `roles_text`
  MODIFY `RoleTextID` int(11) NOT NULL AUTO_INCREMENT, AUTO_INCREMENT=13;

--
-- AUTO_INCREMENT for table `site_settings`
--
ALTER TABLE `site_settings`
  MODIFY `SiteSettingID` int(11) NOT NULL AUTO_INCREMENT, AUTO_INCREMENT=2;

--
-- AUTO_INCREMENT for table `system_languages`
--
ALTER TABLE `system_languages`
  MODIFY `SystemLanguageID` int(11) NOT NULL AUTO_INCREMENT, AUTO_INCREMENT=3;

--
-- AUTO_INCREMENT for table `temp_orders`
--
ALTER TABLE `temp_orders`
  MODIFY `TempOrderID` int(11) NOT NULL AUTO_INCREMENT;

--
-- AUTO_INCREMENT for table `test`
--
ALTER TABLE `test`
  MODIFY `id` int(11) NOT NULL AUTO_INCREMENT;

--
-- AUTO_INCREMENT for table `themes`
--
ALTER TABLE `themes`
  MODIFY `ThemeID` int(11) NOT NULL AUTO_INCREMENT, AUTO_INCREMENT=9;

--
-- AUTO_INCREMENT for table `themes_text`
--
ALTER TABLE `themes_text`
  MODIFY `ThemeTextID` int(11) NOT NULL AUTO_INCREMENT, AUTO_INCREMENT=10;

--
-- AUTO_INCREMENT for table `theme_styles`
--
ALTER TABLE `theme_styles`
  MODIFY `ThemeStyleID` int(11) NOT NULL AUTO_INCREMENT, AUTO_INCREMENT=49;

--
-- AUTO_INCREMENT for table `tickets`
--
ALTER TABLE `tickets`
  MODIFY `TicketID` int(11) NOT NULL AUTO_INCREMENT;

--
-- AUTO_INCREMENT for table `ticket_comments`
--
ALTER TABLE `ticket_comments`
  MODIFY `TicketCommentID` int(11) NOT NULL AUTO_INCREMENT;

--
-- AUTO_INCREMENT for table `users`
--
ALTER TABLE `users`
  MODIFY `UserID` int(11) NOT NULL AUTO_INCREMENT, AUTO_INCREMENT=251;

--
-- AUTO_INCREMENT for table `users_blocked`
--
ALTER TABLE `users_blocked`
  MODIFY `UserBlockedTblID` int(11) NOT NULL AUTO_INCREMENT;

--
-- AUTO_INCREMENT for table `users_text`
--
ALTER TABLE `users_text`
  MODIFY `UserTextID` int(11) NOT NULL AUTO_INCREMENT, AUTO_INCREMENT=279;

--
-- AUTO_INCREMENT for table `user_addresses`
--
ALTER TABLE `user_addresses`
  MODIFY `AddressID` int(11) NOT NULL AUTO_INCREMENT;

--
-- AUTO_INCREMENT for table `user_categories`
--
ALTER TABLE `user_categories`
  MODIFY `UserCategoryID` int(11) NOT NULL AUTO_INCREMENT;

--
-- AUTO_INCREMENT for table `user_customization`
--
ALTER TABLE `user_customization`
  MODIFY `UserCustomizationID` int(11) NOT NULL AUTO_INCREMENT;

--
-- AUTO_INCREMENT for table `user_followers`
--
ALTER TABLE `user_followers`
  MODIFY `UserFollowerID` int(11) NOT NULL AUTO_INCREMENT;

--
-- AUTO_INCREMENT for table `user_friends_activities`
--
ALTER TABLE `user_friends_activities`
  MODIFY `UserFriendActivityID` int(11) NOT NULL AUTO_INCREMENT;

--
-- AUTO_INCREMENT for table `user_notifications`
--
ALTER TABLE `user_notifications`
  MODIFY `UserNotificationID` int(11) NOT NULL AUTO_INCREMENT;

--
-- AUTO_INCREMENT for table `user_notification_types`
--
ALTER TABLE `user_notification_types`
  MODIFY `NotificationTypeID` int(11) NOT NULL AUTO_INCREMENT;

--
-- AUTO_INCREMENT for table `user_points_history`
--
ALTER TABLE `user_points_history`
  MODIFY `UserPointHistoryID` int(11) NOT NULL AUTO_INCREMENT;

--
-- AUTO_INCREMENT for table `user_posts`
--
ALTER TABLE `user_posts`
  MODIFY `UserPostID` int(11) NOT NULL AUTO_INCREMENT;

--
-- AUTO_INCREMENT for table `user_posts_reported`
--
ALTER TABLE `user_posts_reported`
  MODIFY `UserPostReportedID` int(11) NOT NULL AUTO_INCREMENT;

--
-- AUTO_INCREMENT for table `user_wishlist`
--
ALTER TABLE `user_wishlist`
  MODIFY `UserWishlistID` int(11) NOT NULL AUTO_INCREMENT;

--
-- AUTO_INCREMENT for table `vehicles`
--
ALTER TABLE `vehicles`
  MODIFY `VehicleID` int(11) NOT NULL AUTO_INCREMENT;

--
-- Constraints for dumped tables
--

--
-- Constraints for table `categories_text`
--
ALTER TABLE `categories_text`
  ADD CONSTRAINT `categories_text_CategoryID_fk` FOREIGN KEY (`CategoryID`) REFERENCES `categories` (`CategoryID`) ON DELETE CASCADE ON UPDATE CASCADE;

--
-- Constraints for table `cities_text`
--
ALTER TABLE `cities_text`
  ADD CONSTRAINT `FK_cities_text` FOREIGN KEY (`CityID`) REFERENCES `cities` (`CityID`);

--
-- Constraints for table `email_templates_text`
--
ALTER TABLE `email_templates_text`
  ADD CONSTRAINT `email_templates_text_Email_templateID_fk` FOREIGN KEY (`Email_templateID`) REFERENCES `email_templates` (`Email_templateID`) ON DELETE CASCADE ON UPDATE CASCADE;

--
-- Constraints for table `modules_rights`
--
ALTER TABLE `modules_rights`
  ADD CONSTRAINT `fk_ModuleID` FOREIGN KEY (`ModuleID`) REFERENCES `modules` (`ModuleID`);

--
-- Constraints for table `modules_text`
--
ALTER TABLE `modules_text`
  ADD CONSTRAINT `modules_text_ibfk_1` FOREIGN KEY (`ModuleID`) REFERENCES `modules` (`ModuleID`);

--
-- Constraints for table `packages_text`
--
ALTER TABLE `packages_text`
  ADD CONSTRAINT `packages_text_PackageID_fk` FOREIGN KEY (`PackageID`) REFERENCES `packages` (`PackageID`) ON DELETE CASCADE ON UPDATE CASCADE;

--
-- Constraints for table `pages_text`
--
ALTER TABLE `pages_text`
  ADD CONSTRAINT `pages_text_PageID_fk` FOREIGN KEY (`PageID`) REFERENCES `pages` (`PageID`) ON DELETE CASCADE ON UPDATE CASCADE;

--
-- Constraints for table `products_text`
--
ALTER TABLE `products_text`
  ADD CONSTRAINT `products_text_ProductID_fk` FOREIGN KEY (`ProductID`) REFERENCES `products` (`ProductID`) ON DELETE CASCADE ON UPDATE CASCADE;

--
-- Constraints for table `roles_text`
--
ALTER TABLE `roles_text`
  ADD CONSTRAINT `roles_text_ibfk_1` FOREIGN KEY (`RoleID`) REFERENCES `roles` (`RoleID`);

--
-- Constraints for table `users`
--
ALTER TABLE `users`
  ADD CONSTRAINT `users_ibfk_1` FOREIGN KEY (`RoleID`) REFERENCES `roles` (`RoleID`) ON UPDATE CASCADE;

--
-- Constraints for table `users_text`
--
ALTER TABLE `users_text`
  ADD CONSTRAINT `users_text_ibfk_1` FOREIGN KEY (`UserID`) REFERENCES `users` (`UserID`);
