-- phpMyAdmin SQL Dump
-- version 4.8.5
-- https://www.phpmyadmin.net/
--
-- Host: localhost:3306
-- Generation Time: Oct 15, 2019 at 11:24 AM
-- Server version: 5.7.28
-- PHP Version: 7.2.7

SET SQL_MODE = "NO_AUTO_VALUE_ON_ZERO";
SET AUTOCOMMIT = 0;
START TRANSACTION;
SET time_zone = "+00:00";


/*!40101 SET @OLD_CHARACTER_SET_CLIENT=@@CHARACTER_SET_CLIENT */;
/*!40101 SET @OLD_CHARACTER_SET_RESULTS=@@CHARACTER_SET_RESULTS */;
/*!40101 SET @OLD_COLLATION_CONNECTION=@@COLLATION_CONNECTION */;
/*!40101 SET NAMES utf8mb4 */;

--
-- Database: `baacboot_db`
--

-- --------------------------------------------------------

--
-- Table structure for table `bookings`
--

CREATE TABLE `bookings` (
  `BookingID` int(11) NOT NULL,
  `UserID` int(11) NOT NULL,
  `CategoryID` int(11) NOT NULL,
  `BookingDate` varchar(255) NOT NULL,
  `BookingTime` varchar(255) NOT NULL,
  `Description` text CHARACTER SET utf8 NOT NULL,
  `OrderNumber` varchar(255) NOT NULL,
  `Status` int(11) NOT NULL DEFAULT '1' COMMENT 'These are defined in booking_statuses table',
  `Address` text CHARACTER SET utf8 NOT NULL,
  `AddressLat` double NOT NULL,
  `AddressLong` double NOT NULL,
  `Image` varchar(255) CHARACTER SET utf8 NOT NULL,
  `BarcodeImage` varchar(255) CHARACTER SET utf8 NOT NULL,
  `TechnicianID` int(11) NOT NULL,
  `VehicleID` int(11) NOT NULL,
  `IsRead` int(11) NOT NULL,
  `CreatedAt` datetime NOT NULL DEFAULT CURRENT_TIMESTAMP
) ENGINE=InnoDB DEFAULT CHARSET=latin1;

-- --------------------------------------------------------

--
-- Table structure for table `booking_invoice`
--

CREATE TABLE `booking_invoice` (
  `BookingInvoiceID` int(11) NOT NULL,
  `BookingID` int(11) NOT NULL,
  `InvoiceNumber` varchar(255) NOT NULL,
  `ServiceCost` decimal(10,2) NOT NULL COMMENT 'This is the total of booking_service table against the BookingID',
  `MaterialCost` decimal(10,2) NOT NULL COMMENT 'This is the total of booking_materials table against the BookingID',
  `CouponCode` varchar(255) NOT NULL,
  `CouponCodeDiscountPercentage` decimal(10,2) NOT NULL,
  `LoyaltyPointsUsed` int(11) NOT NULL,
  `EarnedLoyaltyPoints` int(11) NOT NULL,
  `DiscountAvailed` decimal(10,2) NOT NULL,
  `VatPercentage` decimal(10,2) NOT NULL,
  `VatApplied` decimal(10,2) NOT NULL,
  `TotalCost` decimal(10,2) NOT NULL,
  `GuaranteeDate` varchar(255) NOT NULL
) ENGINE=InnoDB DEFAULT CHARSET=latin1;

-- --------------------------------------------------------

--
-- Table structure for table `booking_material`
--

CREATE TABLE `booking_material` (
  `BookingMaterialID` int(11) NOT NULL,
  `BookingID` int(11) NOT NULL,
  `MaterialDescription` text CHARACTER SET utf8 NOT NULL,
  `MaterialCost` decimal(10,2) NOT NULL
) ENGINE=MyISAM DEFAULT CHARSET=latin1;

-- --------------------------------------------------------

--
-- Table structure for table `booking_service`
--

CREATE TABLE `booking_service` (
  `BookingServiceID` int(11) NOT NULL,
  `BookingID` int(11) NOT NULL,
  `ServiceDescription` text CHARACTER SET utf8 NOT NULL,
  `ServiceCost` decimal(10,2) NOT NULL
) ENGINE=MyISAM DEFAULT CHARSET=latin1;

-- --------------------------------------------------------

--
-- Table structure for table `categories`
--

CREATE TABLE `categories` (
  `CategoryID` int(11) NOT NULL,
  `ParentID` int(11) NOT NULL,
  `CategoryPrice` float NOT NULL,
  `SortOrder` int(11) NOT NULL,
  `Image` varchar(255) NOT NULL,
  `Hide` tinyint(4) NOT NULL,
  `IsActive` tinyint(4) NOT NULL,
  `CreatedAt` datetime NOT NULL,
  `UpdatedAt` datetime NOT NULL,
  `CreatedBy` int(11) NOT NULL,
  `UpdatedBy` int(11) NOT NULL
) ENGINE=InnoDB DEFAULT CHARSET=utf8;

--
-- Dumping data for table `categories`
--

INSERT INTO `categories` (`CategoryID`, `ParentID`, `CategoryPrice`, `SortOrder`, `Image`, `Hide`, `IsActive`, `CreatedAt`, `UpdatedAt`, `CreatedBy`, `UpdatedBy`) VALUES
(1, 0, 0, 4, 'uploads/images/7681722030720190726105650european-fashion-for-men-sage.jpg', 0, 1, '2019-04-17 15:51:09', '2019-07-26 10:50:56', 1, 1),
(2, 0, 0, 5, 'uploads/images/514098982420190726101158wholesale_fashion_accessories.jpg', 0, 1, '2019-04-17 15:51:39', '2019-07-26 10:58:11', 1, 1),
(3, 0, 0, 3, 'uploads/images/6083134944820190726101249Inner-1.png', 0, 1, '2019-04-17 15:51:57', '2019-07-26 10:49:12', 1, 1),
(4, 1, 0, 2, 'uploads/images/6147162284320190418124250Fashion-PNG-Pic.png', 0, 1, '2019-04-17 15:52:22', '2019-04-17 15:52:22', 1, 1),
(5, 1, 0, 4, 'uploads/images/6147162284320190418124250Fashion-PNG-Pic.png', 0, 1, '2019-04-17 15:52:37', '2019-04-17 15:52:37', 1, 1),
(6, 1, 0, 6, 'uploads/images/6147162284320190418124250Fashion-PNG-Pic.png', 0, 1, '2019-04-17 15:52:54', '2019-04-17 15:52:54', 1, 1),
(7, 1, 0, 1, 'uploads/images/6147162284320190418124250Fashion-PNG-Pic.png', 0, 1, '2019-04-17 15:53:15', '2019-04-17 15:53:15', 1, 1),
(8, 4, 0, 0, 'uploads/images/6147162284320190418124250Fashion-PNG-Pic.png', 0, 1, '2019-04-17 15:53:57', '2019-04-17 15:53:57', 1, 1),
(9, 4, 0, 0, 'uploads/images/6147162284320190418124250Fashion-PNG-Pic.png', 0, 1, '2019-04-17 15:54:05', '2019-04-17 15:54:14', 1, 1),
(10, 4, 0, 0, 'uploads/images/6147162284320190418124250Fashion-PNG-Pic.png', 0, 1, '2019-04-17 15:56:46', '2019-04-17 15:56:46', 1, 1),
(11, 4, 0, 0, 'uploads/images/6147162284320190418124250Fashion-PNG-Pic.png', 0, 1, '2019-04-17 15:56:59', '2019-04-17 15:56:59', 1, 1),
(12, 4, 0, 0, 'uploads/images/6147162284320190418124250Fashion-PNG-Pic.png', 0, 1, '2019-04-17 15:57:04', '2019-04-17 15:57:04', 1, 1),
(13, 4, 0, 0, 'uploads/images/6147162284320190418124250Fashion-PNG-Pic.png', 0, 1, '2019-04-17 15:57:09', '2019-04-17 15:57:09', 1, 1),
(14, 4, 0, 0, 'uploads/images/6147162284320190418124250Fashion-PNG-Pic.png', 0, 1, '2019-04-17 15:57:14', '2019-04-17 15:57:14', 1, 1),
(15, 4, 0, 0, 'uploads/images/6147162284320190418124250Fashion-PNG-Pic.png', 0, 1, '2019-04-17 15:57:21', '2019-04-17 15:57:21', 1, 1),
(16, 4, 0, 0, 'uploads/images/6147162284320190418124250Fashion-PNG-Pic.png', 0, 1, '2019-04-17 15:57:27', '2019-04-17 15:57:27', 1, 1),
(17, 4, 0, 0, 'uploads/images/6147162284320190418124250Fashion-PNG-Pic.png', 0, 1, '2019-04-17 15:57:33', '2019-04-17 15:57:33', 1, 1),
(18, 4, 0, 0, 'uploads/images/6147162284320190418124250Fashion-PNG-Pic.png', 0, 1, '2019-04-17 15:57:48', '2019-04-17 15:57:48', 1, 1),
(19, 4, 0, 0, 'uploads/images/6147162284320190418124250Fashion-PNG-Pic.png', 0, 1, '2019-04-17 15:57:53', '2019-04-17 15:57:53', 1, 1),
(20, 4, 0, 0, 'uploads/images/6147162284320190418124250Fashion-PNG-Pic.png', 0, 1, '2019-04-17 15:58:03', '2019-04-17 15:58:03', 1, 1),
(21, 3, 0, 0, '', 0, 1, '2019-04-19 09:48:33', '2019-04-19 09:48:33', 1, 1),
(22, 2, 0, 0, '', 0, 1, '2019-04-30 10:40:29', '2019-07-26 10:28:01', 1, 1),
(23, 0, 0, 6, 'uploads/images/6218810678720190726100946Basic-Office-Supplies-810x332.jpg', 0, 1, '2019-04-30 10:51:30', '2019-07-26 10:46:09', 1, 1),
(24, 23, 0, 0, '', 0, 1, '2019-04-30 10:52:53', '2019-07-26 10:42:51', 1, 1),
(25, 1, 0, 3, '', 0, 1, '2019-07-26 09:00:45', '2019-07-26 10:22:12', 1, 1),
(26, 4, 0, 0, '', 0, 1, '2019-07-26 09:03:13', '2019-07-26 09:03:13', 1, 1),
(27, 4, 0, 0, '', 0, 1, '2019-07-26 09:04:06', '2019-07-26 09:04:06', 1, 1),
(28, 4, 0, 0, '', 0, 1, '2019-07-26 09:04:42', '2019-07-26 09:04:42', 1, 1),
(29, 4, 0, 0, '', 0, 1, '2019-07-26 09:04:50', '2019-07-26 09:04:50', 1, 1),
(30, 4, 0, 0, '', 0, 1, '2019-07-26 09:04:58', '2019-07-26 09:04:58', 1, 1),
(31, 4, 0, 0, '', 0, 1, '2019-07-26 09:11:16', '2019-07-26 09:11:16', 1, 1),
(32, 5, 0, 0, '', 0, 1, '2019-07-26 09:19:31', '2019-07-26 09:19:31', 1, 1),
(33, 5, 0, 0, '', 0, 1, '2019-07-26 09:19:41', '2019-07-26 09:19:41', 1, 1),
(34, 5, 0, 0, '', 0, 1, '2019-07-26 09:19:48', '2019-07-26 09:19:48', 1, 1),
(35, 5, 0, 0, '', 0, 1, '2019-07-26 09:19:58', '2019-07-26 09:19:58', 1, 1),
(36, 5, 0, 0, '', 0, 1, '2019-07-26 09:20:05', '2019-07-26 09:20:05', 1, 1),
(37, 5, 0, 0, '', 0, 1, '2019-07-26 09:20:09', '2019-07-26 09:20:09', 1, 1),
(38, 5, 0, 0, '', 0, 1, '2019-07-26 09:20:15', '2019-07-26 09:20:15', 1, 1),
(39, 5, 0, 0, '', 0, 1, '2019-07-26 09:20:22', '2019-07-26 09:20:22', 1, 1),
(40, 5, 0, 0, '', 0, 1, '2019-07-26 09:20:28', '2019-07-26 09:20:28', 1, 1),
(41, 5, 0, 0, '', 0, 1, '2019-07-26 09:20:35', '2019-07-26 09:20:35', 1, 1),
(43, 6, 0, 0, '', 0, 1, '2019-07-26 10:06:24', '2019-07-26 10:06:24', 1, 1),
(44, 6, 0, 0, '', 0, 1, '2019-07-26 10:06:29', '2019-07-26 10:06:29', 1, 1),
(45, 6, 0, 0, '', 0, 1, '2019-07-26 10:06:35', '2019-07-26 10:06:35', 1, 1),
(46, 6, 0, 0, '', 0, 1, '2019-07-26 10:06:40', '2019-07-26 10:06:40', 1, 1),
(47, 6, 0, 0, '', 0, 1, '2019-07-26 10:06:42', '2019-07-26 10:06:42', 1, 1),
(48, 6, 0, 0, '', 0, 1, '2019-07-26 10:06:45', '2019-07-26 10:06:45', 1, 1),
(49, 6, 0, 0, '', 0, 1, '2019-07-26 10:06:48', '2019-07-26 10:06:48', 1, 1),
(50, 6, 0, 0, '', 0, 1, '2019-07-26 10:06:52', '2019-07-26 10:06:52', 1, 1),
(51, 6, 0, 0, '', 0, 1, '2019-07-26 10:06:59', '2019-07-26 10:06:59', 1, 1),
(52, 6, 0, 0, '', 0, 1, '2019-07-26 10:07:04', '2019-07-26 10:07:04', 1, 1),
(53, 6, 0, 0, '', 0, 1, '2019-07-26 10:07:07', '2019-07-26 10:07:07', 1, 1),
(54, 6, 0, 0, '', 0, 1, '2019-07-26 10:07:10', '2019-07-26 10:07:10', 1, 1),
(55, 6, 0, 0, '', 0, 1, '2019-07-26 10:07:15', '2019-07-26 10:07:15', 1, 1),
(56, 6, 0, 0, '', 0, 1, '2019-07-26 10:07:18', '2019-07-26 10:07:18', 1, 1),
(57, 6, 0, 0, '', 0, 1, '2019-07-26 10:07:21', '2019-07-26 10:07:21', 1, 1),
(58, 6, 0, 0, '', 0, 1, '2019-07-26 10:07:25', '2019-07-26 10:07:25', 1, 1),
(59, 6, 0, 0, '', 0, 1, '2019-07-26 10:07:33', '2019-07-26 10:07:33', 1, 1),
(60, 6, 0, 0, '', 0, 1, '2019-07-26 10:07:36', '2019-07-26 10:07:36', 1, 1),
(61, 6, 0, 0, '', 0, 1, '2019-07-26 10:07:42', '2019-07-26 10:07:42', 1, 1),
(62, 6, 0, 0, '', 0, 1, '2019-07-26 10:07:49', '2019-07-26 10:07:49', 1, 1),
(63, 6, 0, 0, '', 0, 1, '2019-07-26 10:07:58', '2019-07-26 10:07:58', 1, 1),
(64, 6, 0, 0, '', 0, 1, '2019-07-26 10:08:04', '2019-07-26 10:08:04', 1, 1),
(65, 6, 0, 0, '', 0, 1, '2019-07-26 10:08:07', '2019-07-26 10:08:07', 1, 1),
(66, 6, 0, 0, '', 0, 1, '2019-07-26 10:08:10', '2019-07-26 10:08:10', 1, 1),
(67, 6, 0, 0, '', 0, 1, '2019-07-26 10:08:20', '2019-07-26 10:08:20', 1, 1),
(68, 6, 0, 0, '', 0, 1, '2019-07-26 10:08:22', '2019-07-26 10:08:22', 1, 1),
(69, 7, 0, 0, '', 0, 1, '2019-07-26 10:19:17', '2019-07-26 10:19:17', 1, 1),
(70, 7, 0, 4, '', 0, 1, '2019-07-26 10:19:23', '2019-07-26 10:19:23', 1, 1),
(71, 7, 0, 5, '', 0, 1, '2019-07-26 10:19:32', '2019-07-26 10:19:32', 1, 1),
(72, 7, 0, 9, '', 0, 1, '2019-07-26 10:19:36', '2019-07-26 10:19:36', 1, 1),
(73, 7, 0, 11, '', 0, 1, '2019-07-26 10:19:39', '2019-07-26 10:19:39', 1, 1),
(74, 7, 0, 3, '', 0, 1, '2019-07-26 10:19:42', '2019-07-26 10:19:42', 1, 1),
(75, 7, 0, 7, '', 0, 1, '2019-07-26 10:19:44', '2019-07-26 10:19:44', 1, 1),
(76, 7, 0, 10, '', 0, 1, '2019-07-26 10:19:47', '2019-07-26 10:19:47', 1, 1),
(77, 7, 0, 12, '', 0, 1, '2019-07-26 10:19:49', '2019-07-26 10:19:49', 1, 1),
(78, 7, 0, 6, '', 0, 1, '2019-07-26 10:19:55', '2019-07-26 10:19:55', 1, 1),
(79, 7, 0, 8, '', 0, 1, '2019-07-26 10:19:58', '2019-07-26 10:19:58', 1, 1),
(80, 7, 0, 0, '', 0, 1, '2019-07-26 10:20:03', '2019-07-26 10:20:03', 1, 1),
(81, 25, 0, 0, '', 0, 1, '2019-07-26 10:23:31', '2019-07-26 10:23:31', 1, 1),
(82, 25, 0, 0, '', 0, 1, '2019-07-26 10:23:38', '2019-07-26 10:23:38', 1, 1),
(83, 25, 0, 0, '', 0, 1, '2019-07-26 10:23:41', '2019-07-26 10:23:41', 1, 1),
(84, 25, 0, 0, '', 0, 1, '2019-07-26 10:23:43', '2019-07-26 10:23:43', 1, 1),
(85, 25, 0, 0, '', 0, 1, '2019-07-26 10:23:46', '2019-07-26 10:23:46', 1, 1),
(86, 25, 0, 0, '', 0, 1, '2019-07-26 10:23:49', '2019-07-26 10:23:49', 1, 1),
(87, 25, 0, 0, '', 0, 1, '2019-07-26 10:23:56', '2019-07-26 10:25:16', 1, 1),
(88, 25, 0, 0, '', 0, 1, '2019-07-26 10:24:02', '2019-07-26 10:24:02', 1, 1),
(89, 25, 0, 0, '', 0, 1, '2019-07-26 10:24:07', '2019-07-26 10:24:07', 1, 1),
(90, 25, 0, 0, '', 0, 1, '2019-07-26 10:24:14', '2019-07-26 10:24:14', 1, 1),
(91, 25, 0, 0, '', 0, 1, '2019-07-26 10:24:16', '2019-07-26 10:24:16', 1, 1),
(92, 25, 0, 0, '', 0, 1, '2019-07-26 10:24:24', '2019-07-26 10:24:24', 1, 1),
(93, 25, 0, 0, '', 0, 1, '2019-07-26 10:24:27', '2019-07-26 10:24:27', 1, 1),
(94, 25, 0, 0, '', 0, 1, '2019-07-26 10:24:30', '2019-07-26 10:24:30', 1, 1),
(95, 25, 0, 0, '', 0, 1, '2019-07-26 10:24:36', '2019-07-26 10:24:36', 1, 1),
(96, 25, 0, 0, '', 0, 1, '2019-07-26 10:24:41', '2019-07-26 10:24:41', 1, 1),
(97, 25, 0, 0, '', 0, 1, '2019-07-26 10:24:44', '2019-07-26 10:24:44', 1, 1),
(98, 25, 0, 0, '', 0, 1, '2019-07-26 10:24:46', '2019-07-26 10:24:46', 1, 1),
(99, 25, 0, 0, '', 0, 1, '2019-07-26 10:24:49', '2019-07-26 10:24:49', 1, 1),
(100, 25, 0, 0, '', 0, 1, '2019-07-26 10:24:54', '2019-07-26 10:24:54', 1, 1),
(101, 25, 0, 0, '', 0, 1, '2019-07-26 10:24:57', '2019-07-26 10:24:57', 1, 1),
(102, 1, 0, 5, '', 0, 1, '2019-07-26 10:25:55', '2019-07-26 10:25:55', 1, 1),
(103, 102, 0, 0, '', 0, 1, '2019-07-26 10:26:18', '2019-07-26 10:26:18', 1, 1),
(104, 102, 0, 0, '', 0, 1, '2019-07-26 10:26:21', '2019-07-26 10:26:21', 1, 1),
(105, 102, 0, 0, '', 0, 1, '2019-07-26 10:27:00', '2019-07-26 10:27:00', 1, 1),
(106, 102, 0, 0, '', 0, 1, '2019-07-26 10:27:08', '2019-07-26 10:27:08', 1, 1),
(107, 102, 0, 0, '', 0, 1, '2019-07-26 10:27:11', '2019-07-26 10:27:11', 1, 1),
(108, 102, 0, 0, '', 0, 1, '2019-07-26 10:27:13', '2019-07-26 10:27:13', 1, 1),
(109, 102, 0, 0, '', 0, 1, '2019-07-26 10:27:15', '2019-07-26 10:27:15', 1, 1),
(110, 102, 0, 0, '', 0, 1, '2019-07-26 10:27:18', '2019-07-26 10:27:18', 1, 1),
(111, 102, 0, 0, '', 0, 1, '2019-07-26 10:27:24', '2019-07-26 10:27:24', 1, 1),
(112, 102, 0, 0, '', 0, 1, '2019-07-26 10:27:26', '2019-07-26 10:27:26', 1, 1),
(113, 102, 0, 0, '', 0, 1, '2019-07-26 10:27:32', '2019-07-26 10:27:32', 1, 1),
(114, 22, 0, 0, '', 0, 1, '2019-07-26 10:28:42', '2019-07-26 10:28:42', 1, 1),
(115, 22, 0, 0, '', 0, 1, '2019-07-26 10:28:46', '2019-07-26 10:28:46', 1, 1),
(116, 22, 0, 0, '', 0, 1, '2019-07-26 10:28:50', '2019-07-26 10:28:50', 1, 1),
(117, 22, 0, 0, '', 0, 1, '2019-07-26 10:28:56', '2019-07-26 10:28:56', 1, 1),
(118, 22, 0, 0, '', 0, 1, '2019-07-26 10:29:04', '2019-07-26 10:29:04', 1, 1),
(119, 22, 0, 0, '', 0, 1, '2019-07-26 10:29:09', '2019-07-26 10:29:09', 1, 1),
(120, 22, 0, 0, '', 0, 1, '2019-07-26 10:29:14', '2019-07-26 10:29:14', 1, 1),
(121, 21, 0, 0, '', 0, 1, '2019-07-26 10:41:17', '2019-07-26 10:41:17', 1, 1),
(122, 21, 0, 0, '', 0, 1, '2019-07-26 10:41:21', '2019-07-26 10:41:21', 1, 1),
(123, 21, 0, 0, '', 0, 1, '2019-07-26 10:41:24', '2019-07-26 10:41:24', 1, 1),
(124, 21, 0, 0, '', 0, 1, '2019-07-26 10:41:26', '2019-07-26 10:41:26', 1, 1),
(125, 21, 0, 0, '', 0, 1, '2019-07-26 10:41:30', '2019-07-26 10:41:30', 1, 1),
(126, 21, 0, 0, '', 0, 1, '2019-07-26 10:41:36', '2019-07-26 10:41:36', 1, 1),
(127, 21, 0, 0, '', 0, 1, '2019-07-26 10:41:38', '2019-07-26 10:41:38', 1, 1),
(128, 21, 0, 0, '', 0, 1, '2019-07-26 10:41:40', '2019-07-26 10:41:40', 1, 1),
(129, 21, 0, 0, '', 0, 1, '2019-07-26 10:41:43', '2019-07-26 10:41:43', 1, 1),
(130, 21, 0, 0, '', 0, 1, '2019-07-26 10:41:48', '2019-07-26 10:41:48', 1, 1),
(131, 21, 0, 0, '', 0, 1, '2019-07-26 10:41:55', '2019-07-26 10:41:55', 1, 1),
(132, 2, 0, 0, 'uploads/images/5158689998720190801094306Effat-University-Logo-Black.png', 0, 1, '2019-08-01 21:06:43', '2019-08-01 21:06:43', 1, 1),
(133, 132, 0, 0, '', 0, 1, '2019-08-01 21:07:06', '2019-08-01 21:07:06', 1, 1),
(134, 132, 0, 0, '', 0, 1, '2019-08-01 21:07:15', '2019-08-01 21:07:15', 1, 1),
(135, 132, 0, 0, '', 0, 1, '2019-08-01 21:07:21', '2019-08-01 21:07:21', 1, 1),
(136, 132, 0, 0, '', 0, 1, '2019-08-01 21:07:26', '2019-08-01 21:07:26', 1, 1),
(137, 132, 0, 0, '', 0, 1, '2019-08-01 21:07:37', '2019-08-01 21:07:37', 1, 1),
(138, 132, 0, 0, '', 0, 1, '2019-08-01 21:07:50', '2019-08-01 21:07:50', 1, 1),
(139, 132, 0, 0, '', 0, 1, '2019-08-01 21:07:59', '2019-08-01 21:07:59', 1, 1),
(140, 2, 0, 0, 'uploads/images/7481589483320190801092708Effat-University-Logo-Black.png', 0, 1, '2019-08-01 21:08:27', '2019-08-01 21:08:27', 1, 1),
(141, 140, 0, 0, '', 0, 1, '2019-08-01 21:08:48', '2019-08-01 21:08:48', 1, 1),
(142, 140, 0, 0, '', 0, 1, '2019-08-01 21:08:56', '2019-08-01 21:08:56', 1, 1),
(143, 140, 0, 0, '', 0, 1, '2019-08-01 21:09:03', '2019-08-01 21:09:03', 1, 1),
(144, 140, 0, 0, '', 0, 1, '2019-08-01 21:09:08', '2019-08-01 21:09:08', 1, 1),
(145, 140, 0, 0, '', 0, 1, '2019-08-01 21:09:12', '2019-08-01 21:09:12', 1, 1),
(146, 140, 0, 0, '', 0, 1, '2019-08-01 21:09:21', '2019-08-01 21:09:21', 1, 1),
(147, 2, 0, 0, '', 0, 1, '2019-08-01 21:09:52', '2019-08-01 21:09:52', 1, 1),
(148, 147, 0, 0, '', 0, 1, '2019-08-01 21:10:21', '2019-08-01 21:10:21', 1, 1),
(149, 147, 0, 0, '', 0, 1, '2019-08-01 21:10:24', '2019-08-01 21:10:24', 1, 1),
(150, 147, 0, 0, '', 0, 1, '2019-08-01 21:10:28', '2019-08-01 21:10:28', 1, 1),
(151, 147, 0, 0, '', 0, 1, '2019-08-01 21:10:36', '2019-08-01 21:10:36', 1, 1),
(152, 147, 0, 0, '', 0, 1, '2019-08-01 21:10:43', '2019-08-01 21:10:43', 1, 1),
(153, 147, 0, 0, '', 0, 1, '2019-08-01 21:10:54', '2019-08-01 21:10:54', 1, 1),
(154, 147, 0, 0, '', 0, 1, '2019-08-01 21:10:59', '2019-08-01 21:10:59', 1, 1),
(155, 147, 0, 0, '', 0, 1, '2019-08-01 21:11:05', '2019-08-01 21:11:05', 1, 1),
(156, 147, 0, 0, '', 0, 1, '2019-08-01 21:11:10', '2019-08-01 21:11:10', 1, 1),
(157, 147, 0, 0, '', 0, 1, '2019-08-01 21:11:18', '2019-08-01 21:11:18', 1, 1),
(158, 147, 0, 0, '', 0, 1, '2019-08-01 21:11:26', '2019-08-01 21:11:26', 1, 1),
(159, 147, 0, 0, '', 0, 1, '2019-08-01 21:11:33', '2019-08-01 21:11:33', 1, 1),
(160, 147, 0, 0, '', 0, 1, '2019-08-01 21:11:37', '2019-08-01 21:11:37', 1, 1),
(161, 147, 0, 0, '', 0, 1, '2019-08-01 21:11:41', '2019-08-01 21:11:41', 1, 1),
(162, 3, 0, 0, '', 0, 1, '2019-08-01 21:12:08', '2019-08-01 21:12:08', 1, 1),
(163, 3, 0, 0, '', 0, 1, '2019-08-01 21:12:14', '2019-08-01 21:12:14', 1, 1),
(164, 3, 0, 0, '', 0, 1, '2019-08-01 21:12:23', '2019-08-01 21:12:23', 1, 1),
(165, 3, 0, 0, '', 0, 1, '2019-08-01 21:12:28', '2019-08-01 21:12:28', 1, 1),
(166, 0, 0, 9, 'uploads/images/9638901851920190802030613Screen_Shot_2019-08-02_at_6.11.49_PM.png', 0, 1, '2019-08-01 21:12:48', '2019-08-02 15:13:06', 1, 1),
(167, 0, 0, 0, 'uploads/images/2932932662201908020208583-10.jpg', 0, 1, '2019-08-01 21:12:57', '2019-08-02 14:58:08', 1, 1),
(168, 0, 0, 2, 'uploads/images/1657947551820190802030211Screen_Shot_2019-08-02_at_6.04.54_PM.png', 0, 1, '2019-08-01 21:13:15', '2019-08-02 15:11:02', 1, 1),
(169, 0, 0, 8, 'uploads/images/8986669093920190802032207Auto_car_cars_vehicle-770x416.jpg', 0, 1, '2019-08-01 21:13:24', '2019-08-02 15:07:22', 1, 1),
(170, 0, 0, 10, 'uploads/images/8883516431120190802034213Screen_Shot_2019-08-02_at_6.13.11_PM.png', 0, 1, '2019-08-01 21:13:34', '2019-08-02 15:13:42', 1, 1),
(171, 0, 0, 0, 'uploads/images/42919369393201908020329061000X500.jpg', 0, 1, '2019-08-01 21:13:43', '2019-08-02 15:06:29', 1, 1),
(172, 0, 0, 1, 'uploads/images/892187241120190802035609old-clocks-670829828-5aea5f5aff1b780036cb9cce.jpg', 0, 1, '2019-08-01 21:13:59', '2019-08-02 15:09:56', 1, 1),
(173, 0, 0, 7, 'uploads/images/7942809860320190802034212Screen_Shot_2019-08-02_at_6.05.43_PM.png', 0, 1, '2019-08-01 21:14:06', '2019-08-02 15:12:42', 1, 1),
(174, 163, 0, 0, '', 0, 1, '2019-08-01 21:15:09', '2019-08-01 21:15:09', 1, 1),
(175, 163, 0, 0, '', 0, 1, '2019-08-01 21:15:17', '2019-08-01 21:15:17', 1, 1),
(176, 163, 0, 0, '', 0, 1, '2019-08-01 21:15:23', '2019-08-01 21:15:23', 1, 1),
(177, 163, 0, 0, '', 0, 1, '2019-08-01 21:15:31', '2019-08-01 21:15:31', 1, 1),
(178, 163, 0, 0, '', 0, 1, '2019-08-01 21:15:45', '2019-08-01 21:15:45', 1, 1),
(179, 163, 0, 0, '', 0, 1, '2019-08-01 21:15:52', '2019-08-01 21:15:52', 1, 1),
(180, 163, 0, 0, '', 0, 1, '2019-08-01 21:15:59', '2019-08-01 21:15:59', 1, 1),
(181, 163, 0, 0, '', 0, 1, '2019-08-01 21:16:05', '2019-08-01 21:16:05', 1, 1),
(182, 163, 0, 0, '', 0, 1, '2019-08-01 21:16:13', '2019-08-01 21:16:13', 1, 1),
(183, 163, 0, 0, '', 0, 1, '2019-08-01 21:16:20', '2019-08-01 21:16:20', 1, 1),
(184, 163, 0, 0, '', 0, 1, '2019-08-01 21:16:25', '2019-08-01 21:16:25', 1, 1),
(185, 163, 0, 0, '', 0, 1, '2019-08-01 21:16:31', '2019-08-01 21:17:15', 1, 1),
(186, 164, 0, 0, '', 0, 1, '2019-08-01 21:18:04', '2019-08-01 21:18:04', 1, 1),
(187, 164, 0, 0, '', 0, 1, '2019-08-01 21:18:13', '2019-08-01 21:18:13', 1, 1),
(188, 164, 0, 0, '', 0, 1, '2019-08-01 21:18:19', '2019-08-01 21:18:19', 1, 1),
(189, 164, 0, 0, '', 0, 1, '2019-08-01 21:18:27', '2019-08-01 21:18:27', 1, 1),
(190, 164, 0, 0, '', 0, 1, '2019-08-01 21:18:34', '2019-08-01 21:18:34', 1, 1),
(191, 164, 0, 0, '', 0, 1, '2019-08-01 21:18:39', '2019-08-01 21:18:39', 1, 1),
(192, 164, 0, 0, '', 0, 1, '2019-08-01 21:18:46', '2019-08-01 21:19:50', 1, 1),
(193, 164, 0, 0, '', 0, 1, '2019-08-01 21:18:54', '2019-08-01 21:18:54', 1, 1),
(194, 164, 0, 0, '', 0, 1, '2019-08-01 21:19:00', '2019-08-01 21:19:00', 1, 1),
(195, 164, 0, 0, '', 0, 1, '2019-08-01 21:19:04', '2019-08-01 21:19:04', 1, 1),
(196, 164, 0, 0, '', 0, 1, '2019-08-01 21:19:10', '2019-08-01 21:19:10', 1, 1),
(197, 164, 0, 0, '', 0, 1, '2019-08-01 21:19:19', '2019-08-01 21:19:19', 1, 1),
(198, 164, 0, 0, '', 0, 1, '2019-08-01 21:19:28', '2019-08-01 21:19:28', 1, 1),
(199, 165, 0, 0, '', 0, 1, '2019-08-01 21:20:38', '2019-08-01 21:20:38', 1, 1),
(200, 165, 0, 0, '', 0, 1, '2019-08-01 21:20:43', '2019-08-01 21:20:43', 1, 1),
(201, 165, 0, 0, '', 0, 1, '2019-08-01 21:20:51', '2019-08-01 21:20:51', 1, 1),
(202, 165, 0, 0, '', 0, 1, '2019-08-01 21:20:59', '2019-08-01 21:20:59', 1, 1),
(203, 165, 0, 0, '', 0, 1, '2019-08-01 21:21:03', '2019-08-01 21:21:03', 1, 1),
(204, 162, 0, 0, '', 0, 1, '2019-08-01 21:21:26', '2019-08-01 21:21:26', 1, 1),
(205, 162, 0, 0, '', 0, 1, '2019-08-01 21:21:31', '2019-08-01 21:21:31', 1, 1),
(206, 162, 0, 0, '', 0, 1, '2019-08-01 21:21:45', '2019-08-01 21:21:45', 1, 1),
(207, 162, 0, 0, '', 0, 1, '2019-08-01 21:21:49', '2019-08-01 21:21:49', 1, 1),
(208, 162, 0, 0, '', 0, 1, '2019-08-01 21:21:53', '2019-08-01 21:21:53', 1, 1),
(209, 162, 0, 0, '', 0, 1, '2019-08-01 21:21:58', '2019-08-01 21:21:58', 1, 1),
(210, 162, 0, 0, '', 0, 1, '2019-08-01 21:22:03', '2019-08-01 21:22:03', 1, 1),
(211, 162, 0, 0, '', 0, 1, '2019-08-01 21:22:08', '2019-08-01 21:22:08', 1, 1),
(212, 162, 0, 0, '', 0, 1, '2019-08-01 21:22:17', '2019-08-01 21:22:17', 1, 1),
(213, 162, 0, 0, '', 0, 1, '2019-08-01 21:22:21', '2019-08-01 21:22:21', 1, 1),
(214, 162, 0, 0, '', 0, 1, '2019-08-01 21:22:30', '2019-08-01 21:22:30', 1, 1),
(215, 162, 0, 0, '', 0, 1, '2019-08-01 21:22:37', '2019-08-01 21:22:37', 1, 1),
(216, 162, 0, 0, '', 0, 1, '2019-08-01 21:22:51', '2019-08-01 21:22:51', 1, 1),
(217, 162, 0, 0, '', 0, 1, '2019-08-01 21:22:57', '2019-08-01 21:22:57', 1, 1),
(218, 162, 0, 0, '', 0, 1, '2019-08-01 21:23:03', '2019-08-01 21:23:03', 1, 1),
(219, 162, 0, 0, '', 0, 1, '2019-08-01 21:23:15', '2019-08-01 21:23:15', 1, 1),
(220, 162, 0, 0, '', 0, 1, '2019-08-01 21:23:23', '2019-08-01 21:23:23', 1, 1),
(221, 162, 0, 0, '', 0, 1, '2019-08-01 21:23:38', '2019-08-01 21:23:38', 1, 1),
(222, 162, 0, 0, '', 0, 1, '2019-08-01 21:23:43', '2019-08-01 21:23:43', 1, 1),
(223, 162, 0, 0, '', 0, 1, '2019-08-01 21:23:50', '2019-08-01 21:23:50', 1, 1),
(224, 162, 0, 0, '', 0, 1, '2019-08-01 21:23:55', '2019-08-01 21:23:55', 1, 1),
(225, 167, 0, 0, '', 0, 1, '2019-08-02 13:11:32', '2019-08-02 13:11:32', 1, 1),
(226, 167, 0, 0, '', 0, 1, '2019-08-02 13:11:41', '2019-08-02 13:11:41', 1, 1),
(227, 167, 0, 0, '', 0, 1, '2019-08-02 13:11:45', '2019-08-02 13:11:45', 1, 1),
(228, 167, 0, 0, '', 0, 1, '2019-08-02 13:11:50', '2019-08-02 13:11:50', 1, 1),
(229, 167, 0, 0, '', 0, 1, '2019-08-02 13:11:59', '2019-08-02 13:11:59', 1, 1),
(230, 171, 0, 0, '', 0, 1, '2019-08-02 13:12:34', '2019-08-02 13:12:34', 1, 1),
(231, 171, 0, 0, '', 0, 1, '2019-08-02 13:12:40', '2019-08-02 13:12:40', 1, 1),
(232, 171, 0, 0, '', 0, 1, '2019-08-02 13:12:45', '2019-08-02 13:12:45', 1, 1),
(233, 171, 0, 0, '', 0, 1, '2019-08-02 13:12:53', '2019-08-02 13:12:53', 1, 1),
(234, 171, 0, 0, '', 0, 1, '2019-08-02 13:12:58', '2019-08-02 13:12:58', 1, 1),
(235, 172, 0, 0, '', 0, 1, '2019-08-02 13:13:48', '2019-08-02 13:13:48', 1, 1),
(236, 172, 0, 0, '', 0, 1, '2019-08-02 13:13:56', '2019-08-02 13:13:56', 1, 1),
(237, 172, 0, 0, '', 0, 1, '2019-08-02 13:14:02', '2019-08-02 13:14:02', 1, 1),
(238, 172, 0, 0, '', 0, 1, '2019-08-02 13:14:05', '2019-08-02 13:14:05', 1, 1),
(239, 172, 0, 0, '', 0, 1, '2019-08-02 13:14:14', '2019-08-02 13:14:14', 1, 1),
(240, 173, 0, 0, '', 0, 1, '2019-08-02 13:14:37', '2019-08-02 13:14:37', 1, 1),
(241, 173, 0, 0, '', 0, 1, '2019-08-02 13:14:45', '2019-08-02 13:14:45', 1, 1),
(242, 173, 0, 0, '', 0, 1, '2019-08-02 13:14:52', '2019-08-02 13:14:52', 1, 1),
(243, 173, 0, 0, '', 0, 1, '2019-08-02 13:14:58', '2019-08-02 13:14:58', 1, 1),
(244, 168, 0, 0, '', 0, 1, '2019-08-02 13:34:20', '2019-08-02 13:34:20', 1, 1),
(245, 168, 0, 0, '', 0, 1, '2019-08-02 13:34:26', '2019-08-02 13:34:26', 1, 1),
(246, 168, 0, 0, '', 0, 1, '2019-08-02 13:34:31', '2019-08-02 13:34:31', 1, 1),
(247, 168, 0, 0, '', 0, 1, '2019-08-02 13:34:36', '2019-08-02 13:34:36', 1, 1),
(248, 23, 0, 0, '', 0, 1, '2019-08-02 13:35:05', '2019-08-02 13:35:05', 1, 1),
(249, 23, 0, 0, '', 0, 1, '2019-08-02 13:35:12', '2019-08-02 13:35:12', 1, 1),
(250, 23, 0, 0, '', 0, 1, '2019-08-02 13:35:20', '2019-08-02 13:35:20', 1, 1),
(251, 23, 0, 0, '', 0, 1, '2019-08-02 13:35:24', '2019-08-02 13:35:24', 1, 1),
(252, 23, 0, 0, '', 0, 1, '2019-08-02 13:35:30', '2019-08-02 13:35:30', 1, 1),
(253, 166, 0, 0, '', 0, 1, '2019-08-02 13:36:01', '2019-08-02 13:36:01', 1, 1),
(254, 166, 0, 0, '', 0, 1, '2019-08-02 13:36:06', '2019-08-02 13:36:06', 1, 1),
(255, 166, 0, 0, '', 0, 1, '2019-08-02 13:36:10', '2019-08-02 13:36:10', 1, 1),
(256, 166, 0, 0, '', 0, 1, '2019-08-02 13:36:18', '2019-08-02 13:36:18', 1, 1),
(257, 166, 0, 0, '', 0, 1, '2019-08-02 13:36:25', '2019-08-02 13:36:25', 1, 1),
(258, 169, 0, 0, '', 0, 1, '2019-08-02 13:37:05', '2019-08-02 13:37:05', 1, 1),
(259, 169, 0, 0, '', 0, 1, '2019-08-02 13:37:11', '2019-08-02 13:37:11', 1, 1),
(260, 169, 0, 0, '', 0, 1, '2019-08-02 13:37:18', '2019-08-02 13:37:18', 1, 1),
(261, 227, 0, 0, '', 0, 1, '2019-08-02 13:59:46', '2019-08-02 13:59:46', 1, 1),
(262, 227, 0, 0, '', 0, 1, '2019-08-02 14:00:21', '2019-08-02 14:00:21', 1, 1),
(263, 227, 0, 0, '', 0, 1, '2019-08-02 14:01:40', '2019-08-02 14:01:40', 1, 1),
(264, 227, 0, 0, '', 0, 1, '2019-08-02 14:01:54', '2019-08-02 14:01:54', 1, 1),
(265, 227, 0, 0, '', 0, 1, '2019-08-02 14:02:44', '2019-08-02 14:02:44', 1, 1),
(266, 227, 0, 0, '', 0, 1, '2019-08-02 14:03:37', '2019-08-02 14:03:37', 1, 1),
(267, 227, 0, 0, '', 0, 1, '2019-08-02 14:04:12', '2019-08-02 14:04:12', 1, 1),
(268, 227, 0, 0, '', 0, 1, '2019-08-02 14:04:58', '2019-08-02 14:04:58', 1, 1),
(269, 227, 0, 0, '', 0, 1, '2019-08-02 14:05:40', '2019-08-02 14:05:40', 1, 1),
(270, 227, 0, 0, '', 0, 1, '2019-08-02 14:06:21', '2019-08-02 14:06:21', 1, 1),
(271, 227, 0, 0, '', 0, 1, '2019-08-02 14:06:50', '2019-08-02 14:06:50', 1, 1),
(272, 227, 0, 0, '', 0, 1, '2019-08-02 14:07:05', '2019-08-02 14:07:05', 1, 1),
(273, 227, 0, 0, '', 0, 1, '2019-08-02 14:07:21', '2019-08-02 14:07:21', 1, 1),
(274, 227, 0, 0, '', 0, 1, '2019-08-02 14:07:50', '2019-08-02 14:07:50', 1, 1),
(275, 227, 0, 0, '', 0, 1, '2019-08-02 14:08:12', '2019-08-02 14:08:12', 1, 1),
(276, 225, 0, 0, '', 0, 1, '2019-08-02 14:09:43', '2019-08-02 14:09:43', 1, 1),
(277, 225, 0, 0, '', 0, 1, '2019-08-02 14:09:54', '2019-08-02 14:09:54', 1, 1),
(278, 225, 0, 0, '', 0, 1, '2019-08-02 14:10:11', '2019-08-02 14:10:11', 1, 1),
(279, 225, 0, 0, '', 0, 1, '2019-08-02 14:10:29', '2019-08-02 14:10:29', 1, 1),
(280, 225, 0, 0, '', 0, 1, '2019-08-02 14:10:51', '2019-08-02 14:10:51', 1, 1),
(281, 225, 0, 0, '', 0, 1, '2019-08-02 14:11:07', '2019-08-02 14:11:07', 1, 1),
(282, 225, 0, 0, '', 0, 1, '2019-08-02 14:11:22', '2019-08-02 14:11:22', 1, 1),
(283, 225, 0, 0, '', 0, 1, '2019-08-02 14:12:09', '2019-08-02 14:12:09', 1, 1),
(284, 225, 0, 0, '', 0, 1, '2019-08-02 14:12:29', '2019-08-02 14:12:29', 1, 1),
(285, 225, 0, 0, '', 0, 1, '2019-08-02 14:13:01', '2019-08-02 14:13:01', 1, 1),
(286, 225, 0, 0, '', 0, 1, '2019-08-02 14:13:45', '2019-08-02 14:13:45', 1, 1),
(287, 226, 0, 0, '', 0, 1, '2019-08-02 14:14:39', '2019-08-02 14:14:39', 1, 1),
(288, 226, 0, 0, '', 0, 1, '2019-08-02 14:14:54', '2019-08-02 14:14:54', 1, 1),
(289, 226, 0, 0, '', 0, 1, '2019-08-02 14:15:08', '2019-08-02 14:15:08', 1, 1),
(290, 226, 0, 0, '', 0, 1, '2019-08-02 14:15:22', '2019-08-02 14:15:22', 1, 1),
(291, 226, 0, 0, '', 0, 1, '2019-08-02 14:15:41', '2019-08-02 14:15:41', 1, 1),
(292, 226, 0, 0, '', 0, 1, '2019-08-02 14:15:57', '2019-08-02 14:15:57', 1, 1),
(293, 226, 0, 0, '', 0, 1, '2019-08-02 14:16:14', '2019-08-02 14:16:14', 1, 1),
(294, 226, 0, 0, '', 0, 1, '2019-08-02 14:16:31', '2019-08-02 14:16:31', 1, 1),
(295, 226, 0, 0, '', 0, 1, '2019-08-02 14:16:53', '2019-08-02 14:16:53', 1, 1),
(296, 226, 0, 0, '', 0, 1, '2019-08-02 14:17:07', '2019-08-02 14:17:07', 1, 1),
(297, 226, 0, 0, '', 0, 1, '2019-08-02 14:17:37', '2019-08-02 14:17:37', 1, 1),
(298, 226, 0, 0, '', 0, 1, '2019-08-02 14:18:08', '2019-08-02 14:18:08', 1, 1),
(299, 226, 0, 0, '', 0, 1, '2019-08-02 14:18:31', '2019-08-02 14:18:31', 1, 1),
(300, 226, 0, 0, '', 0, 1, '2019-08-02 14:18:43', '2019-08-02 14:18:43', 1, 1),
(301, 226, 0, 0, '', 0, 1, '2019-08-02 14:18:56', '2019-08-02 14:18:56', 1, 1),
(302, 226, 0, 0, '', 0, 1, '2019-08-02 14:19:07', '2019-08-02 14:19:07', 1, 1),
(303, 226, 0, 0, '', 0, 1, '2019-08-02 14:19:27', '2019-08-02 14:19:27', 1, 1),
(304, 226, 0, 0, '', 0, 1, '2019-08-02 14:19:41', '2019-08-02 14:19:41', 1, 1),
(305, 226, 0, 0, '', 0, 1, '2019-08-02 14:19:54', '2019-08-02 14:32:25', 1, 1),
(306, 226, 0, 0, '', 0, 1, '2019-08-02 14:20:43', '2019-08-02 14:20:43', 1, 1),
(307, 226, 0, 0, '', 0, 1, '2019-08-02 14:21:07', '2019-08-02 14:21:07', 1, 1),
(308, 228, 0, 0, '', 0, 1, '2019-08-02 14:33:51', '2019-08-02 14:33:51', 1, 1),
(309, 228, 0, 0, '', 0, 1, '2019-08-02 14:33:57', '2019-08-02 14:35:51', 1, 1),
(310, 228, 0, 0, '', 0, 1, '2019-08-02 14:34:04', '2019-08-02 14:34:04', 1, 1),
(311, 228, 0, 0, '', 0, 1, '2019-08-02 14:34:10', '2019-08-02 14:34:10', 1, 1),
(312, 228, 0, 0, '', 0, 1, '2019-08-02 14:34:26', '2019-08-02 14:34:26', 1, 1),
(313, 228, 0, 0, '', 0, 1, '2019-08-02 14:34:34', '2019-08-02 14:34:34', 1, 1),
(314, 228, 0, 0, '', 0, 1, '2019-08-02 14:34:38', '2019-08-02 14:34:38', 1, 1),
(315, 228, 0, 0, '', 0, 1, '2019-08-02 14:34:43', '2019-08-02 14:34:43', 1, 1),
(316, 228, 0, 0, '', 0, 1, '2019-08-02 14:34:48', '2019-08-02 14:34:48', 1, 1),
(317, 228, 0, 0, '', 0, 1, '2019-08-02 14:34:57', '2019-08-02 14:34:57', 1, 1),
(318, 228, 0, 0, '', 0, 1, '2019-08-02 14:35:04', '2019-08-02 14:35:04', 1, 1),
(319, 228, 0, 0, '', 0, 1, '2019-08-02 14:35:09', '2019-08-02 14:35:09', 1, 1),
(320, 228, 0, 0, '', 0, 1, '2019-08-02 14:35:14', '2019-08-02 14:35:14', 1, 1),
(321, 228, 0, 0, '', 0, 1, '2019-08-02 14:35:20', '2019-08-02 14:35:20', 1, 1),
(322, 229, 0, 0, '', 0, 1, '2019-08-02 14:38:09', '2019-08-02 14:38:09', 1, 1),
(323, 229, 0, 0, '', 0, 1, '2019-08-02 14:38:15', '2019-08-02 14:38:15', 1, 1),
(324, 229, 0, 0, '', 0, 1, '2019-08-02 14:38:21', '2019-08-02 14:38:21', 1, 1),
(325, 229, 0, 0, '', 0, 1, '2019-08-02 14:38:27', '2019-08-02 14:38:27', 1, 1),
(326, 229, 0, 0, '', 0, 1, '2019-08-02 14:38:35', '2019-08-02 14:38:35', 1, 1),
(327, 229, 0, 0, '', 0, 1, '2019-08-02 14:38:41', '2019-08-02 14:38:41', 1, 1),
(328, 229, 0, 0, '', 0, 1, '2019-08-02 14:38:49', '2019-08-02 14:38:49', 1, 1),
(329, 229, 0, 0, '', 0, 1, '2019-08-02 14:38:59', '2019-08-02 14:38:59', 1, 1),
(330, 229, 0, 0, '', 0, 1, '2019-08-02 14:39:11', '2019-08-02 14:39:11', 1, 1),
(331, 229, 0, 0, '', 0, 1, '2019-08-02 14:39:16', '2019-08-02 14:39:16', 1, 1),
(332, 229, 0, 0, '', 0, 1, '2019-08-02 14:39:20', '2019-08-02 14:39:20', 1, 1),
(333, 229, 0, 0, '', 0, 1, '2019-08-02 14:39:24', '2019-08-02 14:39:24', 1, 1),
(334, 229, 0, 0, '', 0, 1, '2019-08-02 14:39:30', '2019-08-02 14:39:30', 1, 1),
(335, 229, 0, 0, '', 0, 1, '2019-08-02 14:39:34', '2019-08-02 14:39:34', 1, 1),
(336, 229, 0, 0, '', 0, 1, '2019-08-02 14:39:41', '2019-08-02 14:39:41', 1, 1),
(337, 229, 0, 0, '', 0, 1, '2019-08-02 14:39:49', '2019-08-02 14:40:27', 1, 1),
(338, 229, 0, 0, '', 0, 1, '2019-08-02 14:39:55', '2019-08-02 14:39:55', 1, 1),
(339, 229, 0, 0, '', 0, 1, '2019-08-02 14:39:59', '2019-08-02 14:39:59', 1, 1),
(340, 24, 0, 0, '', 0, 1, '2019-08-02 14:40:59', '2019-08-02 14:40:59', 1, 1),
(341, 24, 0, 0, '', 0, 1, '2019-08-02 14:41:04', '2019-08-02 14:41:04', 1, 1),
(342, 24, 0, 0, '', 0, 1, '2019-08-02 14:41:11', '2019-08-02 14:43:15', 1, 1),
(343, 24, 0, 0, '', 0, 1, '2019-08-02 14:41:20', '2019-08-02 14:41:20', 1, 1),
(344, 24, 0, 0, '', 0, 1, '2019-08-02 14:41:26', '2019-08-02 14:41:26', 1, 1),
(345, 24, 0, 0, '', 0, 1, '2019-08-02 14:41:34', '2019-08-02 14:41:34', 1, 1),
(346, 24, 0, 0, '', 0, 1, '2019-08-02 14:41:42', '2019-08-02 14:41:42', 1, 1),
(347, 24, 0, 0, '', 0, 1, '2019-08-02 14:41:47', '2019-08-02 14:41:47', 1, 1),
(348, 24, 0, 0, '', 0, 1, '2019-08-02 14:41:51', '2019-08-02 14:41:51', 1, 1),
(349, 24, 0, 0, '', 0, 1, '2019-08-02 14:41:56', '2019-08-02 14:41:56', 1, 1),
(350, 24, 0, 0, '', 0, 1, '2019-08-02 14:42:01', '2019-08-02 14:42:01', 1, 1),
(351, 24, 0, 0, '', 0, 1, '2019-08-02 14:42:08', '2019-08-02 14:42:08', 1, 1),
(352, 24, 0, 0, '', 0, 1, '2019-08-02 14:42:12', '2019-08-02 14:42:12', 1, 1),
(353, 24, 0, 0, '', 0, 1, '2019-08-02 14:42:17', '2019-08-02 14:42:17', 1, 1);

-- --------------------------------------------------------

--
-- Table structure for table `categories_text`
--

CREATE TABLE `categories_text` (
  `CategoryTextID` int(11) NOT NULL,
  `CategoryID` int(11) NOT NULL,
  `Title` varchar(255) NOT NULL,
  `SystemLanguageID` int(11) NOT NULL,
  `CreatedAt` datetime NOT NULL,
  `UpdatedAt` datetime NOT NULL,
  `CreatedBy` int(11) NOT NULL,
  `UpdatedBy` int(11) NOT NULL
) ENGINE=InnoDB DEFAULT CHARSET=utf8;

--
-- Dumping data for table `categories_text`
--

INSERT INTO `categories_text` (`CategoryTextID`, `CategoryID`, `Title`, `SystemLanguageID`, `CreatedAt`, `UpdatedAt`, `CreatedBy`, `UpdatedBy`) VALUES
(1, 1, 'Fashion', 1, '2019-04-17 15:51:09', '2019-07-26 10:50:56', 1, 1),
(2, 1, 'Fashion', 2, '2019-04-17 15:51:09', '2019-04-17 15:51:09', 1, 1),
(3, 2, 'Fashion Accessories', 1, '2019-04-17 15:51:39', '2019-07-26 10:58:11', 1, 1),
(4, 2, 'Fashion Accessories', 2, '2019-04-17 15:51:39', '2019-04-17 15:51:39', 1, 1),
(5, 3, 'Health & Beauty', 1, '2019-04-17 15:51:57', '2019-07-26 10:49:12', 1, 1),
(6, 3, 'Health & Beauty', 2, '2019-04-17 15:51:57', '2019-04-17 15:51:57', 1, 1),
(7, 4, 'Men\'s Clothing ', 1, '2019-04-17 15:52:22', '2019-04-17 15:52:22', 1, 1),
(8, 4, 'Men\'s Clothing ', 2, '2019-04-17 15:52:22', '2019-04-17 15:52:22', 1, 1),
(9, 5, 'Men\'s Footwear', 1, '2019-04-17 15:52:37', '2019-04-17 15:52:37', 1, 1),
(10, 5, 'Men\'s Footwear', 2, '2019-04-17 15:52:37', '2019-04-17 15:52:37', 1, 1),
(11, 6, 'Ladies\' Clothing', 1, '2019-04-17 15:52:54', '2019-04-17 15:52:54', 1, 1),
(12, 6, 'Ladies\' Clothing', 2, '2019-04-17 15:52:54', '2019-04-17 15:52:54', 1, 1),
(13, 7, 'Ladies\' Footwear', 1, '2019-04-17 15:53:15', '2019-04-17 15:53:15', 1, 1),
(14, 7, 'Ladies\' Footwear', 2, '2019-04-17 15:53:15', '2019-04-17 15:53:15', 1, 1),
(15, 8, 'Polos', 1, '2019-04-17 15:53:57', '2019-04-17 15:53:57', 1, 1),
(16, 8, 'Polos', 2, '2019-04-17 15:53:57', '2019-04-17 15:53:57', 1, 1),
(17, 9, 'Shirts', 1, '2019-04-17 15:54:05', '2019-04-17 15:54:14', 1, 1),
(18, 9, 'Shirts', 2, '2019-04-17 15:54:05', '2019-04-17 15:54:05', 1, 1),
(19, 10, 'T-Shirts', 1, '2019-04-17 15:56:46', '2019-04-17 15:56:46', 1, 1),
(20, 10, 'T-Shirts', 2, '2019-04-17 15:56:46', '2019-04-17 15:56:46', 1, 1),
(21, 11, 'Pants', 1, '2019-04-17 15:56:59', '2019-04-17 15:56:59', 1, 1),
(22, 11, 'Pants', 2, '2019-04-17 15:56:59', '2019-04-17 15:56:59', 1, 1),
(23, 12, 'Shorts', 1, '2019-04-17 15:57:04', '2019-04-17 15:57:04', 1, 1),
(24, 12, 'Shorts', 2, '2019-04-17 15:57:04', '2019-04-17 15:57:04', 1, 1),
(25, 13, 'Suits & Blazers', 1, '2019-04-17 15:57:09', '2019-04-17 15:57:09', 1, 1),
(26, 13, 'Suits & Blazers', 2, '2019-04-17 15:57:09', '2019-04-17 15:57:09', 1, 1),
(27, 14, 'Hoodies & Sweatshirts', 1, '2019-04-17 15:57:14', '2019-04-17 15:57:14', 1, 1),
(28, 14, 'Hoodies & Sweatshirts', 2, '2019-04-17 15:57:14', '2019-04-17 15:57:14', 1, 1),
(29, 15, 'Underwear', 1, '2019-04-17 15:57:21', '2019-04-17 15:57:21', 1, 1),
(30, 15, 'Underwear', 2, '2019-04-17 15:57:21', '2019-04-17 15:57:21', 1, 1),
(31, 16, 'Uniforms', 1, '2019-04-17 15:57:27', '2019-04-17 15:57:27', 1, 1),
(32, 16, 'Uniforms', 2, '2019-04-17 15:57:27', '2019-04-17 15:57:27', 1, 1),
(33, 17, 'Sleepwear', 1, '2019-04-17 15:57:33', '2019-04-17 15:57:33', 1, 1),
(34, 17, 'Sleepwear', 2, '2019-04-17 15:57:33', '2019-04-17 15:57:33', 1, 1),
(35, 18, 'Jeans', 1, '2019-04-17 15:57:48', '2019-04-17 15:57:48', 1, 1),
(36, 18, 'Jeans', 2, '2019-04-17 15:57:48', '2019-04-17 15:57:48', 1, 1),
(37, 19, 'Coats and Jackets', 1, '2019-04-17 15:57:53', '2019-04-17 15:57:53', 1, 1),
(38, 19, 'Coats and Jackets', 2, '2019-04-17 15:57:53', '2019-04-17 15:57:53', 1, 1),
(39, 20, 'Belts', 1, '2019-04-17 15:58:03', '2019-04-17 15:58:03', 1, 1),
(40, 20, 'Belts', 2, '2019-04-17 15:58:03', '2019-04-17 15:58:03', 1, 1),
(41, 21, 'Makeup & Cosmetics ', 1, '2019-04-19 09:48:33', '2019-04-19 09:48:33', 1, 1),
(42, 21, 'Makeup & Cosmetics ', 2, '2019-04-19 09:48:33', '2019-04-19 09:48:33', 1, 1),
(43, 22, 'Eyewear', 1, '2019-04-30 10:40:29', '2019-07-26 10:28:01', 1, 1),
(44, 22, 'Glasses', 2, '2019-04-30 10:40:29', '2019-04-30 10:40:29', 1, 1),
(45, 23, 'Home & Office Supplies', 1, '2019-04-30 10:51:30', '2019-07-26 10:46:09', 1, 1),
(46, 23, 'Miscellaneous', 2, '2019-04-30 10:51:30', '2019-04-30 10:51:30', 1, 1),
(47, 24, 'Stationery', 1, '2019-04-30 10:52:53', '2019-07-26 10:42:51', 1, 1),
(48, 24, 'Plastic Bags', 2, '2019-04-30 10:52:53', '2019-04-30 10:52:53', 1, 1),
(49, 25, 'Kid\'s Clothing', 1, '2019-07-26 09:00:45', '2019-07-26 10:22:12', 1, 1),
(50, 25, 'Ties', 2, '2019-07-26 09:00:45', '2019-07-26 09:00:45', 1, 1),
(51, 26, 'Hats & Caps', 1, '2019-07-26 09:03:13', '2019-07-26 09:03:13', 1, 1),
(52, 26, 'Hats & Caps', 2, '2019-07-26 09:03:13', '2019-07-26 09:03:13', 1, 1),
(53, 27, 'Traditional Wears', 1, '2019-07-26 09:04:06', '2019-07-26 09:04:06', 1, 1),
(54, 27, 'Traditional Wears', 2, '2019-07-26 09:04:06', '2019-07-26 09:04:06', 1, 1),
(55, 28, 'Pullovers', 1, '2019-07-26 09:04:42', '2019-07-26 09:04:42', 1, 1),
(56, 28, 'Pullovers', 2, '2019-07-26 09:04:42', '2019-07-26 09:04:42', 1, 1),
(57, 29, 'Arabian Clothing', 1, '2019-07-26 09:04:50', '2019-07-26 09:04:50', 1, 1),
(58, 29, 'Arabian Clothing', 2, '2019-07-26 09:04:50', '2019-07-26 09:04:50', 1, 1),
(59, 30, 'Sweaters', 1, '2019-07-26 09:04:58', '2019-07-26 09:04:58', 1, 1),
(60, 30, 'Sweaters', 2, '2019-07-26 09:04:58', '2019-07-26 09:04:58', 1, 1),
(61, 31, 'Tie', 1, '2019-07-26 09:11:16', '2019-07-26 09:11:16', 1, 1),
(62, 31, 'Tie', 2, '2019-07-26 09:11:16', '2019-07-26 09:11:16', 1, 1),
(63, 32, 'Socks', 1, '2019-07-26 09:19:31', '2019-07-26 09:19:31', 1, 1),
(64, 32, 'Socks', 2, '2019-07-26 09:19:31', '2019-07-26 09:19:31', 1, 1),
(65, 33, 'Casual Shoes', 1, '2019-07-26 09:19:41', '2019-07-26 09:19:41', 1, 1),
(66, 33, 'Casual Shoes', 2, '2019-07-26 09:19:41', '2019-07-26 09:19:41', 1, 1),
(67, 34, 'Formal Shoes', 1, '2019-07-26 09:19:48', '2019-07-26 09:19:48', 1, 1),
(68, 34, 'Formal Shoes', 2, '2019-07-26 09:19:48', '2019-07-26 09:19:48', 1, 1),
(69, 35, 'Sandals', 1, '2019-07-26 09:19:58', '2019-07-26 09:19:58', 1, 1),
(70, 35, 'Sandals', 2, '2019-07-26 09:19:58', '2019-07-26 09:19:58', 1, 1),
(71, 36, 'Slippers', 1, '2019-07-26 09:20:05', '2019-07-26 09:20:05', 1, 1),
(72, 36, 'Slippers', 2, '2019-07-26 09:20:05', '2019-07-26 09:20:05', 1, 1),
(73, 37, 'Boots', 1, '2019-07-26 09:20:09', '2019-07-26 09:20:09', 1, 1),
(74, 37, 'Boots', 2, '2019-07-26 09:20:09', '2019-07-26 09:20:09', 1, 1),
(75, 38, 'Loafers', 1, '2019-07-26 09:20:15', '2019-07-26 09:20:15', 1, 1),
(76, 38, 'Loafers', 2, '2019-07-26 09:20:15', '2019-07-26 09:20:15', 1, 1),
(77, 39, 'Work & Safety', 1, '2019-07-26 09:20:22', '2019-07-26 09:20:22', 1, 1),
(78, 39, 'Work & Safety', 2, '2019-07-26 09:20:22', '2019-07-26 09:20:22', 1, 1),
(79, 40, 'Sneakers', 1, '2019-07-26 09:20:28', '2019-07-26 09:20:28', 1, 1),
(80, 40, 'Sneakers', 2, '2019-07-26 09:20:28', '2019-07-26 09:20:28', 1, 1),
(81, 41, 'Shoes Accessories', 1, '2019-07-26 09:20:35', '2019-07-26 09:20:35', 1, 1),
(82, 41, 'Shoes Accessories', 2, '2019-07-26 09:20:35', '2019-07-26 09:20:35', 1, 1),
(85, 43, 'Polos', 1, '2019-07-26 10:06:24', '2019-07-26 10:06:24', 1, 1),
(86, 43, 'Polos', 2, '2019-07-26 10:06:24', '2019-07-26 10:06:24', 1, 1),
(87, 44, 'T-Shirts', 1, '2019-07-26 10:06:29', '2019-07-26 10:06:29', 1, 1),
(88, 44, 'T-Shirts', 2, '2019-07-26 10:06:29', '2019-07-26 10:06:29', 1, 1),
(89, 45, 'Shirts & Vests', 1, '2019-07-26 10:06:35', '2019-07-26 10:06:35', 1, 1),
(90, 45, 'Shirts & Vests', 2, '2019-07-26 10:06:35', '2019-07-26 10:06:35', 1, 1),
(91, 46, 'Pants', 1, '2019-07-26 10:06:40', '2019-07-26 10:06:40', 1, 1),
(92, 46, 'Pants', 2, '2019-07-26 10:06:40', '2019-07-26 10:06:40', 1, 1),
(93, 47, 'Skirts', 1, '2019-07-26 10:06:42', '2019-07-26 10:06:42', 1, 1),
(94, 47, 'Skirts', 2, '2019-07-26 10:06:42', '2019-07-26 10:06:42', 1, 1),
(95, 48, 'Shorts', 1, '2019-07-26 10:06:45', '2019-07-26 10:06:45', 1, 1),
(96, 48, 'Shorts', 2, '2019-07-26 10:06:45', '2019-07-26 10:06:45', 1, 1),
(97, 49, 'Dresses', 1, '2019-07-26 10:06:48', '2019-07-26 10:06:48', 1, 1),
(98, 49, 'Dresses', 2, '2019-07-26 10:06:48', '2019-07-26 10:06:48', 1, 1),
(99, 50, 'Party Dresses', 1, '2019-07-26 10:06:52', '2019-07-26 10:06:52', 1, 1),
(100, 50, 'Party Dresses', 2, '2019-07-26 10:06:52', '2019-07-26 10:06:52', 1, 1),
(101, 51, 'Underwear', 1, '2019-07-26 10:06:59', '2019-07-26 10:06:59', 1, 1),
(102, 51, 'Underwear', 2, '2019-07-26 10:06:59', '2019-07-26 10:06:59', 1, 1),
(103, 52, 'Uniforms', 1, '2019-07-26 10:07:04', '2019-07-26 10:07:04', 1, 1),
(104, 52, 'Uniforms', 2, '2019-07-26 10:07:04', '2019-07-26 10:07:04', 1, 1),
(105, 53, 'Sleepwear', 1, '2019-07-26 10:07:07', '2019-07-26 10:07:07', 1, 1),
(106, 53, 'Sleepwear', 2, '2019-07-26 10:07:07', '2019-07-26 10:07:07', 1, 1),
(107, 54, 'Jeans', 1, '2019-07-26 10:07:10', '2019-07-26 10:07:10', 1, 1),
(108, 54, 'Jeans', 2, '2019-07-26 10:07:10', '2019-07-26 10:07:10', 1, 1),
(109, 55, 'Coats & Jackets', 1, '2019-07-26 10:07:15', '2019-07-26 10:07:15', 1, 1),
(110, 55, 'Coats & Jackets', 2, '2019-07-26 10:07:15', '2019-07-26 10:07:15', 1, 1),
(111, 56, 'Belts', 1, '2019-07-26 10:07:18', '2019-07-26 10:07:18', 1, 1),
(112, 56, 'Belts', 2, '2019-07-26 10:07:18', '2019-07-26 10:07:18', 1, 1),
(113, 57, 'Lingerie', 1, '2019-07-26 10:07:21', '2019-07-26 10:07:21', 1, 1),
(114, 57, 'Lingerie', 2, '2019-07-26 10:07:21', '2019-07-26 10:07:21', 1, 1),
(115, 58, 'Hats & Caps', 1, '2019-07-26 10:07:25', '2019-07-26 10:07:25', 1, 1),
(116, 58, 'Hats & Caps', 2, '2019-07-26 10:07:25', '2019-07-26 10:07:25', 1, 1),
(117, 59, 'Traditional Wears', 1, '2019-07-26 10:07:33', '2019-07-26 10:07:33', 1, 1),
(118, 59, 'Traditional Wears', 2, '2019-07-26 10:07:33', '2019-07-26 10:07:33', 1, 1),
(119, 60, 'Pullovers', 1, '2019-07-26 10:07:36', '2019-07-26 10:07:36', 1, 1),
(120, 60, 'Pullovers', 2, '2019-07-26 10:07:36', '2019-07-26 10:07:36', 1, 1),
(121, 61, 'Maternity wear', 1, '2019-07-26 10:07:42', '2019-07-26 10:07:42', 1, 1),
(122, 61, 'Maternity wear', 2, '2019-07-26 10:07:42', '2019-07-26 10:07:42', 1, 1),
(123, 62, 'Scarves', 1, '2019-07-26 10:07:49', '2019-07-26 10:07:49', 1, 1),
(124, 62, 'Scarves', 2, '2019-07-26 10:07:49', '2019-07-26 10:07:49', 1, 1),
(125, 63, 'Jumpsuits & Rompers', 1, '2019-07-26 10:07:58', '2019-07-26 10:07:58', 1, 1),
(126, 63, 'Jumpsuits & Rompers', 2, '2019-07-26 10:07:58', '2019-07-26 10:07:58', 1, 1),
(127, 64, 'Arabian Clothing', 1, '2019-07-26 10:08:04', '2019-07-26 10:08:04', 1, 1),
(128, 64, 'Arabian Clothing', 2, '2019-07-26 10:08:04', '2019-07-26 10:08:04', 1, 1),
(129, 65, 'Leggings', 1, '2019-07-26 10:08:07', '2019-07-26 10:08:07', 1, 1),
(130, 65, 'Leggings', 2, '2019-07-26 10:08:07', '2019-07-26 10:08:07', 1, 1),
(131, 66, 'Blazers', 1, '2019-07-26 10:08:10', '2019-07-26 10:08:10', 1, 1),
(132, 66, 'Blazers', 2, '2019-07-26 10:08:10', '2019-07-26 10:08:10', 1, 1),
(133, 67, 'Hoodies & Sweatshirts', 1, '2019-07-26 10:08:20', '2019-07-26 10:08:20', 1, 1),
(134, 67, 'Hoodies & Sweatshirts', 2, '2019-07-26 10:08:20', '2019-07-26 10:08:20', 1, 1),
(135, 68, 'Sweaters', 1, '2019-07-26 10:08:22', '2019-07-26 10:08:22', 1, 1),
(136, 68, 'Sweaters', 2, '2019-07-26 10:08:22', '2019-07-26 10:08:22', 1, 1),
(137, 69, 'Socks', 1, '2019-07-26 10:19:17', '2019-07-26 10:19:17', 1, 1),
(138, 69, 'Socks', 2, '2019-07-26 10:19:17', '2019-07-26 10:19:17', 1, 1),
(139, 70, 'Casual Shoes', 1, '2019-07-26 10:19:23', '2019-07-26 10:19:23', 1, 1),
(140, 70, 'Casual Shoes', 2, '2019-07-26 10:19:23', '2019-07-26 10:19:23', 1, 1),
(141, 71, 'Formal & Dress Shoes', 1, '2019-07-26 10:19:32', '2019-07-26 10:19:32', 1, 1),
(142, 71, 'Formal & Dress Shoes', 2, '2019-07-26 10:19:32', '2019-07-26 10:19:32', 1, 1),
(143, 72, 'Sandals', 1, '2019-07-26 10:19:36', '2019-07-26 10:19:36', 1, 1),
(144, 72, 'Sandals', 2, '2019-07-26 10:19:36', '2019-07-26 10:19:36', 1, 1),
(145, 73, 'Slippers', 1, '2019-07-26 10:19:39', '2019-07-26 10:19:39', 1, 1),
(146, 73, 'Slippers', 2, '2019-07-26 10:19:39', '2019-07-26 10:19:39', 1, 1),
(147, 74, 'Boots', 1, '2019-07-26 10:19:42', '2019-07-26 10:19:42', 1, 1),
(148, 74, 'Boots', 2, '2019-07-26 10:19:42', '2019-07-26 10:19:42', 1, 1),
(149, 75, 'Flats', 1, '2019-07-26 10:19:44', '2019-07-26 10:19:44', 1, 1),
(150, 75, 'Flats', 2, '2019-07-26 10:19:44', '2019-07-26 10:19:44', 1, 1),
(151, 76, 'Loafers', 1, '2019-07-26 10:19:47', '2019-07-26 10:19:47', 1, 1),
(152, 76, 'Loafers', 2, '2019-07-26 10:19:47', '2019-07-26 10:19:47', 1, 1),
(153, 77, 'Pumps', 1, '2019-07-26 10:19:49', '2019-07-26 10:19:49', 1, 1),
(154, 77, 'Pumps', 2, '2019-07-26 10:19:49', '2019-07-26 10:19:49', 1, 1),
(155, 78, 'Work & Safety', 1, '2019-07-26 10:19:55', '2019-07-26 10:19:55', 1, 1),
(156, 78, 'Work & Safety', 2, '2019-07-26 10:19:55', '2019-07-26 10:19:55', 1, 1),
(157, 79, 'Sneakers', 1, '2019-07-26 10:19:58', '2019-07-26 10:19:58', 1, 1),
(158, 79, 'Sneakers', 2, '2019-07-26 10:19:58', '2019-07-26 10:19:58', 1, 1),
(159, 80, 'Shoes Acessories', 1, '2019-07-26 10:20:03', '2019-07-26 10:20:03', 1, 1),
(160, 80, 'Shoes Acessories', 2, '2019-07-26 10:20:03', '2019-07-26 10:20:03', 1, 1),
(161, 81, 'Polos', 1, '2019-07-26 10:23:31', '2019-07-26 10:23:31', 1, 1),
(162, 81, 'Polos', 2, '2019-07-26 10:23:31', '2019-07-26 10:23:31', 1, 1),
(163, 82, 'T-Shirts', 1, '2019-07-26 10:23:38', '2019-07-26 10:23:38', 1, 1),
(164, 82, 'T-Shirts', 2, '2019-07-26 10:23:38', '2019-07-26 10:23:38', 1, 1),
(165, 83, 'Shirts', 1, '2019-07-26 10:23:41', '2019-07-26 10:23:41', 1, 1),
(166, 83, 'Shirts', 2, '2019-07-26 10:23:41', '2019-07-26 10:23:41', 1, 1),
(167, 84, 'Pants', 1, '2019-07-26 10:23:43', '2019-07-26 10:23:43', 1, 1),
(168, 84, 'Pants', 2, '2019-07-26 10:23:43', '2019-07-26 10:23:43', 1, 1),
(169, 85, 'Shorts', 1, '2019-07-26 10:23:46', '2019-07-26 10:23:46', 1, 1),
(170, 85, 'Shorts', 2, '2019-07-26 10:23:46', '2019-07-26 10:23:46', 1, 1),
(171, 86, 'Suits', 1, '2019-07-26 10:23:49', '2019-07-26 10:23:49', 1, 1),
(172, 86, 'Suits', 2, '2019-07-26 10:23:49', '2019-07-26 10:23:49', 1, 1),
(173, 87, 'Hoodies & Sweatshirts', 1, '2019-07-26 10:23:56', '2019-07-26 10:25:16', 1, 1),
(174, 87, 'Hoodies & Swearshirts', 2, '2019-07-26 10:23:56', '2019-07-26 10:23:56', 1, 1),
(175, 88, 'Underwear', 1, '2019-07-26 10:24:02', '2019-07-26 10:24:02', 1, 1),
(176, 88, 'Underwear', 2, '2019-07-26 10:24:02', '2019-07-26 10:24:02', 1, 1),
(177, 89, 'Uniforms', 1, '2019-07-26 10:24:07', '2019-07-26 10:24:07', 1, 1),
(178, 89, 'Uniforms', 2, '2019-07-26 10:24:07', '2019-07-26 10:24:07', 1, 1),
(179, 90, 'Sleepwear', 1, '2019-07-26 10:24:14', '2019-07-26 10:24:14', 1, 1),
(180, 90, 'Sleepwear', 2, '2019-07-26 10:24:14', '2019-07-26 10:24:14', 1, 1),
(181, 91, 'Jeans', 1, '2019-07-26 10:24:16', '2019-07-26 10:24:16', 1, 1),
(182, 91, 'Jeans', 2, '2019-07-26 10:24:16', '2019-07-26 10:24:16', 1, 1),
(183, 92, 'Coats and Jackets', 1, '2019-07-26 10:24:24', '2019-07-26 10:24:24', 1, 1),
(184, 92, 'Coats and Jackets', 2, '2019-07-26 10:24:24', '2019-07-26 10:24:24', 1, 1),
(185, 93, 'Belts', 1, '2019-07-26 10:24:27', '2019-07-26 10:24:27', 1, 1),
(186, 93, 'Belts', 2, '2019-07-26 10:24:27', '2019-07-26 10:24:27', 1, 1),
(187, 94, 'Ties', 1, '2019-07-26 10:24:30', '2019-07-26 10:24:30', 1, 1),
(188, 94, 'Ties', 2, '2019-07-26 10:24:30', '2019-07-26 10:24:30', 1, 1),
(189, 95, 'Hats & Caps', 1, '2019-07-26 10:24:36', '2019-07-26 10:24:36', 1, 1),
(190, 95, 'Hats & Caps', 2, '2019-07-26 10:24:36', '2019-07-26 10:24:36', 1, 1),
(191, 96, 'Traditional Wears', 1, '2019-07-26 10:24:41', '2019-07-26 10:24:41', 1, 1),
(192, 96, 'Traditional Wears', 2, '2019-07-26 10:24:41', '2019-07-26 10:24:41', 1, 1),
(193, 97, 'Pullovers', 1, '2019-07-26 10:24:44', '2019-07-26 10:24:44', 1, 1),
(194, 97, 'Pullovers', 2, '2019-07-26 10:24:44', '2019-07-26 10:24:44', 1, 1),
(195, 98, 'Dresses', 1, '2019-07-26 10:24:46', '2019-07-26 10:24:46', 1, 1),
(196, 98, 'Dresses', 2, '2019-07-26 10:24:46', '2019-07-26 10:24:46', 1, 1),
(197, 99, 'Accessories', 1, '2019-07-26 10:24:49', '2019-07-26 10:24:49', 1, 1),
(198, 99, 'Accessories', 2, '2019-07-26 10:24:49', '2019-07-26 10:24:49', 1, 1),
(199, 100, 'Sweaters', 1, '2019-07-26 10:24:54', '2019-07-26 10:24:54', 1, 1),
(200, 100, 'Sweaters', 2, '2019-07-26 10:24:54', '2019-07-26 10:24:54', 1, 1),
(201, 101, 'Arabian Clothing', 1, '2019-07-26 10:24:57', '2019-07-26 10:24:57', 1, 1),
(202, 101, 'Arabian Clothing', 2, '2019-07-26 10:24:57', '2019-07-26 10:24:57', 1, 1),
(203, 102, 'Kid\'s Footwear', 1, '2019-07-26 10:25:55', '2019-07-26 10:25:55', 1, 1),
(204, 102, 'Kid\'s Footwear', 2, '2019-07-26 10:25:55', '2019-07-26 10:25:55', 1, 1),
(205, 103, 'Socks', 1, '2019-07-26 10:26:18', '2019-07-26 10:26:18', 1, 1),
(206, 103, 'Socks', 2, '2019-07-26 10:26:18', '2019-07-26 10:26:18', 1, 1),
(207, 104, 'Casual Shoes', 1, '2019-07-26 10:26:21', '2019-07-26 10:26:21', 1, 1),
(208, 104, 'Casual Shoes', 2, '2019-07-26 10:26:21', '2019-07-26 10:26:21', 1, 1),
(209, 105, 'Casual Shoes', 1, '2019-07-26 10:27:00', '2019-07-26 10:27:00', 1, 1),
(210, 105, 'Casual Shoes', 2, '2019-07-26 10:27:00', '2019-07-26 10:27:00', 1, 1),
(211, 106, 'Formal Shoes', 1, '2019-07-26 10:27:08', '2019-07-26 10:27:08', 1, 1),
(212, 106, 'Formal Shoes', 2, '2019-07-26 10:27:08', '2019-07-26 10:27:08', 1, 1),
(213, 107, 'Sandals', 1, '2019-07-26 10:27:11', '2019-07-26 10:27:11', 1, 1),
(214, 107, 'Sandals', 2, '2019-07-26 10:27:11', '2019-07-26 10:27:11', 1, 1),
(215, 108, 'Slippers', 1, '2019-07-26 10:27:13', '2019-07-26 10:27:13', 1, 1),
(216, 108, 'Slippers', 2, '2019-07-26 10:27:13', '2019-07-26 10:27:13', 1, 1),
(217, 109, 'Boots', 1, '2019-07-26 10:27:15', '2019-07-26 10:27:15', 1, 1),
(218, 109, 'Boots', 2, '2019-07-26 10:27:15', '2019-07-26 10:27:15', 1, 1),
(219, 110, 'Loafers', 1, '2019-07-26 10:27:18', '2019-07-26 10:27:18', 1, 1),
(220, 110, 'Loafers', 2, '2019-07-26 10:27:18', '2019-07-26 10:27:18', 1, 1),
(221, 111, 'Sneakers', 1, '2019-07-26 10:27:24', '2019-07-26 10:27:24', 1, 1),
(222, 111, 'Sneakers', 2, '2019-07-26 10:27:24', '2019-07-26 10:27:24', 1, 1),
(223, 112, 'Flats', 1, '2019-07-26 10:27:26', '2019-07-26 10:27:26', 1, 1),
(224, 112, 'Flats', 2, '2019-07-26 10:27:26', '2019-07-26 10:27:26', 1, 1),
(225, 113, 'Shoes Accessories', 1, '2019-07-26 10:27:32', '2019-07-26 10:27:32', 1, 1),
(226, 113, 'Shoes Accessories', 2, '2019-07-26 10:27:32', '2019-07-26 10:27:32', 1, 1),
(227, 114, 'Contact Lenses', 1, '2019-07-26 10:28:42', '2019-07-26 10:28:42', 1, 1),
(228, 114, 'Contact Lenses', 2, '2019-07-26 10:28:42', '2019-07-26 10:28:42', 1, 1),
(229, 115, 'Eyewear', 1, '2019-07-26 10:28:46', '2019-07-26 10:28:46', 1, 1),
(230, 115, 'Eyewear', 2, '2019-07-26 10:28:46', '2019-07-26 10:28:46', 1, 1),
(231, 116, 'Glasses Frames', 1, '2019-07-26 10:28:50', '2019-07-26 10:28:50', 1, 1),
(232, 116, 'Glasses Frames', 2, '2019-07-26 10:28:50', '2019-07-26 10:28:50', 1, 1),
(233, 117, 'Men\'s Sunglasses', 1, '2019-07-26 10:28:56', '2019-07-26 10:28:56', 1, 1),
(234, 117, 'Men\'s Sunglasses', 2, '2019-07-26 10:28:56', '2019-07-26 10:28:56', 1, 1),
(235, 118, 'Women\'s Sunglasses', 1, '2019-07-26 10:29:04', '2019-07-26 10:29:04', 1, 1),
(236, 118, 'Women\'s Sunglasses', 2, '2019-07-26 10:29:04', '2019-07-26 10:29:04', 1, 1),
(237, 119, 'Eyewear Accessories', 1, '2019-07-26 10:29:09', '2019-07-26 10:29:09', 1, 1),
(238, 119, 'Eyewear Accessories', 2, '2019-07-26 10:29:09', '2019-07-26 10:29:09', 1, 1),
(239, 120, 'Eyewear Sets', 1, '2019-07-26 10:29:14', '2019-07-26 10:29:14', 1, 1),
(240, 120, 'Eyewear Sets', 2, '2019-07-26 10:29:14', '2019-07-26 10:29:14', 1, 1),
(241, 121, 'Lips', 1, '2019-07-26 10:41:17', '2019-07-26 10:41:17', 1, 1),
(242, 121, 'Lips', 2, '2019-07-26 10:41:17', '2019-07-26 10:41:17', 1, 1),
(243, 122, 'Eyes', 1, '2019-07-26 10:41:21', '2019-07-26 10:41:21', 1, 1),
(244, 122, 'Eyes', 2, '2019-07-26 10:41:21', '2019-07-26 10:41:21', 1, 1),
(245, 123, 'Face', 1, '2019-07-26 10:41:24', '2019-07-26 10:41:24', 1, 1),
(246, 123, 'Face', 2, '2019-07-26 10:41:24', '2019-07-26 10:41:24', 1, 1),
(247, 124, 'Body', 1, '2019-07-26 10:41:26', '2019-07-26 10:41:26', 1, 1),
(248, 124, 'Body', 2, '2019-07-26 10:41:26', '2019-07-26 10:41:26', 1, 1),
(249, 125, 'Makeup Remover', 1, '2019-07-26 10:41:30', '2019-07-26 10:41:30', 1, 1),
(250, 125, 'Makeup Remover', 2, '2019-07-26 10:41:30', '2019-07-26 10:41:30', 1, 1),
(251, 126, 'Makeup Brushes & Tools', 1, '2019-07-26 10:41:36', '2019-07-26 10:41:36', 1, 1),
(252, 126, 'Makeup Brushes & Tools', 2, '2019-07-26 10:41:36', '2019-07-26 10:41:36', 1, 1),
(253, 127, 'Nails', 1, '2019-07-26 10:41:38', '2019-07-26 10:41:38', 1, 1),
(254, 127, 'Nails', 2, '2019-07-26 10:41:38', '2019-07-26 10:41:38', 1, 1),
(255, 128, 'primers', 1, '2019-07-26 10:41:40', '2019-07-26 10:41:40', 1, 1),
(256, 128, 'primers', 2, '2019-07-26 10:41:40', '2019-07-26 10:41:40', 1, 1),
(257, 129, 'Makeup Bags', 1, '2019-07-26 10:41:43', '2019-07-26 10:41:43', 1, 1),
(258, 129, 'Makeup Bags', 2, '2019-07-26 10:41:43', '2019-07-26 10:41:43', 1, 1),
(259, 130, 'Organic & Natural', 1, '2019-07-26 10:41:48', '2019-07-26 10:41:48', 1, 1),
(260, 130, 'Organic & Natural', 2, '2019-07-26 10:41:48', '2019-07-26 10:41:48', 1, 1),
(261, 131, 'Makeup Sanitisers', 1, '2019-07-26 10:41:55', '2019-07-26 10:41:55', 1, 1),
(262, 131, 'Makeup Sanitisers', 2, '2019-07-26 10:41:55', '2019-07-26 10:41:55', 1, 1),
(263, 132, 'Wallets & Bags', 1, '2019-08-01 21:06:43', '2019-08-01 21:06:43', 1, 1),
(264, 132, 'Wallets & Bags', 2, '2019-08-01 21:06:43', '2019-08-01 21:06:43', 1, 1),
(265, 133, 'Wallets', 1, '2019-08-01 21:07:06', '2019-08-01 21:07:06', 1, 1),
(266, 133, 'Wallets', 2, '2019-08-01 21:07:06', '2019-08-01 21:07:06', 1, 1),
(267, 134, 'Backpacks', 1, '2019-08-01 21:07:15', '2019-08-01 21:07:15', 1, 1),
(268, 134, 'Backpacks', 2, '2019-08-01 21:07:15', '2019-08-01 21:07:15', 1, 1),
(269, 135, 'Duffle Bags', 1, '2019-08-01 21:07:21', '2019-08-01 21:07:21', 1, 1),
(270, 135, 'Duffle Bags', 2, '2019-08-01 21:07:21', '2019-08-01 21:07:21', 1, 1),
(271, 136, 'Handbags', 1, '2019-08-01 21:07:26', '2019-08-01 21:07:26', 1, 1),
(272, 136, 'Handbags', 2, '2019-08-01 21:07:26', '2019-08-01 21:07:26', 1, 1),
(273, 137, 'Specialty Bags & Carry Cases', 1, '2019-08-01 21:07:37', '2019-08-01 21:07:37', 1, 1),
(274, 137, 'Specialty Bags & Carry Cases', 2, '2019-08-01 21:07:37', '2019-08-01 21:07:37', 1, 1),
(275, 138, 'Trolley Suitcases & Bags', 1, '2019-08-01 21:07:50', '2019-08-01 21:07:50', 1, 1),
(276, 138, 'Trolley Suitcases & Bags', 2, '2019-08-01 21:07:50', '2019-08-01 21:07:50', 1, 1),
(277, 139, 'Packing & Bags Accessories', 1, '2019-08-01 21:07:59', '2019-08-01 21:07:59', 1, 1),
(278, 139, 'Packing & Bags Accessories', 2, '2019-08-01 21:07:59', '2019-08-01 21:07:59', 1, 1),
(279, 140, 'Watches', 1, '2019-08-01 21:08:27', '2019-08-01 21:08:27', 1, 1),
(280, 140, 'Watches', 2, '2019-08-01 21:08:27', '2019-08-01 21:08:27', 1, 1),
(281, 141, 'Men\'s Watches', 1, '2019-08-01 21:08:48', '2019-08-01 21:08:48', 1, 1),
(282, 141, 'Men\'s Watches', 2, '2019-08-01 21:08:48', '2019-08-01 21:08:48', 1, 1),
(283, 142, 'Women\'s Watches', 1, '2019-08-01 21:08:56', '2019-08-01 21:08:56', 1, 1),
(284, 142, 'Women\'s Watches', 2, '2019-08-01 21:08:56', '2019-08-01 21:08:56', 1, 1),
(285, 143, 'Kid\'s Watches', 1, '2019-08-01 21:09:03', '2019-08-01 21:09:03', 1, 1),
(286, 143, 'Kid\'s Watches', 2, '2019-08-01 21:09:03', '2019-08-01 21:09:03', 1, 1),
(287, 144, 'Smart Watches', 1, '2019-08-01 21:09:08', '2019-08-01 21:09:08', 1, 1),
(288, 144, 'Smart Watches', 2, '2019-08-01 21:09:08', '2019-08-01 21:09:08', 1, 1),
(289, 145, 'Sports Watches', 1, '2019-08-01 21:09:12', '2019-08-01 21:09:12', 1, 1),
(290, 145, 'Sports Watches', 2, '2019-08-01 21:09:12', '2019-08-01 21:09:12', 1, 1),
(291, 146, 'Watch Accessories', 1, '2019-08-01 21:09:21', '2019-08-01 21:09:21', 1, 1),
(292, 146, 'Watch Accessories', 2, '2019-08-01 21:09:21', '2019-08-01 21:09:21', 1, 1),
(293, 147, 'Jewelry', 1, '2019-08-01 21:09:52', '2019-08-01 21:09:52', 1, 1),
(294, 147, 'Jewelry', 2, '2019-08-01 21:09:52', '2019-08-01 21:09:52', 1, 1),
(295, 148, 'Bracelets', 1, '2019-08-01 21:10:21', '2019-08-01 21:10:21', 1, 1),
(296, 148, 'Bracelets', 2, '2019-08-01 21:10:21', '2019-08-01 21:10:21', 1, 1),
(297, 149, 'Rings', 1, '2019-08-01 21:10:24', '2019-08-01 21:10:24', 1, 1),
(298, 149, 'Rings', 2, '2019-08-01 21:10:24', '2019-08-01 21:10:24', 1, 1),
(299, 150, 'Earrings', 1, '2019-08-01 21:10:28', '2019-08-01 21:10:28', 1, 1),
(300, 150, 'Earrings', 2, '2019-08-01 21:10:28', '2019-08-01 21:10:28', 1, 1),
(301, 151, 'Fine Jewelry', 1, '2019-08-01 21:10:36', '2019-08-01 21:10:36', 1, 1),
(302, 151, 'Fine Jewelry', 2, '2019-08-01 21:10:36', '2019-08-01 21:10:36', 1, 1),
(303, 152, 'Jewelry Sets', 1, '2019-08-01 21:10:43', '2019-08-01 21:10:43', 1, 1),
(304, 152, 'Jewelry Sets', 2, '2019-08-01 21:10:43', '2019-08-01 21:10:43', 1, 1),
(305, 153, 'Loose Gemstones & Diamonds', 1, '2019-08-01 21:10:54', '2019-08-01 21:10:54', 1, 1),
(306, 153, 'Loose Gemstones & Diamonds', 2, '2019-08-01 21:10:54', '2019-08-01 21:10:54', 1, 1),
(307, 154, 'Necklaces', 1, '2019-08-01 21:10:59', '2019-08-01 21:10:59', 1, 1),
(308, 154, 'Necklaces', 2, '2019-08-01 21:10:59', '2019-08-01 21:10:59', 1, 1),
(309, 155, 'Men\'s Jewelry', 1, '2019-08-01 21:11:05', '2019-08-01 21:11:05', 1, 1),
(310, 155, 'Men\'s Jewelry', 2, '2019-08-01 21:11:05', '2019-08-01 21:11:05', 1, 1),
(311, 156, 'Body Jewelry', 1, '2019-08-01 21:11:10', '2019-08-01 21:11:10', 1, 1),
(312, 156, 'Body Jewelry', 2, '2019-08-01 21:11:10', '2019-08-01 21:11:10', 1, 1),
(313, 157, 'Pendants & Charms', 1, '2019-08-01 21:11:18', '2019-08-01 21:11:18', 1, 1),
(314, 157, 'Pendants & Charms', 2, '2019-08-01 21:11:18', '2019-08-01 21:11:18', 1, 1),
(315, 158, 'Jewelry Accessories', 1, '2019-08-01 21:11:26', '2019-08-01 21:11:26', 1, 1),
(316, 158, 'Jewelry Accessories', 2, '2019-08-01 21:11:26', '2019-08-01 21:11:26', 1, 1),
(317, 159, 'Children\'s Jewelry', 1, '2019-08-01 21:11:33', '2019-08-01 21:11:33', 1, 1),
(318, 159, 'Children\'s Jewelry', 2, '2019-08-01 21:11:33', '2019-08-01 21:11:33', 1, 1),
(319, 160, 'Engagement', 1, '2019-08-01 21:11:37', '2019-08-01 21:11:37', 1, 1),
(320, 160, 'Engagement', 2, '2019-08-01 21:11:37', '2019-08-01 21:11:37', 1, 1),
(321, 161, 'Wedding', 1, '2019-08-01 21:11:41', '2019-08-01 21:11:41', 1, 1),
(322, 161, 'Wedding', 2, '2019-08-01 21:11:41', '2019-08-01 21:11:41', 1, 1),
(323, 162, 'Personal & Skin Care', 1, '2019-08-01 21:12:08', '2019-08-01 21:12:08', 1, 1),
(324, 162, 'Personal & Skin Care', 2, '2019-08-01 21:12:08', '2019-08-01 21:12:08', 1, 1),
(325, 163, 'Hair Care', 1, '2019-08-01 21:12:14', '2019-08-01 21:12:14', 1, 1),
(326, 163, 'Hair Care', 2, '2019-08-01 21:12:14', '2019-08-01 21:12:14', 1, 1),
(327, 164, 'Perfumes & Fragrances', 1, '2019-08-01 21:12:23', '2019-08-01 21:12:23', 1, 1),
(328, 164, 'Perfumes & Fragrances', 2, '2019-08-01 21:12:23', '2019-08-01 21:12:23', 1, 1),
(329, 165, 'Health', 1, '2019-08-01 21:12:28', '2019-08-01 21:12:28', 1, 1),
(330, 165, 'Health', 2, '2019-08-01 21:12:28', '2019-08-01 21:12:28', 1, 1),
(331, 166, 'Baby', 1, '2019-08-01 21:12:48', '2019-08-02 15:13:06', 1, 1),
(332, 166, 'Baby', 2, '2019-08-01 21:12:48', '2019-08-01 21:12:48', 1, 1),
(333, 167, 'Technology', 1, '2019-08-01 21:12:57', '2019-08-02 14:58:08', 1, 1),
(334, 167, 'Technology', 2, '2019-08-01 21:12:57', '2019-08-01 21:12:57', 1, 1),
(335, 168, 'Sports & Fitness', 1, '2019-08-01 21:13:15', '2019-08-02 15:11:02', 1, 1),
(336, 168, 'Sports & Fitness', 2, '2019-08-01 21:13:15', '2019-08-01 21:13:15', 1, 1),
(337, 169, 'Motors & Vehicles', 1, '2019-08-01 21:13:24', '2019-08-02 15:07:22', 1, 1),
(338, 169, 'Motors & Vehicles', 2, '2019-08-01 21:13:24', '2019-08-01 21:13:24', 1, 1),
(339, 170, 'Entertainment & Books', 1, '2019-08-01 21:13:34', '2019-08-02 15:13:42', 1, 1),
(340, 170, 'Entertainment & Books', 2, '2019-08-01 21:13:34', '2019-08-01 21:13:34', 1, 1),
(341, 171, 'Food & Beverages', 1, '2019-08-01 21:13:43', '2019-08-02 15:06:29', 1, 1),
(342, 171, 'Food & Beverages', 2, '2019-08-01 21:13:43', '2019-08-01 21:13:43', 1, 1),
(343, 172, 'Antiques & Collectibles', 1, '2019-08-01 21:13:59', '2019-08-02 15:09:56', 1, 1),
(344, 172, 'Antiques & Collectibles', 2, '2019-08-01 21:13:59', '2019-08-01 21:13:59', 1, 1),
(345, 173, 'Pets', 1, '2019-08-01 21:14:06', '2019-08-02 15:12:42', 1, 1),
(346, 173, 'Pets', 2, '2019-08-01 21:14:06', '2019-08-01 21:14:06', 1, 1),
(347, 174, 'Hair Care', 1, '2019-08-01 21:15:09', '2019-08-01 21:15:09', 1, 1),
(348, 174, 'Hair Care', 2, '2019-08-01 21:15:09', '2019-08-01 21:15:09', 1, 1),
(349, 175, 'Hair Dyes & Colors', 1, '2019-08-01 21:15:17', '2019-08-01 21:15:17', 1, 1),
(350, 175, 'Hair Dyes & Colors', 2, '2019-08-01 21:15:17', '2019-08-01 21:15:17', 1, 1),
(351, 176, 'Hair Treatment', 1, '2019-08-01 21:15:23', '2019-08-01 21:15:23', 1, 1),
(352, 176, 'Hair Treatment', 2, '2019-08-01 21:15:23', '2019-08-01 21:15:23', 1, 1),
(353, 177, 'Shampoos & Conditioners', 1, '2019-08-01 21:15:31', '2019-08-01 21:15:31', 1, 1),
(354, 177, 'Shampoos & Conditioners', 2, '2019-08-01 21:15:31', '2019-08-01 21:15:31', 1, 1),
(355, 178, 'Hair Styling Electronics', 1, '2019-08-01 21:15:45', '2019-08-01 21:15:45', 1, 1),
(356, 178, 'Hair Styling Electronics', 2, '2019-08-01 21:15:45', '2019-08-01 21:15:45', 1, 1),
(357, 179, 'Wigs', 1, '2019-08-01 21:15:52', '2019-08-01 21:15:52', 1, 1),
(358, 179, 'Wigs', 2, '2019-08-01 21:15:52', '2019-08-01 21:15:52', 1, 1),
(359, 180, 'Hair Tools & Accessories', 1, '2019-08-01 21:15:59', '2019-08-01 21:15:59', 1, 1),
(360, 180, 'Hair Tools & Accessories', 2, '2019-08-01 21:15:59', '2019-08-01 21:15:59', 1, 1),
(361, 181, 'Hair Loss Products', 1, '2019-08-01 21:16:05', '2019-08-01 21:16:05', 1, 1),
(362, 181, 'Hair Loss Products', 2, '2019-08-01 21:16:05', '2019-08-01 21:16:05', 1, 1),
(363, 182, 'Oils & Serums', 1, '2019-08-01 21:16:13', '2019-08-01 21:16:13', 1, 1),
(364, 182, 'Oils & Serums', 2, '2019-08-01 21:16:13', '2019-08-01 21:16:13', 1, 1),
(365, 183, 'Organic & Natural', 1, '2019-08-01 21:16:20', '2019-08-01 21:16:20', 1, 1),
(366, 183, 'Organic & Natural', 2, '2019-08-01 21:16:20', '2019-08-01 21:16:20', 1, 1),
(367, 184, 'Supplements', 1, '2019-08-01 21:16:25', '2019-08-01 21:16:25', 1, 1),
(368, 184, 'Supplements', 2, '2019-08-01 21:16:25', '2019-08-01 21:16:25', 1, 1),
(369, 185, 'Babies & Children', 1, '2019-08-01 21:16:31', '2019-08-01 21:17:15', 1, 1),
(370, 185, 'Babies & Childern', 2, '2019-08-01 21:16:31', '2019-08-01 21:16:31', 1, 1),
(371, 186, 'Attar', 1, '2019-08-01 21:18:04', '2019-08-01 21:18:04', 1, 1),
(372, 186, 'Attar', 2, '2019-08-01 21:18:04', '2019-08-01 21:18:04', 1, 1),
(373, 187, 'Body Mists & Sprays', 1, '2019-08-01 21:18:13', '2019-08-01 21:18:13', 1, 1),
(374, 187, 'Body Mists & Sprays', 2, '2019-08-01 21:18:13', '2019-08-01 21:18:13', 1, 1),
(375, 188, 'Eau de Cologne', 1, '2019-08-01 21:18:19', '2019-08-01 21:18:19', 1, 1),
(376, 188, 'Eau de Cologne', 2, '2019-08-01 21:18:19', '2019-08-01 21:18:19', 1, 1),
(377, 189, 'Eau de Parfum', 1, '2019-08-01 21:18:27', '2019-08-01 21:18:27', 1, 1),
(378, 189, 'Eau de Parfum', 2, '2019-08-01 21:18:27', '2019-08-01 21:18:27', 1, 1),
(379, 190, 'Eau de Toilette', 1, '2019-08-01 21:18:34', '2019-08-01 21:18:34', 1, 1),
(380, 190, 'Eau de Toilette', 2, '2019-08-01 21:18:34', '2019-08-01 21:18:34', 1, 1),
(381, 191, 'Gift Sets', 1, '2019-08-01 21:18:39', '2019-08-01 21:18:39', 1, 1),
(382, 191, 'Gift Sets', 2, '2019-08-01 21:18:39', '2019-08-01 21:18:39', 1, 1),
(383, 192, 'Oud & Incense', 1, '2019-08-01 21:18:46', '2019-08-01 21:19:50', 1, 1),
(384, 192, 'Oud & Incese', 2, '2019-08-01 21:18:46', '2019-08-01 21:18:46', 1, 1),
(385, 193, 'Parfum', 1, '2019-08-01 21:18:54', '2019-08-01 21:18:54', 1, 1),
(386, 193, 'Parfum', 2, '2019-08-01 21:18:54', '2019-08-01 21:18:54', 1, 1),
(387, 194, 'Perfume Oil', 1, '2019-08-01 21:19:00', '2019-08-01 21:19:00', 1, 1),
(388, 194, 'Perfume Oil', 2, '2019-08-01 21:19:00', '2019-08-01 21:19:00', 1, 1),
(389, 195, 'Deodrants', 1, '2019-08-01 21:19:04', '2019-08-01 21:19:04', 1, 1),
(390, 195, 'Deodrants', 2, '2019-08-01 21:19:04', '2019-08-01 21:19:04', 1, 1),
(391, 196, 'Home Fragrances', 1, '2019-08-01 21:19:10', '2019-08-01 21:19:10', 1, 1),
(392, 196, 'Home Fragrances', 2, '2019-08-01 21:19:10', '2019-08-01 21:19:10', 1, 1),
(393, 197, 'Body & Hair Mist', 1, '2019-08-01 21:19:19', '2019-08-01 21:19:19', 1, 1),
(394, 197, 'Body & Hair Mist', 2, '2019-08-01 21:19:19', '2019-08-01 21:19:19', 1, 1),
(395, 198, 'Bath & Shower', 1, '2019-08-01 21:19:28', '2019-08-01 21:19:28', 1, 1),
(396, 198, 'Bath & Shower', 2, '2019-08-01 21:19:28', '2019-08-01 21:19:28', 1, 1),
(397, 199, 'Vitamins & Dietary Supplements', 1, '2019-08-01 21:20:38', '2019-08-01 21:20:38', 1, 1),
(398, 199, 'Vitamins & Dietary Supplements', 2, '2019-08-01 21:20:38', '2019-08-01 21:20:38', 1, 1),
(399, 200, 'Health Care', 1, '2019-08-01 21:20:43', '2019-08-01 21:20:43', 1, 1),
(400, 200, 'Health Care', 2, '2019-08-01 21:20:43', '2019-08-01 21:20:43', 1, 1),
(401, 201, 'Medical Supplies & Equipment', 1, '2019-08-01 21:20:51', '2019-08-01 21:20:51', 1, 1),
(402, 201, 'Medical Supplies & Equipment', 2, '2019-08-01 21:20:51', '2019-08-01 21:20:51', 1, 1),
(403, 202, 'Sports Nutrition', 1, '2019-08-01 21:20:59', '2019-08-01 21:20:59', 1, 1),
(404, 202, 'Sports Nutrition', 2, '2019-08-01 21:20:59', '2019-08-01 21:20:59', 1, 1),
(405, 203, 'Medicines', 1, '2019-08-01 21:21:03', '2019-08-01 21:21:03', 1, 1),
(406, 203, 'Medicines', 2, '2019-08-01 21:21:03', '2019-08-01 21:21:03', 1, 1),
(407, 204, 'Feminine Care', 1, '2019-08-01 21:21:26', '2019-08-01 21:21:26', 1, 1),
(408, 204, 'Feminine Care', 2, '2019-08-01 21:21:26', '2019-08-01 21:21:26', 1, 1),
(409, 205, 'Men\'s Care', 1, '2019-08-01 21:21:31', '2019-08-01 21:21:31', 1, 1),
(410, 205, 'Men\'s Care', 2, '2019-08-01 21:21:31', '2019-08-01 21:21:31', 1, 1),
(411, 206, 'Tools & Accessories', 1, '2019-08-01 21:21:45', '2019-08-01 21:21:45', 1, 1),
(412, 206, 'Tools & Accessories', 2, '2019-08-01 21:21:45', '2019-08-01 21:21:45', 1, 1),
(413, 207, 'Body', 1, '2019-08-01 21:21:49', '2019-08-01 21:21:49', 1, 1),
(414, 207, 'Body', 2, '2019-08-01 21:21:49', '2019-08-01 21:21:49', 1, 1),
(415, 208, 'Face', 1, '2019-08-01 21:21:53', '2019-08-01 21:21:53', 1, 1),
(416, 208, 'Face', 2, '2019-08-01 21:21:53', '2019-08-01 21:21:53', 1, 1),
(417, 209, 'Hands & Nails', 1, '2019-08-01 21:21:58', '2019-08-01 21:21:58', 1, 1),
(418, 209, 'Hands & Nails', 2, '2019-08-01 21:21:58', '2019-08-01 21:21:58', 1, 1),
(419, 210, 'Sun Care', 1, '2019-08-01 21:22:03', '2019-08-01 21:22:03', 1, 1),
(420, 210, 'Sun Care', 2, '2019-08-01 21:22:03', '2019-08-01 21:22:03', 1, 1),
(421, 211, 'Lip Care', 1, '2019-08-01 21:22:08', '2019-08-01 21:22:08', 1, 1),
(422, 211, 'Lip Care', 2, '2019-08-01 21:22:08', '2019-08-01 21:22:08', 1, 1),
(423, 212, 'Shaving & Hair Removal', 1, '2019-08-01 21:22:17', '2019-08-01 21:22:17', 1, 1),
(424, 212, 'Shaving & Hair Removal', 2, '2019-08-01 21:22:17', '2019-08-01 21:22:17', 1, 1),
(425, 213, 'Eye Care', 1, '2019-08-01 21:22:21', '2019-08-01 21:22:21', 1, 1),
(426, 213, 'Eye Care', 2, '2019-08-01 21:22:21', '2019-08-01 21:22:21', 1, 1),
(427, 214, 'Oral Hygiene', 1, '2019-08-01 21:22:30', '2019-08-01 21:22:30', 1, 1),
(428, 214, 'Oral Hygiene', 2, '2019-08-01 21:22:30', '2019-08-01 21:22:30', 1, 1),
(429, 215, 'Hand & Foot Care', 1, '2019-08-01 21:22:37', '2019-08-01 21:22:37', 1, 1),
(430, 215, 'Hand & Foot Care', 2, '2019-08-01 21:22:37', '2019-08-01 21:22:37', 1, 1),
(431, 216, 'Tattoos', 1, '2019-08-01 21:22:51', '2019-08-01 21:22:51', 1, 1),
(432, 216, 'Tattoos', 2, '2019-08-01 21:22:51', '2019-08-01 21:22:51', 1, 1),
(433, 217, 'Anti-Aging', 1, '2019-08-01 21:22:57', '2019-08-01 21:22:57', 1, 1),
(434, 217, 'Anti-Aging', 2, '2019-08-01 21:22:57', '2019-08-01 21:22:57', 1, 1),
(435, 218, 'Treatments', 1, '2019-08-01 21:23:03', '2019-08-01 21:23:03', 1, 1),
(436, 218, 'Treatments', 2, '2019-08-01 21:23:03', '2019-08-01 21:23:03', 1, 1),
(437, 219, 'Neck & Decollete Care', 1, '2019-08-01 21:23:15', '2019-08-01 21:23:15', 1, 1),
(438, 219, 'Neck & Decollete Care', 2, '2019-08-01 21:23:15', '2019-08-01 21:23:15', 1, 1),
(439, 220, 'Supplements', 1, '2019-08-01 21:23:23', '2019-08-01 21:23:23', 1, 1),
(440, 220, 'Supplements', 2, '2019-08-01 21:23:23', '2019-08-01 21:23:23', 1, 1),
(441, 221, 'Children & Teens', 1, '2019-08-01 21:23:38', '2019-08-01 21:23:38', 1, 1),
(442, 221, 'Children & Teens', 2, '2019-08-01 21:23:38', '2019-08-01 21:23:38', 1, 1),
(443, 222, 'Organic', 1, '2019-08-01 21:23:43', '2019-08-01 21:23:43', 1, 1),
(444, 222, 'Organic', 2, '2019-08-01 21:23:43', '2019-08-01 21:23:43', 1, 1),
(445, 223, 'Moisturizers', 1, '2019-08-01 21:23:50', '2019-08-01 21:23:50', 1, 1),
(446, 223, 'Moisturizers', 2, '2019-08-01 21:23:50', '2019-08-01 21:23:50', 1, 1),
(447, 224, 'Cleansers', 1, '2019-08-01 21:23:55', '2019-08-01 21:23:55', 1, 1),
(448, 224, 'Cleansers', 2, '2019-08-01 21:23:55', '2019-08-01 21:23:55', 1, 1),
(449, 225, 'Mobiles & Tablets', 1, '2019-08-02 13:11:32', '2019-08-02 13:11:32', 1, 1),
(450, 225, 'Mobiles & Tablets', 2, '2019-08-02 13:11:32', '2019-08-02 13:11:32', 1, 1),
(451, 226, 'Laptops & PCs', 1, '2019-08-02 13:11:41', '2019-08-02 13:11:41', 1, 1),
(452, 226, 'Laptops & PCs', 2, '2019-08-02 13:11:41', '2019-08-02 13:11:41', 1, 1),
(453, 227, 'TVs', 1, '2019-08-02 13:11:45', '2019-08-02 13:11:45', 1, 1),
(454, 227, 'TVs', 2, '2019-08-02 13:11:45', '2019-08-02 13:11:45', 1, 1),
(455, 228, 'Cameras', 1, '2019-08-02 13:11:50', '2019-08-02 13:11:50', 1, 1),
(456, 228, 'Cameras', 2, '2019-08-02 13:11:50', '2019-08-02 13:11:50', 1, 1),
(457, 229, 'Others and Accessories', 1, '2019-08-02 13:11:59', '2019-08-02 13:11:59', 1, 1),
(458, 229, 'Others and Accessories', 2, '2019-08-02 13:11:59', '2019-08-02 13:11:59', 1, 1),
(459, 230, 'Fresh', 1, '2019-08-02 13:12:34', '2019-08-02 13:12:34', 1, 1),
(460, 230, 'Fresh', 2, '2019-08-02 13:12:34', '2019-08-02 13:12:34', 1, 1),
(461, 231, 'Grocery', 1, '2019-08-02 13:12:40', '2019-08-02 13:12:40', 1, 1),
(462, 231, 'Grocery', 2, '2019-08-02 13:12:40', '2019-08-02 13:12:40', 1, 1),
(463, 232, 'Bakery Center', 1, '2019-08-02 13:12:45', '2019-08-02 13:12:45', 1, 1),
(464, 232, 'Bakery Center', 2, '2019-08-02 13:12:45', '2019-08-02 13:12:45', 1, 1),
(465, 233, 'Beverages', 1, '2019-08-02 13:12:53', '2019-08-02 13:12:53', 1, 1),
(466, 233, 'Beverages', 2, '2019-08-02 13:12:53', '2019-08-02 13:12:53', 1, 1),
(467, 234, 'Restaurants', 1, '2019-08-02 13:12:58', '2019-08-02 13:12:58', 1, 1),
(468, 234, 'Restaurants', 2, '2019-08-02 13:12:58', '2019-08-02 13:12:58', 1, 1),
(469, 235, 'Antiques', 1, '2019-08-02 13:13:48', '2019-08-02 13:13:48', 1, 1),
(470, 235, 'Antiques', 2, '2019-08-02 13:13:48', '2019-08-02 13:13:48', 1, 1),
(471, 236, 'Paintings & Drawings', 1, '2019-08-02 13:13:56', '2019-08-02 13:13:56', 1, 1),
(472, 236, 'Paintings & Drawings', 2, '2019-08-02 13:13:56', '2019-08-02 13:13:56', 1, 1),
(473, 237, 'Handcrafts', 1, '2019-08-02 13:14:02', '2019-08-02 13:14:02', 1, 1),
(474, 237, 'Handcrafts', 2, '2019-08-02 13:14:02', '2019-08-02 13:14:02', 1, 1),
(475, 238, 'Stamps', 1, '2019-08-02 13:14:05', '2019-08-02 13:14:05', 1, 1),
(476, 238, 'Stamps', 2, '2019-08-02 13:14:05', '2019-08-02 13:14:05', 1, 1),
(477, 239, 'Coins', 1, '2019-08-02 13:14:14', '2019-08-02 13:14:14', 1, 1),
(478, 239, 'Coins', 2, '2019-08-02 13:14:14', '2019-08-02 13:14:14', 1, 1),
(479, 240, 'live Pets', 1, '2019-08-02 13:14:37', '2019-08-02 13:14:37', 1, 1),
(480, 240, 'live Pets', 2, '2019-08-02 13:14:37', '2019-08-02 13:14:37', 1, 1),
(481, 241, 'Food & Treats', 1, '2019-08-02 13:14:45', '2019-08-02 13:14:45', 1, 1),
(482, 241, 'Food & Treats', 2, '2019-08-02 13:14:45', '2019-08-02 13:14:45', 1, 1),
(483, 242, 'Supplies & Accessories', 1, '2019-08-02 13:14:52', '2019-08-02 13:14:52', 1, 1),
(484, 242, 'Supplies & Accessories', 2, '2019-08-02 13:14:52', '2019-08-02 13:14:52', 1, 1),
(485, 243, 'Health Care Products', 1, '2019-08-02 13:14:58', '2019-08-02 13:14:58', 1, 1),
(486, 243, 'Health Care Products', 2, '2019-08-02 13:14:58', '2019-08-02 13:14:58', 1, 1),
(487, 244, 'Athletic Clothes & Shoes', 1, '2019-08-02 13:34:20', '2019-08-02 13:34:20', 1, 1),
(488, 244, 'Athletic Clothes & Shoes', 2, '2019-08-02 13:34:20', '2019-08-02 13:34:20', 1, 1),
(489, 245, 'Equipment', 1, '2019-08-02 13:34:26', '2019-08-02 13:34:26', 1, 1),
(490, 245, 'Equipment', 2, '2019-08-02 13:34:26', '2019-08-02 13:34:26', 1, 1),
(491, 246, 'Supplements', 1, '2019-08-02 13:34:31', '2019-08-02 13:34:31', 1, 1),
(492, 246, 'Supplements', 2, '2019-08-02 13:34:31', '2019-08-02 13:34:31', 1, 1),
(493, 247, 'Accessories', 1, '2019-08-02 13:34:36', '2019-08-02 13:34:36', 1, 1),
(494, 247, 'Accessories', 2, '2019-08-02 13:34:36', '2019-08-02 13:34:36', 1, 1),
(495, 248, 'Kitchen', 1, '2019-08-02 13:35:05', '2019-08-02 13:35:05', 1, 1),
(496, 248, 'Kitchen', 2, '2019-08-02 13:35:05', '2019-08-02 13:35:05', 1, 1),
(497, 249, 'Garden Supplies', 1, '2019-08-02 13:35:12', '2019-08-02 13:35:12', 1, 1),
(498, 249, 'Garden Supplies', 2, '2019-08-02 13:35:12', '2019-08-02 13:35:12', 1, 1),
(499, 250, 'Decoration & Accessories', 1, '2019-08-02 13:35:20', '2019-08-02 13:35:20', 1, 1),
(500, 250, 'Decoration & Accessories', 2, '2019-08-02 13:35:20', '2019-08-02 13:35:20', 1, 1),
(501, 251, 'Furniture', 1, '2019-08-02 13:35:24', '2019-08-02 13:35:24', 1, 1),
(502, 251, 'Furniture', 2, '2019-08-02 13:35:24', '2019-08-02 13:35:24', 1, 1),
(503, 252, 'Appliances', 1, '2019-08-02 13:35:30', '2019-08-02 13:35:30', 1, 1),
(504, 252, 'Appliances', 2, '2019-08-02 13:35:30', '2019-08-02 13:35:30', 1, 1),
(505, 253, 'Clothes & Shoes', 1, '2019-08-02 13:36:01', '2019-08-02 13:36:01', 1, 1),
(506, 253, 'Clothes & Shoes', 2, '2019-08-02 13:36:01', '2019-08-02 13:36:01', 1, 1),
(507, 254, 'Safety & Health', 1, '2019-08-02 13:36:06', '2019-08-02 13:36:06', 1, 1),
(508, 254, 'Safety & Health', 2, '2019-08-02 13:36:06', '2019-08-02 13:36:06', 1, 1),
(509, 255, 'Feeding', 1, '2019-08-02 13:36:10', '2019-08-02 13:36:10', 1, 1),
(510, 255, 'Feeding', 2, '2019-08-02 13:36:10', '2019-08-02 13:36:10', 1, 1),
(511, 256, 'Nursery Furniture', 1, '2019-08-02 13:36:18', '2019-08-02 13:36:18', 1, 1),
(512, 256, 'Nursery Furniture', 2, '2019-08-02 13:36:18', '2019-08-02 13:36:18', 1, 1),
(513, 257, 'Toys & Accessories', 1, '2019-08-02 13:36:25', '2019-08-02 13:36:25', 1, 1),
(514, 257, 'Toys & Accessories', 2, '2019-08-02 13:36:25', '2019-08-02 13:36:25', 1, 1),
(515, 258, 'Cars', 1, '2019-08-02 13:37:05', '2019-08-02 13:37:05', 1, 1),
(516, 258, 'Cars', 2, '2019-08-02 13:37:05', '2019-08-02 13:37:05', 1, 1),
(517, 259, 'Motorcycle', 1, '2019-08-02 13:37:11', '2019-08-02 13:37:11', 1, 1),
(518, 259, 'Motorcycle', 2, '2019-08-02 13:37:11', '2019-08-02 13:37:11', 1, 1),
(519, 260, 'Other Vehicles', 1, '2019-08-02 13:37:18', '2019-08-02 13:37:18', 1, 1),
(520, 260, 'Other Vehicles', 2, '2019-08-02 13:37:18', '2019-08-02 13:37:18', 1, 1),
(521, 261, 'Televisions', 1, '2019-08-02 13:59:46', '2019-08-02 13:59:46', 1, 1),
(522, 261, 'Televisions', 2, '2019-08-02 13:59:46', '2019-08-02 13:59:46', 1, 1),
(523, 262, '3D Glasses', 1, '2019-08-02 14:00:21', '2019-08-02 14:00:21', 1, 1),
(524, 262, '3D Glasses', 2, '2019-08-02 14:00:21', '2019-08-02 14:00:21', 1, 1),
(525, 263, 'Satellite Receivers', 1, '2019-08-02 14:01:40', '2019-08-02 14:01:40', 1, 1),
(526, 263, 'Satellite Receivers', 2, '2019-08-02 14:01:41', '2019-08-02 14:01:41', 1, 1),
(527, 264, 'Tuners', 1, '2019-08-02 14:01:54', '2019-08-02 14:01:54', 1, 1),
(528, 264, 'Tuners', 2, '2019-08-02 14:01:54', '2019-08-02 14:01:54', 1, 1),
(529, 265, 'TV Mounts & Panel', 1, '2019-08-02 14:02:44', '2019-08-02 14:02:44', 1, 1),
(530, 265, 'TV Mounts & Panel', 2, '2019-08-02 14:02:44', '2019-08-02 14:02:44', 1, 1),
(531, 266, 'TV & Satellite Accessories', 1, '2019-08-02 14:03:37', '2019-08-02 14:03:37', 1, 1),
(532, 266, 'TV & Satellite Accessories', 2, '2019-08-02 14:03:37', '2019-08-02 14:03:37', 1, 1),
(533, 267, 'Universal Remote Controls', 1, '2019-08-02 14:04:12', '2019-08-02 14:04:12', 1, 1),
(534, 267, 'Universal Remote Controls', 2, '2019-08-02 14:04:12', '2019-08-02 14:04:12', 1, 1),
(535, 268, 'VCD , VCP & VCR Player', 1, '2019-08-02 14:04:58', '2019-08-02 14:04:58', 1, 1),
(536, 268, 'VCD , VCP & VCR Player', 2, '2019-08-02 14:04:58', '2019-08-02 14:04:58', 1, 1),
(537, 269, 'Amplifiers & Receivers', 1, '2019-08-02 14:05:40', '2019-08-02 14:05:40', 1, 1),
(538, 269, 'Amplifiers & Receivers', 2, '2019-08-02 14:05:40', '2019-08-02 14:05:40', 1, 1),
(539, 270, 'DVD & Blu-Ray Players', 1, '2019-08-02 14:06:21', '2019-08-02 14:06:21', 1, 1),
(540, 270, 'DVD & Blu-Ray Players', 2, '2019-08-02 14:06:21', '2019-08-02 14:06:21', 1, 1),
(541, 271, 'DVD & VCR Combos', 1, '2019-08-02 14:06:50', '2019-08-02 14:06:50', 1, 1),
(542, 271, 'DVD & VCR Combos', 2, '2019-08-02 14:06:50', '2019-08-02 14:06:50', 1, 1),
(543, 272, 'Speakers', 1, '2019-08-02 14:07:05', '2019-08-02 14:07:05', 1, 1),
(544, 272, 'Speakers', 2, '2019-08-02 14:07:05', '2019-08-02 14:07:05', 1, 1),
(545, 273, 'Video Tapes', 1, '2019-08-02 14:07:21', '2019-08-02 14:07:21', 1, 1),
(546, 273, 'Video Tapes', 2, '2019-08-02 14:07:21', '2019-08-02 14:07:21', 1, 1),
(547, 274, 'Home Theater Systems', 1, '2019-08-02 14:07:50', '2019-08-02 14:07:50', 1, 1),
(548, 274, 'Home Theater Systems', 2, '2019-08-02 14:07:50', '2019-08-02 14:07:50', 1, 1),
(549, 275, 'Other Accessories', 1, '2019-08-02 14:08:12', '2019-08-02 14:08:12', 1, 1),
(550, 275, 'Other Accessories', 2, '2019-08-02 14:08:12', '2019-08-02 14:08:12', 1, 1),
(551, 276, 'Mobiles', 1, '2019-08-02 14:09:43', '2019-08-02 14:09:43', 1, 1),
(552, 276, 'Mobiles', 2, '2019-08-02 14:09:43', '2019-08-02 14:09:43', 1, 1),
(553, 277, 'Tablets', 1, '2019-08-02 14:09:54', '2019-08-02 14:09:54', 1, 1),
(554, 277, 'Tablets', 2, '2019-08-02 14:09:54', '2019-08-02 14:09:54', 1, 1),
(555, 278, 'Batteries', 1, '2019-08-02 14:10:11', '2019-08-02 14:10:11', 1, 1),
(556, 278, 'Batteries', 2, '2019-08-02 14:10:11', '2019-08-02 14:10:11', 1, 1),
(557, 279, 'Power Bank', 1, '2019-08-02 14:10:29', '2019-08-02 14:10:29', 1, 1),
(558, 279, 'Power Bank', 2, '2019-08-02 14:10:29', '2019-08-02 14:10:29', 1, 1),
(559, 280, 'Screen Protectors', 1, '2019-08-02 14:10:51', '2019-08-02 14:10:51', 1, 1),
(560, 280, 'Screen Protectors', 2, '2019-08-02 14:10:51', '2019-08-02 14:10:51', 1, 1),
(561, 281, 'Memory Cards', 1, '2019-08-02 14:11:07', '2019-08-02 14:11:07', 1, 1),
(562, 281, 'Memory Cards', 2, '2019-08-02 14:11:07', '2019-08-02 14:11:07', 1, 1),
(563, 282, 'Chargers', 1, '2019-08-02 14:11:22', '2019-08-02 14:11:22', 1, 1),
(564, 282, 'Chargers', 2, '2019-08-02 14:11:22', '2019-08-02 14:11:22', 1, 1),
(565, 283, 'Headphones', 1, '2019-08-02 14:12:09', '2019-08-02 14:12:09', 1, 1),
(566, 283, 'Headphones', 2, '2019-08-02 14:12:09', '2019-08-02 14:12:09', 1, 1),
(567, 284, 'Cases', 1, '2019-08-02 14:12:29', '2019-08-02 14:12:29', 1, 1),
(568, 284, 'Cases', 2, '2019-08-02 14:12:29', '2019-08-02 14:12:29', 1, 1),
(569, 285, 'Mobile Accessories', 1, '2019-08-02 14:13:01', '2019-08-02 14:13:01', 1, 1),
(570, 285, 'Mobile Accessories', 2, '2019-08-02 14:13:01', '2019-08-02 14:13:01', 1, 1),
(571, 286, 'Tablet Accessories', 1, '2019-08-02 14:13:45', '2019-08-02 14:13:45', 1, 1),
(572, 286, 'Tablet Accessories', 2, '2019-08-02 14:13:45', '2019-08-02 14:13:45', 1, 1),
(573, 287, 'Brands', 1, '2019-08-02 14:14:39', '2019-08-02 14:14:39', 1, 1),
(574, 287, 'Brands', 2, '2019-08-02 14:14:39', '2019-08-02 14:14:39', 1, 1),
(575, 288, 'Batteries', 1, '2019-08-02 14:14:54', '2019-08-02 14:14:54', 1, 1),
(576, 288, 'Batteries', 2, '2019-08-02 14:14:54', '2019-08-02 14:14:54', 1, 1),
(577, 289, 'Flash Drivers', 1, '2019-08-02 14:15:08', '2019-08-02 14:15:08', 1, 1),
(578, 289, 'Flash Drivers', 2, '2019-08-02 14:15:08', '2019-08-02 14:15:08', 1, 1),
(579, 290, 'Microphones', 1, '2019-08-02 14:15:22', '2019-08-02 14:15:22', 1, 1),
(580, 290, 'Microphones', 2, '2019-08-02 14:15:22', '2019-08-02 14:15:22', 1, 1),
(581, 291, 'Mouse', 1, '2019-08-02 14:15:41', '2019-08-02 14:15:41', 1, 1),
(582, 291, 'Mouse', 2, '2019-08-02 14:15:41', '2019-08-02 14:15:41', 1, 1),
(583, 292, 'Keyboard', 1, '2019-08-02 14:15:57', '2019-08-02 14:15:57', 1, 1),
(584, 292, 'Keyboard', 2, '2019-08-02 14:15:57', '2019-08-02 14:15:57', 1, 1),
(585, 293, 'Mother Boards', 1, '2019-08-02 14:16:14', '2019-08-02 14:16:14', 1, 1),
(586, 293, 'Mother Boards', 2, '2019-08-02 14:16:14', '2019-08-02 14:16:14', 1, 1),
(587, 294, 'Hard Disks', 1, '2019-08-02 14:16:31', '2019-08-02 14:16:31', 1, 1),
(588, 294, 'Hard Disks', 2, '2019-08-02 14:16:31', '2019-08-02 14:16:31', 1, 1),
(589, 295, 'Computer Fans', 1, '2019-08-02 14:16:53', '2019-08-02 14:16:53', 1, 1),
(590, 295, 'Computer Fans', 2, '2019-08-02 14:16:53', '2019-08-02 14:16:53', 1, 1),
(591, 296, 'Computer Fans', 1, '2019-08-02 14:17:07', '2019-08-02 14:17:07', 1, 1),
(592, 296, 'Computer Fans', 2, '2019-08-02 14:17:07', '2019-08-02 14:17:07', 1, 1),
(593, 297, 'Computer casing', 1, '2019-08-02 14:17:37', '2019-08-02 14:17:37', 1, 1),
(594, 297, 'Computer casing', 2, '2019-08-02 14:17:37', '2019-08-02 14:17:37', 1, 1),
(595, 298, 'Computer Chargers', 1, '2019-08-02 14:18:08', '2019-08-02 14:18:08', 1, 1),
(596, 298, 'Computer Chargers', 2, '2019-08-02 14:18:08', '2019-08-02 14:18:08', 1, 1),
(597, 299, 'Sound Cards', 1, '2019-08-02 14:18:31', '2019-08-02 14:18:31', 1, 1),
(598, 299, 'Sound Cards', 2, '2019-08-02 14:18:31', '2019-08-02 14:18:31', 1, 1),
(599, 300, 'Video Cards', 1, '2019-08-02 14:18:43', '2019-08-02 14:18:43', 1, 1),
(600, 300, 'Video Cards', 2, '2019-08-02 14:18:43', '2019-08-02 14:18:43', 1, 1),
(601, 301, 'Cooling Pads', 1, '2019-08-02 14:18:56', '2019-08-02 14:18:56', 1, 1),
(602, 301, 'Cooling Pads', 2, '2019-08-02 14:18:56', '2019-08-02 14:18:56', 1, 1),
(603, 302, 'Servers', 1, '2019-08-02 14:19:07', '2019-08-02 14:19:07', 1, 1),
(604, 302, 'Servers', 2, '2019-08-02 14:19:07', '2019-08-02 14:19:07', 1, 1),
(605, 303, 'Software', 1, '2019-08-02 14:19:27', '2019-08-02 14:19:27', 1, 1),
(606, 303, 'Software', 2, '2019-08-02 14:19:27', '2019-08-02 14:19:27', 1, 1),
(607, 304, 'CDs', 1, '2019-08-02 14:19:41', '2019-08-02 14:19:41', 1, 1),
(608, 304, 'CDs', 2, '2019-08-02 14:19:41', '2019-08-02 14:19:41', 1, 1),
(609, 305, 'Webcams', 1, '2019-08-02 14:19:54', '2019-08-02 14:32:25', 1, 1),
(610, 305, 'Webcam', 2, '2019-08-02 14:19:54', '2019-08-02 14:19:54', 1, 1),
(611, 306, 'Bags & CarryCases', 1, '2019-08-02 14:20:43', '2019-08-02 14:20:43', 1, 1),
(612, 306, 'Bags & CarryCases', 2, '2019-08-02 14:20:43', '2019-08-02 14:20:43', 1, 1),
(613, 307, 'Other Accessories', 1, '2019-08-02 14:21:07', '2019-08-02 14:21:07', 1, 1),
(614, 307, 'Other Accessories', 2, '2019-08-02 14:21:07', '2019-08-02 14:21:07', 1, 1),
(615, 308, 'Point & Shoot Cameras', 1, '2019-08-02 14:33:51', '2019-08-02 14:33:51', 1, 1),
(616, 308, 'Point & Shoot Cameras', 2, '2019-08-02 14:33:51', '2019-08-02 14:33:51', 1, 1),
(617, 309, 'DSLR Cameras', 1, '2019-08-02 14:33:57', '2019-08-02 14:35:51', 1, 1),
(618, 309, 'DSLR Shoot Cameras', 2, '2019-08-02 14:33:57', '2019-08-02 14:33:57', 1, 1),
(619, 310, 'Action Cameras', 1, '2019-08-02 14:34:04', '2019-08-02 14:34:04', 1, 1),
(620, 310, 'Action Cameras', 2, '2019-08-02 14:34:04', '2019-08-02 14:34:04', 1, 1),
(621, 311, 'Instant Cameras', 1, '2019-08-02 14:34:10', '2019-08-02 14:34:10', 1, 1);
INSERT INTO `categories_text` (`CategoryTextID`, `CategoryID`, `Title`, `SystemLanguageID`, `CreatedAt`, `UpdatedAt`, `CreatedBy`, `UpdatedBy`) VALUES
(622, 311, 'Instant Cameras', 2, '2019-08-02 14:34:10', '2019-08-02 14:34:10', 1, 1),
(623, 312, 'Camcorders & Drones', 1, '2019-08-02 14:34:26', '2019-08-02 14:34:26', 1, 1),
(624, 312, 'Camcorders & Drones', 2, '2019-08-02 14:34:26', '2019-08-02 14:34:26', 1, 1),
(625, 313, 'Binoculars & Telescopes', 1, '2019-08-02 14:34:34', '2019-08-02 14:34:34', 1, 1),
(626, 313, 'Binoculars & Telescopes', 2, '2019-08-02 14:34:34', '2019-08-02 14:34:34', 1, 1),
(627, 314, 'Lenses', 1, '2019-08-02 14:34:38', '2019-08-02 14:34:38', 1, 1),
(628, 314, 'Lenses', 2, '2019-08-02 14:34:38', '2019-08-02 14:34:38', 1, 1),
(629, 315, 'Digital Cameras', 1, '2019-08-02 14:34:43', '2019-08-02 14:34:43', 1, 1),
(630, 315, 'Digital Cameras', 2, '2019-08-02 14:34:43', '2019-08-02 14:34:43', 1, 1),
(631, 316, 'Video', 1, '2019-08-02 14:34:48', '2019-08-02 14:34:48', 1, 1),
(632, 316, 'Video', 2, '2019-08-02 14:34:48', '2019-08-02 14:34:48', 1, 1),
(633, 317, 'Surveillance Cameras', 1, '2019-08-02 14:34:57', '2019-08-02 14:34:57', 1, 1),
(634, 317, 'Surveillance Cameras', 2, '2019-08-02 14:34:57', '2019-08-02 14:34:57', 1, 1),
(635, 318, 'Bags & Cases', 1, '2019-08-02 14:35:04', '2019-08-02 14:35:04', 1, 1),
(636, 318, 'Bags & Cases', 2, '2019-08-02 14:35:04', '2019-08-02 14:35:04', 1, 1),
(637, 319, 'Camcorders', 1, '2019-08-02 14:35:09', '2019-08-02 14:35:09', 1, 1),
(638, 319, 'Camcorders', 2, '2019-08-02 14:35:09', '2019-08-02 14:35:09', 1, 1),
(639, 320, 'Flashes', 1, '2019-08-02 14:35:14', '2019-08-02 14:35:14', 1, 1),
(640, 320, 'Flashes', 2, '2019-08-02 14:35:14', '2019-08-02 14:35:14', 1, 1),
(641, 321, 'Other Accessories', 1, '2019-08-02 14:35:20', '2019-08-02 14:35:20', 1, 1),
(642, 321, 'Other Accessories', 2, '2019-08-02 14:35:20', '2019-08-02 14:35:20', 1, 1),
(643, 322, 'Smartwatches & Accessories', 1, '2019-08-02 14:38:09', '2019-08-02 14:38:09', 1, 1),
(644, 322, 'Smartwatches & Accessories', 2, '2019-08-02 14:38:09', '2019-08-02 14:38:09', 1, 1),
(645, 323, 'VR Headsets', 1, '2019-08-02 14:38:15', '2019-08-02 14:38:15', 1, 1),
(646, 323, 'VR Headsets', 2, '2019-08-02 14:38:15', '2019-08-02 14:38:15', 1, 1),
(647, 324, 'Fitness Trackers', 1, '2019-08-02 14:38:21', '2019-08-02 14:38:21', 1, 1),
(648, 324, 'Fitness Trackers', 2, '2019-08-02 14:38:21', '2019-08-02 14:38:21', 1, 1),
(649, 325, 'Projectors', 1, '2019-08-02 14:38:27', '2019-08-02 14:38:27', 1, 1),
(650, 325, 'Projectors', 2, '2019-08-02 14:38:27', '2019-08-02 14:38:27', 1, 1),
(651, 326, 'Audio Video Accessories', 1, '2019-08-02 14:38:35', '2019-08-02 14:38:35', 1, 1),
(652, 326, 'Audio Video Accessories', 2, '2019-08-02 14:38:35', '2019-08-02 14:38:35', 1, 1),
(653, 327, 'Speakers', 1, '2019-08-02 14:38:41', '2019-08-02 14:38:41', 1, 1),
(654, 327, 'Speakers', 2, '2019-08-02 14:38:41', '2019-08-02 14:38:41', 1, 1),
(655, 328, 'Headphones & Earphones', 1, '2019-08-02 14:38:49', '2019-08-02 14:38:49', 1, 1),
(656, 328, 'Headphones & Earphones', 2, '2019-08-02 14:38:49', '2019-08-02 14:38:49', 1, 1),
(657, 329, 'eBook Readers', 1, '2019-08-02 14:38:59', '2019-08-02 14:38:59', 1, 1),
(658, 329, 'eBook Readers', 2, '2019-08-02 14:38:59', '2019-08-02 14:38:59', 1, 1),
(659, 330, 'Recording and Studio Equipment', 1, '2019-08-02 14:39:11', '2019-08-02 14:39:11', 1, 1),
(660, 330, 'Recording and Studio Equipment', 2, '2019-08-02 14:39:11', '2019-08-02 14:39:11', 1, 1),
(661, 331, 'MP3', 1, '2019-08-02 14:39:16', '2019-08-02 14:39:16', 1, 1),
(662, 331, 'MP3', 2, '2019-08-02 14:39:16', '2019-08-02 14:39:16', 1, 1),
(663, 332, 'MP4', 1, '2019-08-02 14:39:20', '2019-08-02 14:39:20', 1, 1),
(664, 332, 'MP4', 2, '2019-08-02 14:39:20', '2019-08-02 14:39:20', 1, 1),
(665, 333, 'Cables', 1, '2019-08-02 14:39:24', '2019-08-02 14:39:24', 1, 1),
(666, 333, 'Cables', 2, '2019-08-02 14:39:24', '2019-08-02 14:39:24', 1, 1),
(667, 334, '3D Printers', 1, '2019-08-02 14:39:30', '2019-08-02 14:39:30', 1, 1),
(668, 334, '3D Printers', 2, '2019-08-02 14:39:30', '2019-08-02 14:39:30', 1, 1),
(669, 335, 'Printers', 1, '2019-08-02 14:39:34', '2019-08-02 14:39:34', 1, 1),
(670, 335, 'Printers', 2, '2019-08-02 14:39:34', '2019-08-02 14:39:34', 1, 1),
(671, 336, 'Printer & Scanner Accessories', 1, '2019-08-02 14:39:41', '2019-08-02 14:39:41', 1, 1),
(672, 336, 'Printer & Scanner Accessories', 2, '2019-08-02 14:39:41', '2019-08-02 14:39:41', 1, 1),
(673, 337, 'Scanners', 1, '2019-08-02 14:39:49', '2019-08-02 14:40:27', 1, 1),
(674, 337, 'Scanner', 2, '2019-08-02 14:39:49', '2019-08-02 14:39:49', 1, 1),
(675, 338, 'Other Accessories', 1, '2019-08-02 14:39:55', '2019-08-02 14:39:55', 1, 1),
(676, 338, 'Other Accessories', 2, '2019-08-02 14:39:55', '2019-08-02 14:39:55', 1, 1),
(677, 339, 'Fax Machines', 1, '2019-08-02 14:39:59', '2019-08-02 14:39:59', 1, 1),
(678, 339, 'Fax Machines', 2, '2019-08-02 14:39:59', '2019-08-02 14:39:59', 1, 1),
(679, 340, 'Pens', 1, '2019-08-02 14:40:59', '2019-08-02 14:40:59', 1, 1),
(680, 340, 'Pens', 2, '2019-08-02 14:40:59', '2019-08-02 14:40:59', 1, 1),
(681, 341, 'Pencils', 1, '2019-08-02 14:41:04', '2019-08-02 14:41:04', 1, 1),
(682, 341, 'Pencils', 2, '2019-08-02 14:41:04', '2019-08-02 14:41:04', 1, 1),
(683, 342, 'Markers & Highlighters', 1, '2019-08-02 14:41:11', '2019-08-02 14:43:15', 1, 1),
(684, 342, 'Markers & Highliters', 2, '2019-08-02 14:41:11', '2019-08-02 14:41:11', 1, 1),
(685, 343, 'Cutting & Measuring Tools', 1, '2019-08-02 14:41:20', '2019-08-02 14:41:20', 1, 1),
(686, 343, 'Cutting & Measuring Tools', 2, '2019-08-02 14:41:20', '2019-08-02 14:41:20', 1, 1),
(687, 344, 'Notebooks', 1, '2019-08-02 14:41:26', '2019-08-02 14:41:26', 1, 1),
(688, 344, 'Notebooks', 2, '2019-08-02 14:41:26', '2019-08-02 14:41:26', 1, 1),
(689, 345, 'Desk Organisers & Accessories', 1, '2019-08-02 14:41:34', '2019-08-02 14:41:34', 1, 1),
(690, 345, 'Desk Organisers & Accessories', 2, '2019-08-02 14:41:34', '2019-08-02 14:41:34', 1, 1),
(691, 346, 'Office Electronics', 1, '2019-08-02 14:41:42', '2019-08-02 14:41:42', 1, 1),
(692, 346, 'Office Electronics', 2, '2019-08-02 14:41:42', '2019-08-02 14:41:42', 1, 1),
(693, 347, 'Papers', 1, '2019-08-02 14:41:47', '2019-08-02 14:41:47', 1, 1),
(694, 347, 'Papers', 2, '2019-08-02 14:41:47', '2019-08-02 14:41:47', 1, 1),
(695, 348, 'Albums', 1, '2019-08-02 14:41:51', '2019-08-02 14:41:51', 1, 1),
(696, 348, 'Albums', 2, '2019-08-02 14:41:51', '2019-08-02 14:41:51', 1, 1),
(697, 349, 'Catalogues', 1, '2019-08-02 14:41:56', '2019-08-02 14:41:56', 1, 1),
(698, 349, 'Catalogues', 2, '2019-08-02 14:41:56', '2019-08-02 14:41:56', 1, 1),
(699, 350, 'Cards', 1, '2019-08-02 14:42:01', '2019-08-02 14:42:01', 1, 1),
(700, 350, 'Cards', 2, '2019-08-02 14:42:01', '2019-08-02 14:42:01', 1, 1),
(701, 351, 'Bags & Acessories', 1, '2019-08-02 14:42:08', '2019-08-02 14:42:08', 1, 1),
(702, 351, 'Bags & Acessories', 2, '2019-08-02 14:42:08', '2019-08-02 14:42:08', 1, 1),
(703, 352, 'Gifts', 1, '2019-08-02 14:42:12', '2019-08-02 14:42:12', 1, 1),
(704, 352, 'Gifts', 2, '2019-08-02 14:42:12', '2019-08-02 14:42:12', 1, 1),
(705, 353, 'Art Supplies', 1, '2019-08-02 14:42:17', '2019-08-02 14:42:17', 1, 1),
(706, 353, 'Art Supplies', 2, '2019-08-02 14:42:17', '2019-08-02 14:42:17', 1, 1);

-- --------------------------------------------------------

--
-- Table structure for table `chats`
--

CREATE TABLE `chats` (
  `ChatID` int(11) NOT NULL,
  `SenderID` int(11) NOT NULL,
  `ReceiverID` int(11) NOT NULL,
  `Type` varchar(255) NOT NULL,
  `ReceiverType` varchar(255) NOT NULL,
  `LastActivityAt` varchar(255) NOT NULL
) ENGINE=MyISAM DEFAULT CHARSET=utf8;

--
-- Dumping data for table `chats`
--

INSERT INTO `chats` (`ChatID`, `SenderID`, `ReceiverID`, `Type`, `ReceiverType`, `LastActivityAt`) VALUES
(1, 84, 83, 'booth', 'booth', '1570706064'),
(2, 85, 83, 'user', 'booth', '1570701349'),
(3, 85, 86, 'user', 'booth', '1570702565'),
(4, 88, 85, 'booth', 'user', '1570797951'),
(5, 85, 92, 'booth', 'user', '1570922531');

-- --------------------------------------------------------

--
-- Table structure for table `chat_messages`
--

CREATE TABLE `chat_messages` (
  `ChatMessageID` int(11) NOT NULL,
  `ChatID` int(11) NOT NULL,
  `SenderID` int(11) NOT NULL,
  `ReceiverID` int(11) NOT NULL,
  `UserType` varchar(255) NOT NULL COMMENT 'Which is receiving message',
  `Message` text NOT NULL,
  `Image` varchar(255) NOT NULL,
  `CompressedImage` varchar(255) NOT NULL,
  `VideoThumbnail` varchar(255) NOT NULL,
  `Video` varchar(255) NOT NULL,
  `IsReadBySender` enum('no','yes') NOT NULL DEFAULT 'no',
  `IsReadByReceiver` enum('no','yes') NOT NULL DEFAULT 'no',
  `CreatedAt` varchar(255) NOT NULL
) ENGINE=MyISAM DEFAULT CHARSET=utf8;

--
-- Dumping data for table `chat_messages`
--

INSERT INTO `chat_messages` (`ChatMessageID`, `ChatID`, `SenderID`, `ReceiverID`, `UserType`, `Message`, `Image`, `CompressedImage`, `VideoThumbnail`, `Video`, `IsReadBySender`, `IsReadByReceiver`, `CreatedAt`) VALUES
(1, 1, 84, 83, 'booth', '', '', '', 'uploads/products/videos/thumbnails/4815313579520191010073756Thu_Oct_10_12:56:06_GMT+05:00_2019.jpg', 'uploads/products/videos/9518673417620191010073756MP4_20191010_125605.mp4', 'yes', 'no', '1570694197'),
(2, 2, 85, 83, 'booth', 'Sent an attachment', 'uploads/users/5782879074720191010093355Image.jpg', 'uploads/users/compressed/user-image-1570701333.png', '', '', 'yes', 'no', '1570701333'),
(3, 2, 85, 83, 'booth', 'Hello', '', '', '', '', 'yes', 'no', '1570701349'),
(4, 3, 85, 86, 'booth', 'Hi is Mac available?', '', '', '', '', 'yes', 'yes', '1570702466'),
(5, 3, 86, 85, 'user', 'Yes it’s available', '', '', '', '', 'yes', 'yes', '1570702493'),
(6, 3, 86, 85, 'user', 'Do you want to buy?', '', '', '', '', 'yes', 'yes', '1570702542'),
(7, 3, 86, 85, 'user', 'It’s only 80000 riyaal', '', '', '', '', 'yes', 'yes', '1570702565'),
(8, 1, 84, 83, 'booth', 'کیا ھال ھے', '', '', '', '', 'yes', 'no', '1570706064'),
(9, 4, 88, 85, 'booth', '', '/9j/4AAQSkZJRgABAQAAAQABAAD/2wBDAAMCAgMCAgMDAwMEAwMEBQgFBQQEBQoHBwYIDAoMDAsK\nCwsNDhIQDQ4RDgsLEBYQERMUFRUVDA8XGBYUGBIUFRT/2wBDAQMEBAUEBQkFBQkUDQsNFBQUFBQU\nFBQUFBQUFBQUFBQUFBQUFBQUFBQUFBQUFBQUFBQUFBQUFBQUFBQUFBQUFBT/wAARCALQAtADASIA\nAhEBAxEB/8QAHQABAAAHAQEA', '', '', '', 'yes', 'yes', '1570788918'),
(10, 4, 88, 85, 'booth', '', '', '', 'uploads/products/videos/thumbnails/9392924010220191011101422Fri_Oct_11_15:16:33_GMT+05:00_2019.jpg', 'uploads/products/videos/4140517295120191011101422MP4_20191011_151632.mp4', 'yes', 'yes', '1570789334'),
(11, 4, 88, 85, 'booth', '', '/9j/4AAQSkZJRgABAQAAAQABAAD/2wBDAAMCAgMCAgMDAwMEAwMEBQgFBQQEBQoHBwYIDAoMDAsK\nCwsNDhIQDQ4RDgsLEBYQERMUFRUVDA8XGBYUGBIUFRT/2wBDAQMEBAUEBQkFBQkUDQsNFBQUFBQU\nFBQUFBQUFBQUFBQUFBQUFBQUFBQUFBQUFBQUFBQUFBQUFBQUFBQUFBQUFBT/wAARCAEsASwDASIA\nAhEBAxEB/8QAHgAAAAYDAQEA', '', '', '', 'yes', 'yes', '1570790184'),
(12, 4, 88, 85, 'booth', '', 'uploads/users/6997045660420191011105138Fri_Oct_11_15:38:47_GMT+05:00_2019.jpg', 'uploads/users/compressed/user-image-1570790331.png', '', '', 'yes', 'yes', '1570790331'),
(13, 4, 88, 85, 'booth', '', '', '', 'uploads/products/videos/thumbnails/1990432629620191011105039Fri_Oct_11_15:39:43_GMT+05:00_2019.jpg', 'uploads/products/videos/7509428183820191011105039MP4_20191011_153942.mp4', 'yes', 'yes', '1570790390'),
(14, 4, 85, 88, 'booth', 'Okok', '', '', '', '', 'yes', 'no', '1570797951'),
(15, 5, 85, 92, 'user', 'Sent an attachment', '/9j/4AAQSkZJRgABAQAASABIAAD/4QBMRXhpZgAATU0AKgAAAAgAAgESAAMAAAABAAEAAIdpAAQAAAABAAAAJgAAAAAAAqACAAQAAAABAAAB8aADAAQAAAABAAAB8QAAAAD/7QA4UGhvdG9zaG9wIDMuMAA4QklNBAQAAAAAAAA4QklNBCUAAAAAABDUHYzZjwCyBOmACZjs+EJ+/+ICNElDQ19QUk9GSUxFAAEBAAACJGFwcGwEAAAAbW50clJ', '', '', '', 'yes', 'yes', '1570834982'),
(16, 5, 85, 92, 'user', 'Hi', '', '', '', '', 'yes', 'yes', '1570835007'),
(17, 5, 92, 85, 'user', '', 'uploads/users/9728945197120191012111122Sun_Oct_13_02:22:07_GMT+03:00_2019.jpg', 'uploads/users/compressed/user-image-1570922531.png', '', '', 'yes', 'yes', '1570922531');

-- --------------------------------------------------------

--
-- Table structure for table `cities`
--

CREATE TABLE `cities` (
  `CityID` int(11) NOT NULL,
  `CountryID` int(11) NOT NULL,
  `CityPlaceID` varchar(255) NOT NULL,
  `CityLat` double NOT NULL,
  `CityLong` double NOT NULL,
  `SortOrder` int(11) NOT NULL,
  `Hide` tinyint(4) NOT NULL,
  `IsActive` tinyint(4) NOT NULL,
  `CreatedAt` datetime NOT NULL,
  `UpdatedAt` datetime NOT NULL,
  `CreatedBy` int(11) NOT NULL,
  `UpdatedBy` int(11) NOT NULL
) ENGINE=InnoDB DEFAULT CHARSET=utf8;

--
-- Dumping data for table `cities`
--

INSERT INTO `cities` (`CityID`, `CountryID`, `CityPlaceID`, `CityLat`, `CityLong`, `SortOrder`, `Hide`, `IsActive`, `CreatedAt`, `UpdatedAt`, `CreatedBy`, `UpdatedBy`) VALUES
(1, 4, 'ChIJ1SDSl1G-vRUR2Qg76k9RVC4', 24.5246542, 39.56918410000003, 0, 0, 0, '2019-01-30 10:48:20', '2019-02-06 07:24:06', 1, 1),
(2, 4, 'ChIJdYeB7UwbwhURzslwz2kkq5g', 21.3890824, 39.85791180000001, 1, 0, 0, '2019-01-30 12:21:47', '2019-02-06 07:23:57', 1, 1),
(3, 4, 'ChIJMQlyFWNU4xURtBmJcYxVd6E', 18.2464685, 42.51172380000003, 2, 0, 0, '2019-01-30 12:22:36', '2019-02-06 07:23:33', 1, 1),
(4, 4, 'ChIJWX4TsR_QwxUR2xixN5dXWeA', 21.485811, 39.19250480000005, 3, 0, 1, '2019-01-30 12:23:03', '2019-01-30 12:23:03', 1, 1),
(5, 4, 'ChIJmZNIDYkDLz4R1Z_nmBxNl7o', 24.7135517, 46.67529569999999, 4, 0, 1, '2019-01-30 12:23:22', '2019-01-30 12:23:22', 1, 1),
(6, 4, 'ChIJAzRrJzIdNj4RdlZeeuwB2e8', 26.4206828, 50.08879430000002, 5, 0, 1, '2019-03-07 16:24:39', '2019-03-07 16:24:39', 1, 1),
(7, 4, 'ChIJywSzM8G0pRURIgQOjaK8eJA', 26.8040118, 37.957270300000005, 6, 0, 1, '2019-04-15 08:17:20', '2019-04-15 08:17:20', 1, 1),
(8, 4, 'ChIJZSMTlAWtqRURz5oTtsbjQG8', 28.3835079, 36.56619079999996, 7, 0, 1, '2019-04-17 13:41:26', '2019-04-17 13:41:26', 1, 1);

-- --------------------------------------------------------

--
-- Table structure for table `cities_text`
--

CREATE TABLE `cities_text` (
  `CityTextID` int(11) NOT NULL,
  `CityID` int(11) NOT NULL,
  `Title` varchar(255) NOT NULL,
  `SystemLanguageID` int(11) NOT NULL,
  `CreatedAt` datetime NOT NULL,
  `UpdatedAt` datetime NOT NULL,
  `CreatedBy` int(11) NOT NULL,
  `UpdatedBy` int(11) NOT NULL
) ENGINE=InnoDB DEFAULT CHARSET=utf8;

--
-- Dumping data for table `cities_text`
--

INSERT INTO `cities_text` (`CityTextID`, `CityID`, `Title`, `SystemLanguageID`, `CreatedAt`, `UpdatedAt`, `CreatedBy`, `UpdatedBy`) VALUES
(1, 1, 'Medina', 1, '2019-01-30 10:48:20', '2019-02-06 07:24:06', 1, 1),
(2, 1, 'المدينة المنورة', 2, '2019-01-30 10:48:20', '2019-01-30 10:48:20', 1, 1),
(3, 2, 'Mecca', 1, '2019-01-30 12:21:47', '2019-02-06 07:23:57', 1, 1),
(4, 2, 'مكة', 2, '2019-01-30 12:21:47', '2019-01-30 12:21:47', 1, 1),
(5, 3, 'Abha', 1, '2019-01-30 12:22:36', '2019-02-06 07:23:33', 1, 1),
(6, 3, 'أبها', 2, '2019-01-30 12:22:36', '2019-01-30 12:22:36', 1, 1),
(7, 4, 'Jeddah', 1, '2019-01-30 12:23:03', '2019-01-30 12:23:03', 1, 1),
(8, 4, 'جدة', 2, '2019-01-30 12:23:04', '2019-01-30 12:23:04', 1, 1),
(9, 5, 'Riyadh', 1, '2019-01-30 12:23:22', '2019-01-30 12:23:22', 1, 1),
(10, 5, 'الرياض', 2, '2019-01-30 12:23:23', '2019-01-30 12:23:23', 1, 1),
(11, 6, 'Dammam', 1, '2019-03-07 16:24:39', '2019-03-07 16:24:39', 1, 1),
(12, 6, 'الدمام', 2, '2019-03-07 16:24:40', '2019-03-07 16:24:40', 1, 1),
(13, 7, 'Madain Saleh', 1, '2019-04-15 08:17:20', '2019-04-15 08:17:20', 1, 1),
(14, 7, 'Madain Saleh', 2, '2019-04-15 08:17:22', '2019-04-15 08:17:22', 1, 1),
(15, 8, 'Tabuk', 1, '2019-04-17 13:41:26', '2019-04-17 13:41:26', 1, 1),
(16, 8, 'تبوك', 2, '2019-04-17 13:41:26', '2019-04-17 13:41:26', 1, 1);

-- --------------------------------------------------------

--
-- Table structure for table `countries`
--

CREATE TABLE `countries` (
  `CountryID` int(11) NOT NULL,
  `CountryPlaceID` varchar(255) NOT NULL,
  `CountryLat` double NOT NULL,
  `CountryLong` double NOT NULL,
  `CountryLongName` varchar(255) NOT NULL,
  `CountryShortName` varchar(255) NOT NULL,
  `Currency` varchar(255) NOT NULL,
  `CurrencySymbol` varchar(255) NOT NULL,
  `LoyaltyPointsFactor` decimal(10,2) NOT NULL,
  `SortOrder` int(11) NOT NULL,
  `Hide` tinyint(4) NOT NULL,
  `IsActive` tinyint(4) NOT NULL,
  `CreatedAt` datetime NOT NULL,
  `UpdatedAt` datetime NOT NULL,
  `CreatedBy` int(11) NOT NULL,
  `UpdatedBy` int(11) NOT NULL
) ENGINE=InnoDB DEFAULT CHARSET=utf8;

--
-- Dumping data for table `countries`
--

INSERT INTO `countries` (`CountryID`, `CountryPlaceID`, `CountryLat`, `CountryLong`, `CountryLongName`, `CountryShortName`, `Currency`, `CurrencySymbol`, `LoyaltyPointsFactor`, `SortOrder`, `Hide`, `IsActive`, `CreatedAt`, `UpdatedAt`, `CreatedBy`, `UpdatedBy`) VALUES
(1, 'ChIJH3X9-NJS2zgRXJIU5veht0Y', 30.375321, 69.34511599999996, 'Pakistan', 'PK', 'PKR', 'PKR', 10.00, 0, 0, 1, '2019-06-13 07:34:52', '2019-06-13 10:22:58', 1, 1),
(3, 'ChIJvRKrsd9IXj4RpwoIwFYv0zM', 23.424076, 53.84781799999996, 'United Arab Emirates', 'AE', 'AED', 'AED', 0.00, 1, 0, 1, '2019-06-13 08:25:52', '2019-06-13 08:25:52', 1, 1),
(4, 'ChIJQSqV5z-z5xURm7YawktQYFk', 23.885942, 45.079162, 'Saudi Arabia', 'SA', 'SAR', 'SAR', 0.00, 2, 0, 1, '2019-06-13 08:26:03', '2019-06-13 08:26:03', 1, 1),
(5, 'ChIJkbeSa_BfYzARphNChaFPjNc', 20.593684, 78.96288000000004, 'India', 'IN', 'INR', 'INR', 0.00, 3, 0, 1, '2019-06-13 08:26:18', '2019-06-13 08:26:18', 1, 1);

-- --------------------------------------------------------

--
-- Table structure for table `countries_text`
--

CREATE TABLE `countries_text` (
  `CountryTextID` int(11) NOT NULL,
  `CountryID` int(11) NOT NULL,
  `Title` varchar(255) NOT NULL,
  `SystemLanguageID` int(11) NOT NULL,
  `CreatedAt` datetime NOT NULL,
  `UpdatedAt` datetime NOT NULL,
  `CreatedBy` int(11) NOT NULL,
  `UpdatedBy` int(11) NOT NULL
) ENGINE=InnoDB DEFAULT CHARSET=utf8;

--
-- Dumping data for table `countries_text`
--

INSERT INTO `countries_text` (`CountryTextID`, `CountryID`, `Title`, `SystemLanguageID`, `CreatedAt`, `UpdatedAt`, `CreatedBy`, `UpdatedBy`) VALUES
(1, 1, 'Pakistan', 1, '2019-06-13 07:34:52', '2019-06-13 10:22:58', 1, 1),
(2, 1, 'باكستان', 2, '2019-06-13 07:34:52', '2019-06-13 07:34:52', 1, 1),
(5, 3, 'United Arab Emirates', 1, '2019-06-13 08:25:52', '2019-06-13 08:25:52', 1, 1),
(6, 3, 'United Arab Emirates', 2, '2019-06-13 08:25:52', '2019-06-13 08:25:52', 1, 1),
(7, 4, 'Saudi Arabia', 1, '2019-06-13 08:26:03', '2019-06-13 08:26:03', 1, 1),
(8, 4, 'Saudi Arabia', 2, '2019-06-13 08:26:03', '2019-06-13 08:26:03', 1, 1),
(9, 5, 'India', 1, '2019-06-13 08:26:18', '2019-06-13 08:26:18', 1, 1),
(10, 5, 'الهند', 2, '2019-06-13 08:26:18', '2019-06-13 08:26:18', 1, 1);

-- --------------------------------------------------------

--
-- Table structure for table `coupons`
--

CREATE TABLE `coupons` (
  `CouponID` int(11) NOT NULL,
  `UserID` int(11) NOT NULL COMMENT '0 means its created by admin and usable for all stores, greater than 0 means its booth specific',
  `CouponCode` varchar(255) NOT NULL,
  `DiscountType` enum('Fixed','Percentage') NOT NULL DEFAULT 'Fixed' COMMENT 'Fixed means fixed amount, Percentage means that percentage of total amount',
  `DiscountFactor` decimal(10,2) NOT NULL,
  `ExpiryDate` varchar(255) NOT NULL,
  `UsageCount` int(11) NOT NULL COMMENT 'This is no of times this coupon is available to use',
  `TotalCount` int(11) NOT NULL,
  `SortOrder` int(11) NOT NULL,
  `Hide` tinyint(4) NOT NULL,
  `IsActive` tinyint(4) NOT NULL,
  `CreatedAt` datetime NOT NULL,
  `UpdatedAt` datetime NOT NULL,
  `CreatedBy` int(11) NOT NULL,
  `UpdatedBy` int(11) NOT NULL
) ENGINE=MyISAM DEFAULT CHARSET=utf8;

-- --------------------------------------------------------

--
-- Table structure for table `coupons_text`
--

CREATE TABLE `coupons_text` (
  `CouponTextID` int(11) NOT NULL,
  `CouponID` int(11) NOT NULL,
  `Title` varchar(255) NOT NULL,
  `SystemLanguageID` int(11) NOT NULL,
  `CreatedAt` datetime NOT NULL,
  `UpdatedAt` datetime NOT NULL,
  `CreatedBy` int(11) NOT NULL,
  `UpdatedBy` int(11) NOT NULL
) ENGINE=MyISAM DEFAULT CHARSET=utf8;

-- --------------------------------------------------------

--
-- Table structure for table `email_templates`
--

CREATE TABLE `email_templates` (
  `Email_templateID` int(11) NOT NULL,
  `Image` varchar(255) NOT NULL,
  `SortOrder` int(11) NOT NULL,
  `Hide` tinyint(4) NOT NULL,
  `IsActive` tinyint(4) NOT NULL,
  `CreatedAt` datetime NOT NULL,
  `UpdatedAt` datetime NOT NULL,
  `CreatedBy` int(11) NOT NULL,
  `UpdatedBy` int(11) NOT NULL
) ENGINE=InnoDB DEFAULT CHARSET=utf8;

--
-- Dumping data for table `email_templates`
--

INSERT INTO `email_templates` (`Email_templateID`, `Image`, `SortOrder`, `Hide`, `IsActive`, `CreatedAt`, `UpdatedAt`, `CreatedBy`, `UpdatedBy`) VALUES
(1, 'uploads/email_templates/1210446676201807020635331.jpg', 0, 0, 1, '2018-07-02 17:08:45', '2019-05-03 09:01:28', 1, 1),
(4, 'uploads/email_templates/379150302201807020631102.jpg', 1, 0, 1, '2018-07-02 18:10:31', '2019-04-19 09:19:48', 1, 1),
(5, 'uploads/email_templates/414693546201807020612353.jpg', 2, 0, 1, '2018-07-02 18:35:12', '2019-06-10 12:42:34', 1, 1),
(6, '', 3, 0, 1, '2019-04-05 09:22:13', '2019-06-10 12:43:06', 1, 1),
(7, '', 4, 0, 1, '2019-04-16 09:29:45', '2019-04-16 09:29:45', 1, 1),
(8, '', 5, 0, 1, '2019-06-11 06:16:05', '2019-06-11 06:16:05', 1, 1),
(9, '', 6, 0, 1, '2019-06-11 07:57:40', '2019-06-11 07:57:40', 1, 1),
(10, '', 7, 0, 1, '2019-06-11 07:59:28', '2019-06-11 07:59:28', 1, 1),
(11, '', 8, 0, 1, '2019-06-11 08:00:56', '2019-07-11 12:43:15', 1, 1),
(12, '', 9, 0, 1, '2019-07-04 12:23:24', '2019-07-04 12:23:24', 1, 1),
(13, '', 10, 0, 1, '2019-07-05 11:54:10', '2019-07-05 11:54:10', 1, 1),
(14, '', 11, 0, 1, '2019-07-24 07:33:57', '2019-07-24 07:33:57', 1, 1),
(15, '', 12, 0, 1, '2019-10-04 13:24:41', '2019-10-04 14:17:02', 1, 1);

-- --------------------------------------------------------

--
-- Table structure for table `email_templates_text`
--

CREATE TABLE `email_templates_text` (
  `Email_templateTextID` int(11) NOT NULL,
  `Email_templateID` int(11) NOT NULL,
  `Title` varchar(255) NOT NULL,
  `Heading` varchar(255) NOT NULL,
  `Description` text NOT NULL,
  `SystemLanguageID` int(11) NOT NULL,
  `CreatedAt` datetime NOT NULL,
  `UpdatedAt` datetime NOT NULL,
  `CreatedBy` int(11) NOT NULL,
  `UpdatedBy` int(11) NOT NULL
) ENGINE=InnoDB DEFAULT CHARSET=utf8;

--
-- Dumping data for table `email_templates_text`
--

INSERT INTO `email_templates_text` (`Email_templateTextID`, `Email_templateID`, `Title`, `Heading`, `Description`, `SystemLanguageID`, `CreatedAt`, `UpdatedAt`, `CreatedBy`, `UpdatedBy`) VALUES
(1, 1, 'Signup', 'Signup', '<p><strong>Hi {{name}} ,</strong></p>\r\n<p>Thank you for registering with Booth. We hope to provide you the best of our services.</p>\r\n<p>Your login details are:</p>\r\n<p>Email: {{email}}</p>\r\n<p>Password: {{password}}</p>\r\n<p>&nbsp;</p>\r\n<p><strong>Thanks.</strong></p>', 1, '2018-07-02 17:08:45', '2019-05-03 09:01:28', 1, 1),
(4, 4, 'Forgot Password', 'Forgot Password', '<p>We received your request to reset your password at booth.</p>\r\n<p>Please use the link below to proceed..</p>\r\n<p>Reset Link: {{link}}</p>\r\n<p>&nbsp;</p>\r\n<p><strong>Thanks.</strong></p>', 1, '2018-07-02 18:10:31', '2019-04-19 09:19:48', 1, 1),
(5, 5, 'Order Cancellation Email To Customer', 'Order Cancelled', '<p><strong>Dear {{name}} ,</strong></p>\r\n<p>Your order is cancelled by seller with order track number {{order_track_id}}.</p>', 1, '2018-07-02 18:35:12', '2019-06-10 12:42:34', 1, 1),
(6, 5, 'Order Cancellation Email To Customer Arabic', 'Order Cancelled', '<p><strong>Dear {{name}} ,</strong></p>\r\n<p>Your order is cancelled by seller with order track number {{order_track_id}}.</p>', 2, '2018-07-02 18:36:55', '2019-06-10 12:42:41', 1, 1),
(7, 1, 'Signup At Chocomood', 'Signup at Chocomood', '<p><strong>Hi {{fullname}} ,</strong></p>\r\n<p>Thank you for registering with Booth. We hope to provide you the best of our services.</p>\r\n<p>Your login details are:</p>\r\n<p>Email: {{email}}</p>\r\n<p>Password: {{password}}</p>\r\n<p>&nbsp;</p>\r\n<p><strong>Thanks.</strong></p>', 2, '2019-03-01 16:04:09', '2019-05-03 09:01:34', 1, 1),
(8, 4, 'Forgot Password Arabic', 'Forgot Password', '<p>We received your request to reset your password at booth.</p>\r\n<p>Please use the link below to proceed..</p>\r\n<p>Reset Link: {{link}}</p>\r\n<p>&nbsp;</p>\r\n<p><strong>Thanks.</strong></p>', 2, '2018-07-02 18:10:31', '2019-04-19 09:19:57', 1, 1),
(9, 6, 'Order Cancellation Email To Booth', 'Order Cancelled', '<p><strong>Dear {{name}} ,</strong></p>\r\n<p>Your order is cancelled by&nbsp;buyer with order track number {{order_track_id}}.</p>', 1, '2019-04-05 09:22:13', '2019-06-10 12:43:06', 1, 1),
(10, 6, 'Order Cancellation Email To Booth Arabic', 'Order Cancelled', '<p><strong>Dear {{name}} ,</strong></p>\r\n<p>Your order is cancelled by&nbsp;buyer&nbsp;with order track number {{order_track_id}}.</p>', 2, '2019-04-05 09:23:02', '2019-06-10 12:43:11', 1, 1),
(11, 7, 'Email verification on signup', 'Verify your email', '<p>Dear {{name}},</p>\r\n<p>Please verify your email address by clicking the link below.</p>\r\n<p>{{link}}</p>', 1, '2019-04-16 09:29:45', '2019-04-16 09:29:45', 1, 1),
(12, 7, 'Email verification on signup Arabic', 'Verify your email', '<p>Dear {{name}},</p>\r\n<p>Please verify your email address by clicking the link below.</p>\r\n<p>{{link}}</p>', 2, '2019-04-16 09:30:18', '2019-04-16 09:30:18', 1, 1),
(13, 8, 'Order Approval Email To Customer', 'Order Request Approved', '<p><strong>Dear {{name}} ,</strong></p>\r\n<p>Your order request is approved by seller with order track number {{order_track_id}}.</p>', 1, '2019-06-11 06:16:05', '2019-06-11 06:16:05', 1, 1),
(14, 8, 'Order Approval Email To Customer', 'Order Request Approved', '<p><strong>Dear {{name}} ,</strong></p>\r\n<p>Your order request is approved by seller with order track number {{order_track_id}}.</p>', 2, '2019-06-11 06:16:05', '2019-06-11 06:16:05', 1, 1),
(15, 9, 'Order Payment Done Email To Customer', 'Order Payment Done', '<p><strong>Dear {{name}} ,</strong></p>\r\n<p>Your payment is done for your order request with order track number {{order_track_id}}.</p>', 1, '2019-06-11 07:57:40', '2019-06-11 07:57:40', 1, 1),
(16, 9, 'Order Payment Done Email To Customer', 'Order Payment Done', '<p><strong>Dear {{name}} ,</strong></p>\r\n<p>Your payment is done for your order request with order track number {{order_track_id}}.</p>', 2, '2019-06-11 07:57:40', '2019-06-11 07:57:40', 1, 1),
(17, 10, 'Order Completed Email To Customer', 'Order Completed', '<p><strong>Dear {{name}} ,</strong></p>\r\n<p>Your order request has&nbsp;completed&nbsp;with order track number {{order_track_id}}.</p>', 1, '2019-06-11 07:59:28', '2019-06-11 07:59:28', 1, 1),
(18, 10, 'Order Completed Email To Customer', 'Order Completed', '<p><strong>Dear {{name}} ,</strong></p>\r\n<p>Your order request has&nbsp;completed&nbsp;with order track number {{order_track_id}}.</p>', 2, '2019-06-11 07:59:28', '2019-06-11 07:59:28', 1, 1),
(19, 11, 'Order Dispatched Email To Customer', 'Order Dispatched', '<p><strong>Dear {{name}} ,</strong></p>\r\n<p>Your order is dispatched by seller with order track number {{order_track_id}}.</p>\r\n<p>Your verification code is {{verification_code}}. Please keep this verification code saved&nbsp;untill order is delivered to you. You need to give this code.</p>', 1, '2019-06-11 08:00:56', '2019-07-11 12:43:15', 1, 1),
(20, 11, 'Order Dispatched Email To Customer', 'Order Dispatched', '<p><strong>Dear {{name}} ,</strong></p>\r\n<p>Your order is dispatched by seller with order track number {{order_track_id}}.</p>\r\n<p>Your verification code is {{verification_code}}. Please keep this verification code saved&nbsp;untill order is delivered to you. You need to give this code.</p>', 2, '2019-06-11 08:00:56', '2019-07-11 12:31:58', 1, 1),
(21, 12, 'Invitation Email', 'Invitation', '<p>You are invited to try booth app</p>', 1, '2019-07-04 12:23:24', '2019-07-04 12:23:24', 1, 1),
(22, 12, 'Invitation Email', 'Invitation', '<p>You are invited to try booth app</p>', 2, '2019-07-04 12:23:24', '2019-07-04 12:23:24', 1, 1),
(23, 13, 'Order Payment Done Email To Booth', 'Order Payment Done', '<p><strong>Dear {{name}} ,</strong></p>\r\n<p>Payment is done for order request. Now you can dispatch order with order track number {{order_track_id}}.</p>', 1, '2019-07-05 11:54:10', '2019-07-05 11:54:10', 1, 1),
(24, 13, 'Order Payment Done Email To Booth', 'Order Payment Done', '<p><strong>Dear {{name}} ,</strong></p>\r\n<p>Payment is done for order request. Now you can dispatch order with order track number {{order_track_id}}.</p>', 2, '2019-07-05 11:54:10', '2019-07-05 11:54:10', 1, 1),
(25, 14, 'Order Cancellation As Disputed Email', 'Order Cancelled As Disputed', '<p><strong>Dear {{name}} ,</strong></p>\r\n<p>Your order request is cancelled by system as disputed oder&nbsp;with order track number {{order_track_id}}.</p>', 1, '2019-07-24 07:33:57', '2019-07-24 07:33:57', 1, 1),
(26, 14, 'Order Cancellation As Disputed Email', 'Order Cancelled As Disputed', '<p><strong>Dear {{name}} ,</strong></p>\r\n<p>Your order request is cancelled by system as disputed oder&nbsp;with order track number {{order_track_id}}.</p>', 2, '2019-07-24 07:33:57', '2019-07-24 07:33:57', 1, 1),
(27, 15, 'Order Place Email', 'Order Placed', '<p><strong>Dear {{name}} ,</strong></p>\r\n<p>Your order&nbsp;has been placed successfully. Now you can wait for the approval.</p>', 1, '2019-10-04 13:24:41', '2019-10-04 14:17:02', 1, 1),
(28, 15, 'Order Place Email', 'Order Placed', '<p><strong>Dear {{name}} ,</strong></p>\r\n<p>Your order&nbsp;has been placed successfully with order track id&nbsp;{{order_track_id}}. Now you can wait for the approval.</p>', 2, '2019-10-04 13:24:41', '2019-10-04 13:24:41', 1, 1);

-- --------------------------------------------------------

--
-- Table structure for table `feedbacks`
--

CREATE TABLE `feedbacks` (
  `FeedbackID` int(11) NOT NULL,
  `OrderNumber` varchar(255) NOT NULL COMMENT 'optional field',
  `FullName` varchar(255) CHARACTER SET utf8 NOT NULL,
  `Email` varchar(255) CHARACTER SET utf8 NOT NULL,
  `MobileNo` varchar(255) CHARACTER SET utf8 NOT NULL,
  `Message` text CHARACTER SET utf8 NOT NULL,
  `CreatedAt` varchar(255) NOT NULL
) ENGINE=MyISAM DEFAULT CHARSET=latin1;

-- --------------------------------------------------------

--
-- Table structure for table `invites`
--

CREATE TABLE `invites` (
  `InviteID` int(11) NOT NULL,
  `UserID` int(11) NOT NULL COMMENT 'UserID of user who is inviting',
  `Mobile` varchar(255) NOT NULL COMMENT 'Invited User Mobile',
  `Email` varchar(255) NOT NULL COMMENT 'Invited User Email'
) ENGINE=MyISAM DEFAULT CHARSET=latin1;

-- --------------------------------------------------------

--
-- Table structure for table `languages`
--

CREATE TABLE `languages` (
  `LanguageID` int(11) NOT NULL,
  `SortOrder` int(11) NOT NULL,
  `Hide` tinyint(4) NOT NULL,
  `IsActive` tinyint(4) NOT NULL,
  `CreatedAt` datetime NOT NULL,
  `UpdatedAt` datetime NOT NULL,
  `CreatedBy` int(11) NOT NULL,
  `UpdatedBy` int(11) NOT NULL
) ENGINE=InnoDB DEFAULT CHARSET=utf8;

-- --------------------------------------------------------

--
-- Table structure for table `mobile_verifications`
--

CREATE TABLE `mobile_verifications` (
  `MobileVerificationID` int(11) NOT NULL,
  `Mobile` varchar(255) NOT NULL,
  `Code` int(4) NOT NULL,
  `CreatedAt` datetime NOT NULL
) ENGINE=InnoDB DEFAULT CHARSET=latin1;

-- --------------------------------------------------------

--
-- Table structure for table `modules`
--

CREATE TABLE `modules` (
  `ModuleID` int(11) NOT NULL,
  `ParentID` int(11) NOT NULL DEFAULT '0',
  `IconClass` varchar(255) NOT NULL,
  `Slug` varchar(255) NOT NULL,
  `SortOrder` int(11) NOT NULL,
  `Hide` tinyint(4) NOT NULL,
  `IsActive` tinyint(4) NOT NULL,
  `CreatedAt` datetime NOT NULL,
  `UpdatedAt` datetime NOT NULL,
  `CreatedBy` int(11) NOT NULL,
  `UpdatedBy` int(11) NOT NULL
) ENGINE=InnoDB DEFAULT CHARSET=utf8;

--
-- Dumping data for table `modules`
--

INSERT INTO `modules` (`ModuleID`, `ParentID`, `IconClass`, `Slug`, `SortOrder`, `Hide`, `IsActive`, `CreatedAt`, `UpdatedAt`, `CreatedBy`, `UpdatedBy`) VALUES
(1, 0, 'settings', '#', 12, 0, 1, '2018-05-09 00:00:00', '2018-11-30 10:32:35', 1, 1),
(18, 1, ' mdi mdi-view-module', 'module', 1, 0, 1, '2018-04-19 15:22:06', '2018-04-19 15:22:06', 1, 1),
(22, 1, 'mdi mdi-yeast', 'role', 5, 0, 1, '2018-05-02 12:10:33', '2018-05-02 12:10:33', 1, 1),
(23, 0, 'face', 'user', 6, 0, 1, '2018-05-02 12:44:19', '2018-05-02 12:44:19', 1, 1),
(32, 1, 'mdi mdi-city', 'city', 7, 1, 1, '2018-05-03 14:01:59', '2018-05-03 14:01:59', 1, 1),
(35, 1, 'mdi mdi-city', 'district', 6, 1, 1, '2018-05-03 15:49:43', '2018-05-03 15:49:43', 1, 1),
(36, 1, 'settings', 'Site_setting', 3, 0, 1, '2018-06-21 20:24:33', '2018-06-21 20:24:33', 1, 1),
(39, 1, ' mdi mdi-email', 'email_template', 4, 0, 1, '2018-07-02 16:26:28', '2018-07-02 16:26:28', 1, 1),
(40, 1, 'mdi mdi-format-list-bulleted', 'language', 10, 1, 1, '2018-07-04 14:12:11', '2018-07-04 14:12:23', 1, 1),
(43, 0, 'view_quilt', 'category', 2, 0, 1, '2018-10-05 00:00:00', '2018-11-30 09:30:09', 1, 1),
(44, 0, 'bookmarks', 'promotion', 4, 0, 1, '2018-12-17 07:07:41', '2018-12-17 07:07:41', 1, 1),
(45, 0, 'pages', 'page', 9, 0, 1, '2018-12-19 05:54:48', '2018-12-19 05:54:48', 1, 1),
(46, 0, 'shopping_cart', 'order', 1, 0, 1, '2018-12-19 06:36:39', '2018-12-19 06:36:39', 1, 1),
(47, 46, '', 'order/pending_approval', 6, 0, 1, '2018-12-21 09:19:50', '2018-12-21 09:19:50', 1, 1),
(48, 46, '', 'order/pending_payment', 7, 0, 1, '2018-12-21 09:43:33', '2018-12-21 09:43:33', 1, 1),
(50, 46, '', 'order/payment_done', 8, 0, 1, '2018-12-21 09:50:43', '2018-12-21 09:50:43', 1, 1),
(51, 46, '', 'order/seller_cancelled', 11, 0, 1, '2018-12-21 09:51:27', '2018-12-21 09:51:27', 1, 1),
(52, 46, '', 'order/completed', 10, 0, 1, '2018-12-21 09:52:06', '2018-12-21 09:52:06', 1, 1),
(53, 46, '', 'order/buyer_cancelled', 12, 0, 1, '2018-12-21 09:52:39', '2018-12-21 09:52:39', 1, 1),
(54, 46, '', 'order', 5, 0, 1, '2018-12-21 11:00:54', '2018-12-21 11:00:54', 1, 1),
(55, 0, 'directions_car', 'vehicle', 6, 1, 1, '2018-12-24 07:12:54', '2018-12-24 07:12:54', 1, 1),
(56, 0, 'build', 'technician', 7, 1, 1, '2018-12-24 08:02:11', '2018-12-24 08:02:11', 1, 1),
(57, 0, 'card_giftcard', 'coupon', 5, 0, 1, '2018-12-26 07:06:18', '2018-12-26 07:06:18', 1, 1),
(58, 0, 'live_help', 'questions', 7, 0, 1, '2018-12-27 13:38:22', '2018-12-27 13:38:22', 1, 1),
(59, 46, 'apps', 'booking/overdue', 10, 1, 1, '2019-01-04 09:36:11', '2019-01-04 09:36:11', 1, 1),
(60, 0, 'chat', 'notification', 11, 0, 1, '2019-01-07 13:27:24', '2019-01-07 13:27:24', 1, 1),
(61, 0, 'shop_two', 'product', 3, 0, 1, '2019-04-23 08:46:48', '2019-04-23 08:46:48', 1, 1),
(62, 0, 'collections', 'theme', 8, 0, 1, '2019-04-24 12:50:53', '2019-04-24 12:50:53', 1, 1),
(63, 0, 'feedback', 'feedback', 10, 0, 1, '2019-04-30 10:17:16', '2019-04-30 10:17:16', 1, 1),
(64, 46, '', 'order/dispatched', 9, 0, 1, '2019-05-31 07:51:59', '2019-05-31 07:51:59', 1, 1),
(65, 1, 'apps', 'country', 2, 0, 1, '2019-06-13 07:06:47', '2019-06-13 07:06:47', 1, 1),
(67, 46, '', 'order/admin_cancelled', 13, 0, 1, '2019-07-24 07:14:47', '2019-07-24 07:14:47', 1, 1),
(68, 1, '', 'cancellationReason', 14, 0, 1, '2019-08-27 08:33:53', '2019-08-27 08:33:53', 1, 1);

-- --------------------------------------------------------

--
-- Table structure for table `modules_rights`
--

CREATE TABLE `modules_rights` (
  `ModuleRightID` int(11) NOT NULL,
  `ModuleID` int(11) NOT NULL,
  `RoleID` int(11) NOT NULL,
  `CanView` tinyint(4) NOT NULL,
  `CanAdd` tinyint(4) NOT NULL,
  `CanEdit` tinyint(4) NOT NULL,
  `CanDelete` tinyint(4) NOT NULL,
  `CreatedAt` datetime NOT NULL,
  `UpdatedAt` datetime NOT NULL,
  `CreatedBy` int(11) NOT NULL,
  `UpdatedBy` int(11) NOT NULL
) ENGINE=InnoDB DEFAULT CHARSET=utf8;

--
-- Dumping data for table `modules_rights`
--

INSERT INTO `modules_rights` (`ModuleRightID`, `ModuleID`, `RoleID`, `CanView`, `CanAdd`, `CanEdit`, `CanDelete`, `CreatedAt`, `UpdatedAt`, `CreatedBy`, `UpdatedBy`) VALUES
(13, 18, 1, 1, 1, 1, 1, '2018-04-19 15:22:06', '2018-06-29 17:44:17', 1, 1),
(17, 18, 2, 1, 1, 1, 1, '2018-05-02 11:37:19', '2018-05-02 11:37:19', 1, 1),
(20, 22, 1, 1, 1, 1, 1, '2018-05-02 12:10:33', '2018-06-29 17:44:17', 1, 1),
(21, 22, 2, 1, 1, 1, 1, '2018-05-02 12:10:33', '2018-05-02 12:10:33', 1, 1),
(22, 23, 1, 1, 1, 1, 1, '2018-05-02 12:44:19', '2018-06-29 17:44:17', 1, 1),
(23, 23, 2, 1, 1, 1, 1, '2018-05-02 12:44:19', '2018-05-02 12:44:19', 1, 1),
(40, 32, 1, 1, 1, 1, 1, '2018-05-03 14:01:59', '2018-06-29 17:44:17', 1, 1),
(41, 32, 2, 1, 1, 1, 1, '2018-05-03 14:01:59', '2018-05-03 14:01:59', 1, 1),
(46, 35, 1, 1, 1, 1, 1, '2018-05-03 15:49:43', '2018-06-29 17:44:17', 1, 1),
(47, 35, 2, 1, 1, 1, 1, '2018-05-03 15:49:43', '2018-05-03 15:49:43', 1, 1),
(75, 1, 2, 1, 1, 1, 1, '2018-05-09 12:20:50', '2018-05-09 12:20:50', 1, 1),
(76, 1, 1, 1, 1, 1, 1, '2018-05-09 12:20:50', '2018-06-29 17:44:17', 1, 1),
(77, 36, 1, 1, 1, 1, 1, '2018-02-12 16:32:10', '2018-06-29 17:44:17', 1, 1),
(78, 36, 2, 1, 1, 1, 1, '2018-06-29 13:51:40', '2018-06-29 13:51:40', 1, 1),
(86, 39, 1, 1, 1, 1, 1, '2018-07-02 16:26:28', '2018-07-02 16:26:28', 1, 1),
(87, 39, 2, 1, 1, 1, 1, '2018-07-02 16:26:28', '2018-07-02 16:26:28', 1, 1),
(89, 40, 1, 1, 1, 1, 1, '2018-07-04 14:12:11', '2018-07-04 14:12:11', 1, 1),
(90, 40, 2, 1, 1, 1, 1, '2018-07-04 14:12:11', '2018-07-04 14:12:11', 1, 1),
(98, 43, 1, 1, 1, 1, 1, '2018-10-03 19:48:40', '2018-10-04 21:47:28', 1, 1),
(99, 43, 2, 1, 1, 1, 1, '2018-10-03 19:48:40', '2018-10-03 19:48:40', 1, 1),
(111, 43, 4, 1, 1, 1, 1, '2018-10-04 20:15:57', '2019-03-03 12:06:20', 1, 1),
(112, 44, 1, 1, 1, 1, 1, '2018-12-17 07:07:41', '2018-12-17 07:07:41', 1, 1),
(113, 44, 2, 1, 1, 1, 1, '2018-12-17 07:07:41', '2018-12-17 07:07:41', 1, 1),
(115, 45, 1, 1, 1, 1, 1, '2018-12-19 05:54:48', '2018-12-19 05:54:48', 1, 1),
(116, 45, 2, 1, 1, 1, 1, '2018-12-19 05:54:48', '2018-12-19 05:54:48', 1, 1),
(118, 46, 1, 1, 1, 1, 1, '2018-12-19 06:36:39', '2018-12-19 06:36:39', 1, 1),
(119, 46, 2, 1, 1, 1, 1, '2018-12-19 06:36:39', '2018-12-19 06:36:39', 1, 1),
(121, 47, 1, 1, 1, 1, 1, '2018-12-21 09:19:50', '2018-12-21 09:19:50', 1, 1),
(122, 47, 2, 1, 1, 1, 1, '2018-12-21 09:19:50', '2018-12-21 09:19:50', 1, 1),
(124, 48, 1, 1, 1, 1, 1, '2018-12-21 09:43:33', '2018-12-21 09:43:33', 1, 1),
(125, 48, 2, 1, 1, 1, 1, '2018-12-21 09:43:33', '2018-12-21 09:43:33', 1, 1),
(130, 50, 1, 1, 1, 1, 1, '2018-12-21 09:50:43', '2018-12-21 09:50:43', 1, 1),
(131, 50, 2, 1, 1, 1, 1, '2018-12-21 09:50:43', '2018-12-21 09:50:43', 1, 1),
(133, 51, 1, 1, 1, 1, 1, '2018-12-21 09:51:27', '2018-12-21 09:51:27', 1, 1),
(134, 51, 2, 1, 1, 1, 1, '2018-12-21 09:51:27', '2018-12-21 09:51:27', 1, 1),
(136, 52, 1, 1, 1, 1, 1, '2018-12-21 09:52:06', '2018-12-21 09:52:06', 1, 1),
(137, 52, 2, 1, 1, 1, 1, '2018-12-21 09:52:06', '2018-12-21 09:52:06', 1, 1),
(139, 53, 1, 1, 1, 1, 1, '2018-12-21 09:52:39', '2018-12-21 09:52:39', 1, 1),
(140, 53, 2, 1, 1, 1, 1, '2018-12-21 09:52:39', '2018-12-21 09:52:39', 1, 1),
(142, 54, 1, 1, 1, 1, 1, '2018-12-21 11:00:54', '2018-12-21 11:00:54', 1, 1),
(143, 54, 2, 1, 1, 1, 1, '2018-12-21 11:00:54', '2018-12-21 11:00:54', 1, 1),
(145, 55, 1, 1, 1, 1, 1, '2018-12-24 07:12:54', '2018-12-24 07:12:54', 1, 1),
(146, 55, 2, 1, 1, 1, 1, '2018-12-24 07:12:54', '2018-12-24 07:12:54', 1, 1),
(148, 56, 1, 1, 1, 1, 1, '2018-12-24 08:02:11', '2018-12-24 08:02:11', 1, 1),
(149, 56, 2, 1, 1, 1, 1, '2018-12-24 08:02:11', '2018-12-24 08:02:11', 1, 1),
(151, 57, 1, 1, 1, 1, 1, '2018-12-26 07:06:18', '2018-12-26 07:06:18', 1, 1),
(152, 57, 2, 1, 1, 1, 1, '2018-12-26 07:06:18', '2018-12-26 07:06:18', 1, 1),
(154, 58, 1, 1, 1, 1, 1, '2018-12-27 13:38:22', '2018-12-27 13:38:22', 1, 1),
(155, 58, 2, 1, 1, 1, 1, '2018-12-27 13:38:22', '2018-12-27 13:38:22', 1, 1),
(157, 59, 1, 1, 1, 1, 1, '2019-01-04 09:36:11', '2019-01-04 09:36:11', 1, 1),
(158, 59, 2, 1, 1, 1, 1, '2019-01-04 09:36:11', '2019-01-04 09:36:11', 1, 1),
(160, 60, 1, 1, 1, 1, 1, '2019-01-07 13:27:24', '2019-01-07 13:27:24', 1, 1),
(161, 60, 2, 1, 1, 1, 1, '2019-01-07 13:27:24', '2019-01-07 13:27:24', 1, 1),
(163, 1, 4, 1, 1, 1, 1, '2019-02-11 20:07:49', '2019-03-03 12:06:20', 1, 1),
(164, 18, 4, 1, 1, 1, 1, '2019-02-11 20:07:49', '2019-03-03 12:06:20', 1, 1),
(165, 22, 4, 1, 1, 1, 1, '2019-02-11 20:07:49', '2019-03-03 12:06:20', 1, 1),
(166, 23, 4, 1, 1, 1, 1, '2019-02-11 20:07:49', '2019-03-03 12:06:20', 1, 1),
(167, 32, 4, 1, 1, 1, 1, '2019-02-11 20:07:49', '2019-03-03 12:06:20', 1, 1),
(168, 35, 4, 1, 1, 1, 1, '2019-02-11 20:07:49', '2019-02-11 20:07:49', 1, 1),
(169, 36, 4, 1, 1, 1, 1, '2019-02-11 20:07:49', '2019-03-03 12:06:20', 1, 1),
(170, 39, 4, 1, 1, 1, 1, '2019-02-11 20:07:49', '2019-02-11 20:07:49', 1, 1),
(171, 40, 4, 1, 1, 1, 1, '2019-02-11 20:07:49', '2019-02-11 20:07:49', 1, 1),
(172, 43, 4, 1, 1, 1, 1, '2019-02-11 20:07:49', '2019-02-11 20:07:49', 1, 1),
(173, 44, 4, 1, 1, 1, 1, '2019-02-11 20:07:49', '2019-03-03 12:06:20', 1, 1),
(174, 45, 4, 1, 1, 1, 1, '2019-02-11 20:07:49', '2019-03-03 12:06:20', 1, 1),
(175, 46, 4, 0, 0, 0, 0, '2019-02-11 20:07:49', '2019-03-03 12:06:20', 1, 1),
(176, 47, 4, 1, 1, 1, 1, '2019-02-11 20:07:49', '2019-03-03 12:06:20', 1, 1),
(177, 48, 4, 1, 1, 1, 1, '2019-02-11 20:07:49', '2019-03-03 12:06:20', 1, 1),
(178, 50, 4, 1, 1, 1, 1, '2019-02-11 20:07:49', '2019-03-03 12:06:20', 1, 1),
(179, 51, 4, 1, 1, 1, 1, '2019-02-11 20:07:49', '2019-03-03 12:06:20', 1, 1),
(180, 52, 4, 1, 1, 1, 1, '2019-02-11 20:07:49', '2019-03-03 12:06:20', 1, 1),
(181, 53, 4, 1, 1, 1, 1, '2019-02-11 20:07:49', '2019-03-03 12:06:20', 1, 1),
(182, 54, 4, 1, 1, 1, 1, '2019-02-11 20:07:49', '2019-03-03 12:06:20', 1, 1),
(183, 55, 4, 1, 1, 1, 1, '2019-02-11 20:07:49', '2019-03-03 12:06:20', 1, 1),
(184, 56, 4, 1, 1, 1, 1, '2019-02-11 20:07:49', '2019-03-03 12:06:20', 1, 1),
(185, 57, 4, 1, 1, 1, 1, '2019-02-11 20:07:49', '2019-03-03 12:06:20', 1, 1),
(186, 58, 4, 1, 1, 1, 1, '2019-02-11 20:07:49', '2019-03-03 12:06:20', 1, 1),
(187, 59, 4, 1, 1, 1, 1, '2019-02-11 20:07:49', '2019-03-03 12:06:20', 1, 1),
(188, 60, 4, 1, 1, 1, 1, '2019-02-11 20:07:49', '2019-03-03 12:06:20', 1, 1),
(189, 1, 5, 0, 0, 0, 0, '2019-03-05 17:43:51', '2019-03-06 07:20:40', 1, 1),
(190, 18, 5, 0, 0, 0, 0, '2019-03-05 17:43:51', '2019-03-06 07:20:40', 1, 1),
(191, 22, 5, 0, 0, 0, 0, '2019-03-05 17:43:51', '2019-03-06 07:20:40', 1, 1),
(192, 23, 5, 0, 0, 0, 0, '2019-03-05 17:43:51', '2019-03-06 07:20:40', 1, 1),
(193, 32, 5, 0, 0, 0, 0, '2019-03-05 17:43:51', '2019-03-06 07:20:40', 1, 1),
(194, 35, 5, 1, 1, 1, 1, '2019-03-05 17:43:51', '2019-03-05 17:43:51', 1, 1),
(195, 36, 5, 0, 0, 0, 0, '2019-03-05 17:43:51', '2019-03-06 07:20:40', 1, 1),
(196, 39, 5, 1, 1, 1, 1, '2019-03-05 17:43:51', '2019-03-05 17:43:51', 1, 1),
(197, 40, 5, 1, 1, 1, 1, '2019-03-05 17:43:51', '2019-03-05 17:43:51', 1, 1),
(198, 43, 5, 0, 0, 0, 0, '2019-03-05 17:43:51', '2019-03-06 07:20:40', 1, 1),
(199, 44, 5, 0, 0, 0, 0, '2019-03-05 17:43:51', '2019-03-06 07:20:40', 1, 1),
(200, 45, 5, 0, 0, 0, 0, '2019-03-05 17:43:51', '2019-03-06 07:20:40', 1, 1),
(201, 46, 5, 1, 1, 1, 0, '2019-03-05 17:43:51', '2019-03-06 07:20:40', 1, 1),
(202, 47, 5, 1, 1, 1, 0, '2019-03-05 17:43:51', '2019-03-06 07:20:40', 1, 1),
(203, 48, 5, 1, 1, 1, 0, '2019-03-05 17:43:51', '2019-03-06 07:20:40', 1, 1),
(204, 50, 5, 1, 1, 1, 0, '2019-03-05 17:43:51', '2019-03-06 07:20:40', 1, 1),
(205, 51, 5, 1, 1, 1, 0, '2019-03-05 17:43:51', '2019-03-06 07:20:40', 1, 1),
(206, 52, 5, 1, 1, 1, 0, '2019-03-05 17:43:51', '2019-03-06 07:20:40', 1, 1),
(207, 53, 5, 1, 1, 1, 0, '2019-03-05 17:43:51', '2019-03-06 07:20:40', 1, 1),
(208, 54, 5, 0, 0, 0, 0, '2019-03-05 17:43:51', '2019-03-06 07:20:40', 1, 1),
(209, 55, 5, 0, 0, 0, 0, '2019-03-05 17:43:51', '2019-03-06 07:20:40', 1, 1),
(210, 56, 5, 0, 0, 0, 0, '2019-03-05 17:43:51', '2019-03-06 07:20:40', 1, 1),
(211, 57, 5, 0, 0, 0, 0, '2019-03-05 17:43:51', '2019-03-06 07:20:40', 1, 1),
(212, 58, 5, 0, 0, 0, 0, '2019-03-05 17:43:51', '2019-03-06 07:20:40', 1, 1),
(213, 59, 5, 1, 1, 1, 0, '2019-03-05 17:43:51', '2019-03-06 07:20:40', 1, 1),
(214, 60, 5, 0, 0, 0, 0, '2019-03-05 17:43:51', '2019-03-06 07:20:40', 1, 1),
(215, 61, 1, 1, 1, 1, 1, '2019-04-23 08:46:48', '2019-04-23 08:46:48', 1, 1),
(216, 61, 2, 1, 1, 1, 1, '2019-04-23 08:46:48', '2019-04-23 08:46:48', 1, 1),
(217, 62, 1, 1, 1, 1, 1, '2019-04-24 12:50:53', '2019-04-24 12:50:53', 1, 1),
(218, 62, 2, 1, 1, 1, 1, '2019-04-24 12:50:53', '2019-04-24 12:50:53', 1, 1),
(219, 63, 1, 1, 1, 1, 1, '2019-04-30 10:17:16', '2019-04-30 10:17:16', 1, 1),
(220, 63, 2, 1, 1, 1, 1, '2019-04-30 10:17:16', '2019-04-30 10:17:16', 1, 1),
(221, 64, 1, 1, 1, 1, 1, '2019-05-31 07:51:59', '2019-05-31 07:51:59', 1, 1),
(222, 64, 2, 1, 1, 1, 1, '2019-05-31 07:51:59', '2019-05-31 07:51:59', 1, 1),
(223, 65, 1, 1, 1, 1, 1, '2019-06-13 07:06:47', '2019-06-13 07:06:47', 1, 1),
(224, 65, 2, 1, 1, 1, 1, '2019-06-13 07:06:47', '2019-06-13 07:06:47', 1, 1),
(225, 67, 1, 1, 1, 1, 1, '2019-07-24 07:14:47', '2019-07-24 07:14:47', 1, 1),
(226, 67, 2, 1, 1, 1, 1, '2019-07-24 07:14:47', '2019-07-24 07:14:47', 1, 1),
(227, 68, 1, 1, 1, 1, 1, '2019-08-27 08:33:53', '2019-08-27 08:33:53', 1, 1),
(228, 68, 2, 1, 1, 1, 1, '2019-08-27 08:33:53', '2019-08-27 08:33:53', 1, 1);

-- --------------------------------------------------------

--
-- Table structure for table `modules_text`
--

CREATE TABLE `modules_text` (
  `ModuleTextID` int(11) NOT NULL,
  `ModuleID` int(11) NOT NULL,
  `Title` varchar(255) NOT NULL,
  `SystemLanguageID` int(11) NOT NULL,
  `CreatedAt` datetime NOT NULL,
  `UpdatedAt` datetime NOT NULL,
  `CreatedBy` int(11) NOT NULL,
  `UpdatedBy` int(11) NOT NULL
) ENGINE=InnoDB DEFAULT CHARSET=utf8;

--
-- Dumping data for table `modules_text`
--

INSERT INTO `modules_text` (`ModuleTextID`, `ModuleID`, `Title`, `SystemLanguageID`, `CreatedAt`, `UpdatedAt`, `CreatedBy`, `UpdatedBy`) VALUES
(1, 18, 'Module', 1, '2018-04-19 15:22:06', '2018-04-19 15:22:06', 1, 1),
(5, 22, 'Roles', 1, '2018-05-02 12:10:33', '2018-05-02 12:10:33', 1, 1),
(6, 23, 'Users', 1, '2018-05-02 12:44:19', '2018-05-02 12:44:19', 1, 1),
(15, 32, 'City', 1, '2018-05-03 14:01:59', '2018-05-03 14:01:59', 1, 1),
(18, 35, 'District', 1, '2018-05-03 15:49:43', '2018-05-03 15:49:43', 1, 1),
(26, 1, 'Miscellaneous', 1, '2018-05-09 00:00:00', '2018-11-30 10:32:35', 1, 1),
(27, 36, 'Site Setting', 1, '2018-06-29 07:34:18', '2018-06-29 07:34:18', 1, 1),
(30, 39, 'Email Templates', 1, '2018-07-02 16:26:28', '2018-07-02 16:26:28', 1, 1),
(31, 40, 'Languages ', 1, '2018-07-04 14:12:11', '2018-07-04 14:12:23', 1, 1),
(32, 43, 'Categories', 1, '2018-10-05 00:00:00', '2018-11-30 09:30:09', 1, 1),
(33, 44, 'Sponsored', 1, '2018-12-17 07:07:41', '2018-12-17 07:07:41', 1, 1),
(34, 45, 'Pages', 1, '2018-12-19 05:54:48', '2018-12-19 05:54:48', 1, 1),
(35, 46, 'Orders', 1, '2018-12-19 06:36:39', '2018-12-19 06:36:39', 1, 1),
(36, 47, 'Pending Approval', 1, '2018-12-21 09:19:50', '2018-12-21 09:19:50', 1, 1),
(37, 48, 'Pending Payment', 1, '2018-12-21 09:43:33', '2018-12-21 09:43:33', 1, 1),
(39, 50, 'Payment Done', 1, '2018-12-21 09:50:43', '2018-12-21 09:50:43', 1, 1),
(40, 51, 'Cancelled By Seller', 1, '2018-12-21 09:51:27', '2018-12-21 09:51:27', 1, 1),
(41, 52, 'Completed Orders', 1, '2018-12-21 09:52:06', '2018-12-21 09:52:06', 1, 1),
(42, 53, 'Cancelled By Buyer', 1, '2018-12-21 09:52:39', '2018-12-21 09:52:39', 1, 1),
(43, 54, 'All Orders', 1, '2018-12-21 11:00:54', '2018-12-21 11:00:54', 1, 1),
(44, 55, 'Vehicles', 1, '2018-12-24 07:12:54', '2018-12-24 07:12:54', 1, 1),
(45, 56, 'Technicians', 1, '2018-12-24 08:02:11', '2018-12-24 08:02:11', 1, 1),
(46, 57, 'Coupons', 1, '2018-12-26 07:06:18', '2018-12-26 07:06:18', 1, 1),
(47, 58, 'Questions', 1, '2018-12-27 13:38:22', '2018-12-27 13:38:22', 1, 1),
(48, 59, 'Overdue', 1, '2019-01-04 09:36:11', '2019-01-04 09:36:11', 1, 1),
(49, 60, 'Send Notifications', 1, '2019-01-07 13:27:24', '2019-01-07 13:27:24', 1, 1),
(50, 61, 'Products', 1, '2019-04-23 08:46:48', '2019-04-23 08:46:48', 1, 1),
(51, 62, 'Themes', 1, '2019-04-24 12:50:53', '2019-04-24 12:50:53', 1, 1),
(52, 63, 'Feedbacks', 1, '2019-04-30 10:17:16', '2019-04-30 10:17:16', 1, 1),
(53, 64, 'Dispatched Orders', 1, '2019-05-31 07:51:59', '2019-05-31 07:51:59', 1, 1),
(54, 65, 'Countries', 1, '2019-06-13 07:06:47', '2019-06-13 07:06:47', 1, 1),
(56, 67, 'Cancelled By Admin', 1, '2019-07-24 07:14:47', '2019-07-24 07:14:47', 1, 1),
(57, 68, 'Order Cancellation Reasons', 1, '2019-08-27 08:33:53', '2019-08-27 08:33:53', 1, 1);

-- --------------------------------------------------------

--
-- Table structure for table `modules_users_rights`
--

CREATE TABLE `modules_users_rights` (
  `ModuleRightID` int(11) NOT NULL,
  `ModuleID` int(11) NOT NULL,
  `UserID` int(11) NOT NULL,
  `CanView` tinyint(4) NOT NULL,
  `CanAdd` tinyint(4) NOT NULL,
  `CanEdit` tinyint(4) NOT NULL,
  `CanDelete` tinyint(4) NOT NULL,
  `CreatedAt` datetime NOT NULL,
  `UpdatedAt` datetime NOT NULL,
  `CreatedBy` int(11) NOT NULL,
  `UpdatedBy` int(11) NOT NULL
) ENGINE=InnoDB DEFAULT CHARSET=utf8;

--
-- Dumping data for table `modules_users_rights`
--

INSERT INTO `modules_users_rights` (`ModuleRightID`, `ModuleID`, `UserID`, `CanView`, `CanAdd`, `CanEdit`, `CanDelete`, `CreatedAt`, `UpdatedAt`, `CreatedBy`, `UpdatedBy`) VALUES
(10, 1, 7, 0, 0, 0, 0, '2018-06-28 10:55:57', '2018-06-28 11:21:04', 1, 1),
(11, 18, 7, 0, 0, 0, 0, '2018-06-28 10:55:57', '2018-06-28 11:21:04', 1, 1),
(12, 22, 7, 0, 0, 0, 0, '2018-06-28 10:55:57', '2018-06-28 11:21:04', 1, 1),
(13, 23, 7, 1, 1, 1, 1, '2018-06-28 10:55:57', '2018-06-28 11:21:04', 1, 1),
(14, 32, 7, 1, 1, 1, 1, '2018-06-28 10:55:57', '2018-06-28 11:21:04', 1, 1),
(15, 35, 7, 0, 0, 0, 0, '2018-06-28 10:55:57', '2018-06-28 11:21:04', 1, 1),
(16, 36, 7, 1, 1, 1, 1, '2018-06-29 12:42:13', '2018-06-29 12:42:13', 1, 1),
(17, 1, 1, 1, 1, 1, 0, '2018-06-28 10:55:57', '2018-12-20 08:27:27', 1, 1),
(18, 18, 1, 1, 1, 1, 1, '2018-06-28 10:55:57', '2018-12-20 08:27:27', 1, 1),
(19, 22, 1, 1, 1, 1, 1, '2018-06-28 10:55:57', '2018-12-20 08:27:27', 1, 1),
(20, 23, 1, 1, 1, 1, 1, '2018-06-28 10:55:57', '2018-12-20 08:27:27', 1, 1),
(21, 32, 1, 1, 1, 1, 1, '2018-06-28 10:55:57', '2018-12-20 08:27:27', 1, 1),
(22, 35, 1, 1, 1, 1, 1, '2018-06-28 10:55:57', '2018-12-20 08:27:27', 1, 1),
(23, 36, 1, 1, 1, 1, 1, '2018-06-29 12:42:13', '2018-06-29 12:42:13', 1, 1),
(28, 39, 1, 1, 1, 1, 1, '2018-07-02 16:26:28', '2018-07-02 16:26:28', 1, 1),
(29, 39, 7, 0, 0, 0, 0, '2018-07-02 16:26:28', '2018-07-02 16:26:28', 1, 1),
(30, 40, 1, 1, 1, 1, 1, '2018-07-04 14:12:11', '2018-07-04 14:12:11', 1, 1),
(31, 40, 7, 0, 0, 0, 0, '2018-07-04 14:12:11', '2018-07-04 14:12:11', 1, 1),
(48, 43, 1, 1, 1, 1, 1, '2018-10-03 19:48:40', '2018-12-20 08:27:27', 1, 1),
(115, 43, 32, 0, 0, 0, 0, '2018-10-04 21:51:22', '2018-10-04 21:52:17', 1, 1),
(123, 45, 1, 1, 1, 1, 1, '2018-10-09 07:12:05', '2018-12-20 08:27:27', 1, 1),
(124, 45, 39, 1, 1, 1, 1, '2018-10-09 07:12:05', '2018-10-09 07:12:05', 1, 1),
(125, 45, 40, 1, 1, 1, 1, '2018-10-09 07:12:05', '2018-10-09 07:12:05', 1, 1),
(126, 45, 41, 1, 1, 1, 1, '2018-10-09 07:12:05', '2018-10-09 07:12:05', 1, 1),
(127, 45, 42, 1, 1, 1, 1, '2018-10-09 07:12:05', '2018-10-09 07:12:05', 1, 1),
(128, 45, 43, 1, 1, 1, 1, '2018-10-09 07:12:05', '2018-10-09 07:12:05', 1, 1),
(129, 45, 44, 1, 1, 1, 1, '2018-10-09 07:12:05', '2018-10-09 07:12:05', 1, 1),
(130, 47, 1, 1, 1, 1, 1, '2018-11-01 06:32:12', '2018-11-01 07:04:07', 1, 1),
(131, 47, 51, 1, 1, 1, 1, '2018-11-01 06:32:12', '2018-11-01 06:32:12', 1, 1),
(132, 47, 52, 1, 1, 1, 1, '2018-11-01 06:32:12', '2018-11-01 06:32:12', 1, 1),
(133, 47, 53, 1, 1, 1, 1, '2018-11-01 06:32:12', '2018-11-01 06:32:12', 1, 1),
(134, 47, 54, 1, 1, 1, 1, '2018-11-01 06:32:12', '2018-11-01 06:32:12', 1, 1),
(135, 47, 55, 1, 1, 1, 1, '2018-11-01 06:32:12', '2018-11-01 06:32:12', 1, 1),
(136, 47, 56, 1, 1, 1, 1, '2018-11-01 06:32:12', '2018-11-01 06:32:12', 1, 1),
(137, 47, 57, 1, 1, 1, 1, '2018-11-01 06:32:12', '2018-11-01 06:32:12', 1, 1),
(138, 47, 58, 1, 1, 1, 1, '2018-11-01 06:32:12', '2018-11-01 06:32:12', 1, 1),
(139, 47, 59, 1, 1, 1, 1, '2018-11-01 06:32:12', '2018-11-01 06:32:12', 1, 1),
(140, 47, 60, 1, 1, 1, 1, '2018-11-01 06:32:12', '2018-11-01 06:32:12', 1, 1),
(141, 47, 61, 1, 1, 1, 1, '2018-11-01 06:32:12', '2018-11-01 06:32:12', 1, 1),
(142, 47, 62, 1, 1, 1, 1, '2018-11-01 06:32:12', '2018-11-01 06:32:12', 1, 1),
(143, 46, 1, 1, 1, 1, 1, '2018-11-01 06:32:12', '2018-12-20 08:27:27', 1, 1),
(144, 48, 1, 1, 1, 1, 1, '2018-11-01 07:29:59', '2018-11-01 07:29:59', 1, 1),
(145, 48, 51, 1, 1, 1, 1, '2018-11-01 07:29:59', '2018-11-01 07:29:59', 1, 1),
(146, 48, 52, 1, 1, 1, 1, '2018-11-01 07:29:59', '2018-11-01 07:29:59', 1, 1),
(147, 48, 53, 1, 1, 1, 1, '2018-11-01 07:29:59', '2018-11-01 07:29:59', 1, 1),
(148, 48, 54, 1, 1, 1, 1, '2018-11-01 07:29:59', '2018-11-01 07:29:59', 1, 1),
(149, 48, 55, 1, 1, 1, 1, '2018-11-01 07:29:59', '2018-11-01 07:29:59', 1, 1),
(150, 48, 56, 1, 1, 1, 1, '2018-11-01 07:29:59', '2018-11-01 07:29:59', 1, 1),
(151, 48, 57, 1, 1, 1, 1, '2018-11-01 07:29:59', '2018-11-01 07:29:59', 1, 1),
(152, 48, 58, 1, 1, 1, 1, '2018-11-01 07:29:59', '2018-11-01 07:29:59', 1, 1),
(153, 48, 59, 1, 1, 1, 1, '2018-11-01 07:29:59', '2018-11-01 07:29:59', 1, 1),
(154, 48, 60, 1, 1, 1, 1, '2018-11-01 07:29:59', '2018-11-01 07:29:59', 1, 1),
(155, 48, 61, 1, 1, 1, 1, '2018-11-01 07:29:59', '2018-11-01 07:29:59', 1, 1),
(156, 48, 62, 1, 1, 1, 1, '2018-11-01 07:29:59', '2018-11-01 07:29:59', 1, 1),
(170, 50, 1, 1, 1, 1, 1, '2018-11-15 08:35:05', '2018-11-15 08:35:05', 1, 1),
(171, 50, 51, 1, 1, 1, 1, '2018-11-15 08:35:05', '2018-11-15 08:35:05', 1, 1),
(172, 50, 52, 1, 1, 1, 1, '2018-11-15 08:35:05', '2018-11-15 08:35:05', 1, 1),
(173, 50, 53, 1, 1, 1, 1, '2018-11-15 08:35:05', '2018-11-15 08:35:05', 1, 1),
(174, 50, 54, 1, 1, 1, 1, '2018-11-15 08:35:05', '2018-11-15 08:35:05', 1, 1),
(175, 50, 55, 1, 1, 1, 1, '2018-11-15 08:35:05', '2018-11-15 08:35:05', 1, 1),
(176, 50, 56, 1, 1, 1, 1, '2018-11-15 08:35:05', '2018-11-15 08:35:05', 1, 1),
(177, 50, 57, 1, 1, 1, 1, '2018-11-15 08:35:05', '2018-11-15 08:35:05', 1, 1),
(178, 50, 58, 1, 1, 1, 1, '2018-11-15 08:35:05', '2018-11-15 08:35:05', 1, 1),
(179, 50, 59, 1, 1, 1, 1, '2018-11-15 08:35:05', '2018-11-15 08:35:05', 1, 1),
(180, 50, 60, 1, 1, 1, 1, '2018-11-15 08:35:05', '2018-11-15 08:35:05', 1, 1),
(181, 50, 61, 1, 1, 1, 1, '2018-11-15 08:35:05', '2018-11-15 08:35:05', 1, 1),
(182, 50, 62, 1, 1, 1, 1, '2018-11-15 08:35:05', '2018-11-15 08:35:05', 1, 1),
(183, 50, 63, 1, 1, 1, 1, '2018-11-15 08:35:05', '2018-11-15 08:35:05', 1, 1),
(184, 50, 64, 1, 1, 1, 1, '2018-11-15 08:35:05', '2018-11-15 08:35:05', 1, 1),
(185, 50, 65, 1, 1, 1, 1, '2018-11-15 08:35:05', '2018-11-15 08:35:05', 1, 1),
(186, 50, 66, 1, 1, 1, 1, '2018-11-15 08:35:05', '2018-11-15 08:35:05', 1, 1),
(187, 50, 67, 1, 1, 1, 1, '2018-11-15 08:35:05', '2018-11-15 08:35:05', 1, 1),
(188, 50, 68, 1, 1, 1, 1, '2018-11-15 08:35:05', '2018-11-15 08:35:05', 1, 1),
(189, 51, 1, 1, 1, 1, 1, '2018-11-15 10:21:49', '2018-11-15 10:21:49', 1, 1),
(190, 51, 51, 1, 1, 1, 1, '2018-11-15 10:21:49', '2018-11-15 10:21:49', 1, 1),
(191, 51, 52, 1, 1, 1, 1, '2018-11-15 10:21:49', '2018-11-15 10:21:49', 1, 1),
(192, 51, 53, 1, 1, 1, 1, '2018-11-15 10:21:49', '2018-11-15 10:21:49', 1, 1),
(193, 51, 54, 1, 1, 1, 1, '2018-11-15 10:21:49', '2018-11-15 10:21:49', 1, 1),
(194, 51, 55, 1, 1, 1, 1, '2018-11-15 10:21:49', '2018-11-15 10:21:49', 1, 1),
(195, 51, 56, 1, 1, 1, 1, '2018-11-15 10:21:49', '2018-11-15 10:21:49', 1, 1),
(196, 51, 57, 1, 1, 1, 1, '2018-11-15 10:21:49', '2018-11-15 10:21:49', 1, 1),
(197, 51, 58, 1, 1, 1, 1, '2018-11-15 10:21:49', '2018-11-15 10:21:49', 1, 1),
(198, 51, 59, 1, 1, 1, 1, '2018-11-15 10:21:49', '2018-11-15 10:21:49', 1, 1),
(199, 51, 60, 1, 1, 1, 1, '2018-11-15 10:21:49', '2018-11-15 10:21:49', 1, 1),
(200, 51, 61, 1, 1, 1, 1, '2018-11-15 10:21:49', '2018-11-15 10:21:49', 1, 1),
(201, 51, 62, 1, 1, 1, 1, '2018-11-15 10:21:49', '2018-11-15 10:21:49', 1, 1),
(202, 51, 63, 1, 1, 1, 1, '2018-11-15 10:21:49', '2018-11-15 10:21:49', 1, 1),
(203, 51, 64, 1, 1, 1, 1, '2018-11-15 10:21:49', '2018-11-15 10:21:49', 1, 1),
(204, 51, 65, 1, 1, 1, 1, '2018-11-15 10:21:49', '2018-11-15 10:21:49', 1, 1),
(205, 51, 66, 1, 1, 1, 1, '2018-11-15 10:21:49', '2018-11-15 10:21:49', 1, 1),
(206, 51, 67, 1, 1, 1, 1, '2018-11-15 10:21:49', '2018-11-15 10:21:49', 1, 1),
(207, 51, 68, 1, 1, 1, 1, '2018-11-15 10:21:49', '2018-11-15 10:21:49', 1, 1),
(208, 52, 1, 1, 1, 1, 1, '2018-11-16 11:22:54', '2018-11-16 11:22:54', 1, 1),
(209, 52, 51, 1, 1, 1, 1, '2018-11-16 11:22:54', '2018-11-16 11:22:54', 1, 1),
(210, 52, 52, 1, 1, 1, 1, '2018-11-16 11:22:54', '2018-11-16 11:22:54', 1, 1),
(211, 52, 53, 1, 1, 1, 1, '2018-11-16 11:22:54', '2018-11-16 11:22:54', 1, 1),
(212, 52, 54, 1, 1, 1, 1, '2018-11-16 11:22:54', '2018-11-16 11:22:54', 1, 1),
(213, 52, 55, 1, 1, 1, 1, '2018-11-16 11:22:54', '2018-11-16 11:22:54', 1, 1),
(214, 52, 56, 1, 1, 1, 1, '2018-11-16 11:22:54', '2018-11-16 11:22:54', 1, 1),
(215, 52, 57, 1, 1, 1, 1, '2018-11-16 11:22:54', '2018-11-16 11:22:54', 1, 1),
(216, 52, 58, 1, 1, 1, 1, '2018-11-16 11:22:54', '2018-11-16 11:22:54', 1, 1),
(217, 52, 59, 1, 1, 1, 1, '2018-11-16 11:22:54', '2018-11-16 11:22:54', 1, 1),
(218, 52, 60, 1, 1, 1, 1, '2018-11-16 11:22:54', '2018-11-16 11:22:54', 1, 1),
(219, 52, 61, 1, 1, 1, 1, '2018-11-16 11:22:54', '2018-11-16 11:22:54', 1, 1),
(220, 52, 62, 1, 1, 1, 1, '2018-11-16 11:22:54', '2018-11-16 11:22:54', 1, 1),
(221, 52, 63, 1, 1, 1, 1, '2018-11-16 11:22:54', '2018-11-16 11:22:54', 1, 1),
(222, 52, 64, 1, 1, 1, 1, '2018-11-16 11:22:54', '2018-11-16 11:22:54', 1, 1),
(223, 52, 65, 1, 1, 1, 1, '2018-11-16 11:22:54', '2018-11-16 11:22:54', 1, 1),
(224, 52, 66, 1, 1, 1, 1, '2018-11-16 11:22:54', '2018-11-16 11:22:54', 1, 1),
(225, 52, 67, 1, 1, 1, 1, '2018-11-16 11:22:54', '2018-11-16 11:22:54', 1, 1),
(226, 52, 68, 1, 1, 1, 1, '2018-11-16 11:22:54', '2018-11-16 11:22:54', 1, 1),
(227, 53, 1, 1, 1, 1, 1, '2018-11-19 07:30:34', '2018-11-19 07:30:34', 1, 1),
(228, 53, 51, 1, 1, 1, 1, '2018-11-19 07:30:34', '2018-11-19 07:30:34', 1, 1),
(229, 53, 52, 1, 1, 1, 1, '2018-11-19 07:30:34', '2018-11-19 07:30:34', 1, 1),
(230, 53, 53, 1, 1, 1, 1, '2018-11-19 07:30:34', '2018-11-19 07:30:34', 1, 1),
(231, 53, 54, 1, 1, 1, 1, '2018-11-19 07:30:34', '2018-11-19 07:30:34', 1, 1),
(232, 53, 55, 1, 1, 1, 1, '2018-11-19 07:30:34', '2018-11-19 07:30:34', 1, 1),
(233, 53, 56, 1, 1, 1, 1, '2018-11-19 07:30:34', '2018-11-19 07:30:34', 1, 1),
(234, 53, 57, 1, 1, 1, 1, '2018-11-19 07:30:34', '2018-11-19 07:30:34', 1, 1),
(235, 53, 58, 1, 1, 1, 1, '2018-11-19 07:30:34', '2018-11-19 07:30:34', 1, 1),
(236, 53, 59, 1, 1, 1, 1, '2018-11-19 07:30:34', '2018-11-19 07:30:34', 1, 1),
(237, 53, 60, 1, 1, 1, 1, '2018-11-19 07:30:34', '2018-11-19 07:30:34', 1, 1),
(238, 53, 61, 1, 1, 1, 1, '2018-11-19 07:30:34', '2018-11-19 07:30:34', 1, 1),
(239, 53, 62, 1, 1, 1, 1, '2018-11-19 07:30:34', '2018-11-19 07:30:34', 1, 1),
(240, 53, 63, 1, 1, 1, 1, '2018-11-19 07:30:34', '2018-11-19 07:30:34', 1, 1),
(241, 53, 64, 1, 1, 1, 1, '2018-11-19 07:30:34', '2018-11-19 07:30:34', 1, 1),
(242, 53, 65, 1, 1, 1, 1, '2018-11-19 07:30:34', '2018-11-19 07:30:34', 1, 1),
(243, 53, 66, 1, 1, 1, 1, '2018-11-19 07:30:34', '2018-11-19 07:30:34', 1, 1),
(244, 53, 67, 1, 1, 1, 1, '2018-11-19 07:30:34', '2018-11-19 07:30:34', 1, 1),
(245, 53, 68, 1, 1, 1, 1, '2018-11-19 07:30:34', '2018-11-19 07:30:34', 1, 1),
(246, 53, 69, 1, 1, 1, 1, '2018-11-19 07:30:34', '2018-11-19 07:30:34', 1, 1),
(247, 54, 1, 1, 1, 1, 1, '2018-11-22 07:40:38', '2018-11-22 07:40:38', 1, 1),
(248, 54, 51, 1, 1, 1, 1, '2018-11-22 07:40:38', '2018-11-22 07:40:38', 1, 1),
(249, 54, 52, 1, 1, 1, 1, '2018-11-22 07:40:38', '2018-11-22 07:40:38', 1, 1),
(250, 54, 53, 1, 1, 1, 1, '2018-11-22 07:40:38', '2018-11-22 07:40:38', 1, 1),
(251, 54, 54, 1, 1, 1, 1, '2018-11-22 07:40:38', '2018-11-22 07:40:38', 1, 1),
(252, 54, 55, 1, 1, 1, 1, '2018-11-22 07:40:38', '2018-11-22 07:40:38', 1, 1),
(253, 54, 56, 1, 1, 1, 1, '2018-11-22 07:40:38', '2018-11-22 07:40:38', 1, 1),
(254, 54, 57, 1, 1, 1, 1, '2018-11-22 07:40:38', '2018-11-22 07:40:38', 1, 1),
(255, 54, 58, 1, 1, 1, 1, '2018-11-22 07:40:38', '2018-11-22 07:40:38', 1, 1),
(256, 54, 59, 1, 1, 1, 1, '2018-11-22 07:40:38', '2018-11-22 07:40:38', 1, 1),
(257, 54, 60, 1, 1, 1, 1, '2018-11-22 07:40:38', '2018-11-22 07:40:38', 1, 1),
(258, 54, 61, 1, 1, 1, 1, '2018-11-22 07:40:38', '2018-11-22 07:40:38', 1, 1),
(259, 54, 62, 1, 1, 1, 1, '2018-11-22 07:40:38', '2018-11-22 07:40:38', 1, 1),
(260, 54, 63, 1, 1, 1, 1, '2018-11-22 07:40:38', '2018-11-22 07:40:38', 1, 1),
(261, 54, 64, 1, 1, 1, 1, '2018-11-22 07:40:38', '2018-11-22 07:40:38', 1, 1),
(262, 54, 65, 1, 1, 1, 1, '2018-11-22 07:40:38', '2018-11-22 07:40:38', 1, 1),
(263, 54, 66, 1, 1, 1, 1, '2018-11-22 07:40:38', '2018-11-22 07:40:38', 1, 1),
(264, 54, 67, 1, 1, 1, 1, '2018-11-22 07:40:38', '2018-11-22 07:40:38', 1, 1),
(265, 54, 68, 1, 1, 1, 1, '2018-11-22 07:40:38', '2018-11-22 07:40:38', 1, 1),
(266, 54, 69, 1, 1, 1, 1, '2018-11-22 07:40:38', '2018-11-22 07:40:38', 1, 1),
(267, 55, 1, 1, 1, 1, 1, '2018-11-22 13:47:48', '2018-11-22 13:47:48', 1, 1),
(268, 55, 51, 1, 1, 1, 1, '2018-11-22 13:47:48', '2018-11-22 13:47:48', 1, 1),
(269, 55, 52, 1, 1, 1, 1, '2018-11-22 13:47:48', '2018-11-22 13:47:48', 1, 1),
(270, 55, 53, 1, 1, 1, 1, '2018-11-22 13:47:48', '2018-11-22 13:47:48', 1, 1),
(271, 55, 54, 1, 1, 1, 1, '2018-11-22 13:47:48', '2018-11-22 13:47:48', 1, 1),
(272, 55, 55, 1, 1, 1, 1, '2018-11-22 13:47:48', '2018-11-22 13:47:48', 1, 1),
(273, 55, 56, 1, 1, 1, 1, '2018-11-22 13:47:48', '2018-11-22 13:47:48', 1, 1),
(274, 55, 57, 1, 1, 1, 1, '2018-11-22 13:47:48', '2018-11-22 13:47:48', 1, 1),
(275, 55, 58, 1, 1, 1, 1, '2018-11-22 13:47:48', '2018-11-22 13:47:48', 1, 1),
(276, 55, 59, 1, 1, 1, 1, '2018-11-22 13:47:48', '2018-11-22 13:47:48', 1, 1),
(277, 55, 60, 1, 1, 1, 1, '2018-11-22 13:47:48', '2018-11-22 13:47:48', 1, 1),
(278, 55, 61, 1, 1, 1, 1, '2018-11-22 13:47:48', '2018-11-22 13:47:48', 1, 1),
(279, 55, 62, 1, 1, 1, 1, '2018-11-22 13:47:48', '2018-11-22 13:47:48', 1, 1),
(280, 55, 63, 1, 1, 1, 1, '2018-11-22 13:47:48', '2018-11-22 13:47:48', 1, 1),
(281, 55, 64, 1, 1, 1, 1, '2018-11-22 13:47:48', '2018-11-22 13:47:48', 1, 1),
(282, 55, 65, 1, 1, 1, 1, '2018-11-22 13:47:48', '2018-11-22 13:47:48', 1, 1),
(283, 55, 66, 1, 1, 1, 1, '2018-11-22 13:47:48', '2018-11-22 13:47:48', 1, 1),
(284, 55, 67, 1, 1, 1, 1, '2018-11-22 13:47:48', '2018-11-22 13:47:48', 1, 1),
(285, 55, 68, 1, 1, 1, 1, '2018-11-22 13:47:48', '2018-11-22 13:47:48', 1, 1),
(286, 55, 69, 1, 1, 1, 1, '2018-11-22 13:47:48', '2018-11-22 13:47:48', 1, 1),
(287, 56, 1, 1, 1, 1, 1, '2018-11-26 12:55:27', '2018-11-26 12:55:27', 1, 1),
(288, 56, 51, 1, 1, 1, 1, '2018-11-26 12:55:27', '2018-11-26 12:55:27', 1, 1),
(289, 56, 52, 1, 1, 1, 1, '2018-11-26 12:55:27', '2018-11-26 12:55:27', 1, 1),
(290, 56, 53, 1, 1, 1, 1, '2018-11-26 12:55:27', '2018-11-26 12:55:27', 1, 1),
(291, 56, 54, 1, 1, 1, 1, '2018-11-26 12:55:27', '2018-11-26 12:55:27', 1, 1),
(292, 56, 55, 1, 1, 1, 1, '2018-11-26 12:55:27', '2018-11-26 12:55:27', 1, 1),
(293, 56, 56, 1, 1, 1, 1, '2018-11-26 12:55:27', '2018-11-26 12:55:27', 1, 1),
(294, 56, 57, 1, 1, 1, 1, '2018-11-26 12:55:27', '2018-11-26 12:55:27', 1, 1),
(295, 56, 58, 1, 1, 1, 1, '2018-11-26 12:55:27', '2018-11-26 12:55:27', 1, 1),
(296, 56, 59, 1, 1, 1, 1, '2018-11-26 12:55:27', '2018-11-26 12:55:27', 1, 1),
(297, 56, 60, 1, 1, 1, 1, '2018-11-26 12:55:27', '2018-11-26 12:55:27', 1, 1),
(298, 56, 61, 1, 1, 1, 1, '2018-11-26 12:55:27', '2018-11-26 12:55:27', 1, 1),
(299, 56, 62, 1, 1, 1, 1, '2018-11-26 12:55:27', '2018-11-26 12:55:27', 1, 1),
(300, 56, 63, 1, 1, 1, 1, '2018-11-26 12:55:27', '2018-11-26 12:55:27', 1, 1),
(301, 56, 64, 1, 1, 1, 1, '2018-11-26 12:55:27', '2018-11-26 12:55:27', 1, 1),
(302, 56, 65, 1, 1, 1, 1, '2018-11-26 12:55:27', '2018-11-26 12:55:27', 1, 1),
(303, 56, 66, 1, 1, 1, 1, '2018-11-26 12:55:27', '2018-11-26 12:55:27', 1, 1),
(304, 56, 67, 1, 1, 1, 1, '2018-11-26 12:55:27', '2018-11-26 12:55:27', 1, 1),
(305, 56, 68, 1, 1, 1, 1, '2018-11-26 12:55:27', '2018-11-26 12:55:27', 1, 1),
(306, 56, 69, 1, 1, 1, 1, '2018-11-26 12:55:27', '2018-11-26 12:55:27', 1, 1),
(307, 58, 1, 1, 1, 1, 1, '2018-11-27 12:23:51', '2018-11-27 12:23:51', 1, 1),
(308, 58, 51, 1, 1, 1, 1, '2018-11-27 12:23:51', '2018-11-27 12:23:51', 1, 1),
(309, 58, 52, 1, 1, 1, 1, '2018-11-27 12:23:51', '2018-11-27 12:23:51', 1, 1),
(310, 58, 53, 1, 1, 1, 1, '2018-11-27 12:23:51', '2018-11-27 12:23:51', 1, 1),
(311, 58, 54, 1, 1, 1, 1, '2018-11-27 12:23:51', '2018-11-27 12:23:51', 1, 1),
(312, 58, 55, 1, 1, 1, 1, '2018-11-27 12:23:51', '2018-11-27 12:23:51', 1, 1),
(313, 58, 56, 1, 1, 1, 1, '2018-11-27 12:23:51', '2018-11-27 12:23:51', 1, 1),
(314, 58, 57, 1, 1, 1, 1, '2018-11-27 12:23:51', '2018-11-27 12:23:51', 1, 1),
(315, 58, 58, 1, 1, 1, 1, '2018-11-27 12:23:51', '2018-11-27 12:23:51', 1, 1),
(316, 58, 59, 1, 1, 1, 1, '2018-11-27 12:23:51', '2018-11-27 12:23:51', 1, 1),
(317, 58, 60, 1, 1, 1, 1, '2018-11-27 12:23:51', '2018-11-27 12:23:51', 1, 1),
(318, 58, 61, 1, 1, 1, 1, '2018-11-27 12:23:51', '2018-11-27 12:23:51', 1, 1),
(319, 58, 62, 1, 1, 1, 1, '2018-11-27 12:23:51', '2018-11-27 12:23:51', 1, 1),
(320, 58, 63, 1, 1, 1, 1, '2018-11-27 12:23:51', '2018-11-27 12:23:51', 1, 1),
(321, 58, 64, 1, 1, 1, 1, '2018-11-27 12:23:51', '2018-11-27 12:23:51', 1, 1),
(322, 58, 65, 1, 1, 1, 1, '2018-11-27 12:23:51', '2018-11-27 12:23:51', 1, 1),
(323, 58, 66, 1, 1, 1, 1, '2018-11-27 12:23:51', '2018-11-27 12:23:51', 1, 1),
(324, 58, 67, 1, 1, 1, 1, '2018-11-27 12:23:51', '2018-11-27 12:23:51', 1, 1),
(325, 58, 68, 1, 1, 1, 1, '2018-11-27 12:23:51', '2018-11-27 12:23:51', 1, 1),
(326, 58, 69, 1, 1, 1, 1, '2018-11-27 12:23:51', '2018-11-27 12:23:51', 1, 1),
(327, 59, 1, 1, 1, 1, 1, '2018-11-28 09:29:03', '2018-11-28 09:29:03', 1, 1),
(328, 59, 51, 1, 1, 1, 1, '2018-11-28 09:29:03', '2018-11-28 09:29:03', 1, 1),
(329, 59, 52, 1, 1, 1, 1, '2018-11-28 09:29:03', '2018-11-28 09:29:03', 1, 1),
(330, 59, 53, 1, 1, 1, 1, '2018-11-28 09:29:03', '2018-11-28 09:29:03', 1, 1),
(331, 59, 54, 1, 1, 1, 1, '2018-11-28 09:29:03', '2018-11-28 09:29:03', 1, 1),
(332, 59, 55, 1, 1, 1, 1, '2018-11-28 09:29:03', '2018-11-28 09:29:03', 1, 1),
(333, 59, 56, 1, 1, 1, 1, '2018-11-28 09:29:03', '2018-11-28 09:29:03', 1, 1),
(334, 59, 57, 1, 1, 1, 1, '2018-11-28 09:29:03', '2018-11-28 09:29:03', 1, 1),
(335, 59, 58, 1, 1, 1, 1, '2018-11-28 09:29:03', '2018-11-28 09:29:03', 1, 1),
(336, 59, 59, 1, 1, 1, 1, '2018-11-28 09:29:03', '2018-11-28 09:29:03', 1, 1),
(337, 59, 60, 1, 1, 1, 1, '2018-11-28 09:29:03', '2018-11-28 09:29:03', 1, 1),
(338, 59, 61, 1, 1, 1, 1, '2018-11-28 09:29:03', '2018-11-28 09:29:03', 1, 1),
(339, 59, 62, 1, 1, 1, 1, '2018-11-28 09:29:03', '2018-11-28 09:29:03', 1, 1),
(340, 59, 63, 1, 1, 1, 1, '2018-11-28 09:29:03', '2018-11-28 09:29:03', 1, 1),
(341, 59, 64, 1, 1, 1, 1, '2018-11-28 09:29:03', '2018-11-28 09:29:03', 1, 1),
(342, 59, 65, 1, 1, 1, 1, '2018-11-28 09:29:03', '2018-11-28 09:29:03', 1, 1),
(343, 59, 66, 1, 1, 1, 1, '2018-11-28 09:29:03', '2018-11-28 09:29:03', 1, 1),
(344, 59, 67, 1, 1, 1, 1, '2018-11-28 09:29:03', '2018-11-28 09:29:03', 1, 1),
(345, 59, 68, 1, 1, 1, 1, '2018-11-28 09:29:03', '2018-11-28 09:29:03', 1, 1),
(346, 59, 69, 1, 1, 1, 1, '2018-11-28 09:29:03', '2018-11-28 09:29:03', 1, 1),
(347, 60, 1, 1, 1, 1, 1, '2018-11-28 09:31:07', '2018-11-28 09:31:07', 1, 1),
(348, 60, 51, 1, 1, 1, 1, '2018-11-28 09:31:07', '2018-11-28 09:31:07', 1, 1),
(349, 60, 52, 1, 1, 1, 1, '2018-11-28 09:31:07', '2018-11-28 09:31:07', 1, 1),
(350, 60, 53, 1, 1, 1, 1, '2018-11-28 09:31:07', '2018-11-28 09:31:07', 1, 1),
(351, 60, 54, 1, 1, 1, 1, '2018-11-28 09:31:07', '2018-11-28 09:31:07', 1, 1),
(352, 60, 55, 1, 1, 1, 1, '2018-11-28 09:31:07', '2018-11-28 09:31:07', 1, 1),
(353, 60, 56, 1, 1, 1, 1, '2018-11-28 09:31:07', '2018-11-28 09:31:07', 1, 1),
(354, 60, 57, 1, 1, 1, 1, '2018-11-28 09:31:07', '2018-11-28 09:31:07', 1, 1),
(355, 60, 58, 1, 1, 1, 1, '2018-11-28 09:31:07', '2018-11-28 09:31:07', 1, 1),
(356, 60, 59, 1, 1, 1, 1, '2018-11-28 09:31:07', '2018-11-28 09:31:07', 1, 1),
(357, 60, 60, 1, 1, 1, 1, '2018-11-28 09:31:07', '2018-11-28 09:31:07', 1, 1),
(358, 60, 61, 1, 1, 1, 1, '2018-11-28 09:31:07', '2018-11-28 09:31:07', 1, 1),
(359, 60, 62, 1, 1, 1, 1, '2018-11-28 09:31:07', '2018-11-28 09:31:07', 1, 1),
(360, 60, 63, 1, 1, 1, 1, '2018-11-28 09:31:07', '2018-11-28 09:31:07', 1, 1),
(361, 60, 64, 1, 1, 1, 1, '2018-11-28 09:31:07', '2018-11-28 09:31:07', 1, 1),
(362, 60, 65, 1, 1, 1, 1, '2018-11-28 09:31:07', '2018-11-28 09:31:07', 1, 1),
(363, 60, 66, 1, 1, 1, 1, '2018-11-28 09:31:07', '2018-11-28 09:31:07', 1, 1),
(364, 60, 67, 1, 1, 1, 1, '2018-11-28 09:31:07', '2018-11-28 09:31:07', 1, 1),
(365, 60, 68, 1, 1, 1, 1, '2018-11-28 09:31:07', '2018-11-28 09:31:07', 1, 1),
(366, 60, 69, 1, 1, 1, 1, '2018-11-28 09:31:07', '2018-11-28 09:31:07', 1, 1),
(367, 61, 1, 1, 1, 1, 1, '2018-11-28 09:32:02', '2018-11-28 09:32:02', 1, 1),
(368, 61, 51, 1, 1, 1, 1, '2018-11-28 09:32:02', '2018-11-28 09:32:02', 1, 1),
(369, 61, 52, 1, 1, 1, 1, '2018-11-28 09:32:02', '2018-11-28 09:32:02', 1, 1),
(370, 61, 53, 1, 1, 1, 1, '2018-11-28 09:32:02', '2018-11-28 09:32:02', 1, 1),
(371, 61, 54, 1, 1, 1, 1, '2018-11-28 09:32:02', '2018-11-28 09:32:02', 1, 1),
(372, 61, 55, 1, 1, 1, 1, '2018-11-28 09:32:02', '2018-11-28 09:32:02', 1, 1),
(373, 61, 56, 1, 1, 1, 1, '2018-11-28 09:32:02', '2018-11-28 09:32:02', 1, 1),
(374, 61, 57, 1, 1, 1, 1, '2018-11-28 09:32:02', '2018-11-28 09:32:02', 1, 1),
(375, 61, 58, 1, 1, 1, 1, '2018-11-28 09:32:02', '2018-11-28 09:32:02', 1, 1),
(376, 61, 59, 1, 1, 1, 1, '2018-11-28 09:32:02', '2018-11-28 09:32:02', 1, 1),
(377, 61, 60, 1, 1, 1, 1, '2018-11-28 09:32:02', '2018-11-28 09:32:02', 1, 1),
(378, 61, 61, 1, 1, 1, 1, '2018-11-28 09:32:02', '2018-11-28 09:32:02', 1, 1),
(379, 61, 62, 1, 1, 1, 1, '2018-11-28 09:32:02', '2018-11-28 09:32:02', 1, 1),
(380, 61, 63, 1, 1, 1, 1, '2018-11-28 09:32:02', '2018-11-28 09:32:02', 1, 1),
(381, 61, 64, 1, 1, 1, 1, '2018-11-28 09:32:02', '2018-11-28 09:32:02', 1, 1),
(382, 61, 65, 1, 1, 1, 1, '2018-11-28 09:32:02', '2018-11-28 09:32:02', 1, 1),
(383, 61, 66, 1, 1, 1, 1, '2018-11-28 09:32:02', '2018-11-28 09:32:02', 1, 1),
(384, 61, 67, 1, 1, 1, 1, '2018-11-28 09:32:02', '2018-11-28 09:32:02', 1, 1),
(385, 61, 68, 1, 1, 1, 1, '2018-11-28 09:32:02', '2018-11-28 09:32:02', 1, 1),
(386, 61, 69, 1, 1, 1, 1, '2018-11-28 09:32:02', '2018-11-28 09:32:02', 1, 1),
(387, 62, 1, 1, 1, 1, 1, '2018-11-30 08:20:18', '2018-11-30 08:20:18', 1, 1),
(388, 62, 77, 1, 1, 1, 1, '2018-11-30 08:20:18', '2018-11-30 08:20:18', 1, 1),
(389, 62, 78, 1, 1, 1, 1, '2018-11-30 08:20:18', '2018-11-30 08:20:18', 1, 1),
(390, 62, 79, 1, 1, 1, 1, '2018-11-30 08:20:18', '2018-11-30 08:20:18', 1, 1),
(391, 62, 80, 1, 1, 1, 1, '2018-11-30 08:20:18', '2018-11-30 08:20:18', 1, 1),
(392, 63, 1, 1, 1, 1, 1, '2018-11-30 08:24:03', '2018-11-30 08:24:03', 1, 1),
(393, 63, 77, 1, 1, 1, 1, '2018-11-30 08:24:03', '2018-11-30 08:24:03', 1, 1),
(394, 63, 78, 1, 1, 1, 1, '2018-11-30 08:24:03', '2018-11-30 08:24:03', 1, 1),
(395, 63, 79, 1, 1, 1, 1, '2018-11-30 08:24:03', '2018-11-30 08:24:03', 1, 1),
(396, 63, 80, 1, 1, 1, 1, '2018-11-30 08:24:03', '2018-11-30 08:24:03', 1, 1),
(397, 64, 1, 1, 1, 1, 1, '2018-11-30 08:28:16', '2018-11-30 08:28:16', 1, 1),
(398, 64, 77, 1, 1, 1, 1, '2018-11-30 08:28:16', '2018-11-30 08:28:16', 1, 1),
(399, 64, 78, 1, 1, 1, 1, '2018-11-30 08:28:16', '2018-11-30 08:28:16', 1, 1),
(400, 64, 79, 1, 1, 1, 1, '2018-11-30 08:28:16', '2018-11-30 08:28:16', 1, 1),
(401, 64, 80, 1, 1, 1, 1, '2018-11-30 08:28:16', '2018-11-30 08:28:16', 1, 1),
(402, 65, 1, 1, 1, 1, 1, '2018-11-30 09:34:59', '2018-11-30 09:34:59', 1, 1),
(403, 65, 77, 1, 1, 1, 1, '2018-11-30 09:34:59', '2018-11-30 09:34:59', 1, 1),
(404, 65, 78, 1, 1, 1, 1, '2018-11-30 09:34:59', '2018-11-30 09:34:59', 1, 1),
(405, 65, 79, 1, 1, 1, 1, '2018-11-30 09:34:59', '2018-11-30 09:34:59', 1, 1),
(406, 65, 80, 1, 1, 1, 1, '2018-11-30 09:34:59', '2018-11-30 09:34:59', 1, 1),
(407, 66, 1, 1, 1, 1, 1, '2018-11-30 09:37:50', '2018-11-30 09:37:50', 1, 1),
(408, 66, 77, 1, 1, 1, 1, '2018-11-30 09:37:50', '2018-11-30 09:37:50', 1, 1),
(409, 66, 78, 1, 1, 1, 1, '2018-11-30 09:37:50', '2018-11-30 09:37:50', 1, 1),
(410, 66, 79, 1, 1, 1, 1, '2018-11-30 09:37:50', '2018-11-30 09:37:50', 1, 1),
(411, 66, 80, 1, 1, 1, 1, '2018-11-30 09:37:50', '2018-11-30 09:37:50', 1, 1),
(412, 67, 1, 1, 1, 1, 1, '2018-12-11 06:50:04', '2018-12-11 06:50:04', 1, 1),
(413, 67, 77, 1, 1, 1, 1, '2018-12-11 06:50:04', '2018-12-11 06:50:04', 1, 1),
(414, 67, 78, 1, 1, 1, 1, '2018-12-11 06:50:04', '2018-12-11 06:50:04', 1, 1),
(415, 67, 79, 1, 1, 1, 1, '2018-12-11 06:50:04', '2018-12-11 06:50:04', 1, 1),
(416, 67, 80, 1, 1, 1, 1, '2018-12-11 06:50:04', '2018-12-11 06:50:04', 1, 1),
(417, 67, 81, 1, 1, 1, 1, '2018-12-11 06:50:04', '2018-12-11 06:50:04', 1, 1),
(418, 67, 82, 1, 1, 1, 1, '2018-12-11 06:50:04', '2018-12-11 06:50:04', 1, 1),
(419, 67, 83, 1, 1, 1, 1, '2018-12-11 06:50:04', '2018-12-11 06:50:04', 1, 1),
(420, 68, 1, 1, 1, 1, 1, '2018-12-11 06:51:20', '2018-12-11 06:51:20', 1, 1),
(421, 68, 77, 1, 1, 1, 1, '2018-12-11 06:51:20', '2018-12-11 06:51:20', 1, 1),
(422, 68, 78, 1, 1, 1, 1, '2018-12-11 06:51:20', '2018-12-11 06:51:20', 1, 1),
(423, 68, 79, 1, 1, 1, 1, '2018-12-11 06:51:20', '2018-12-11 06:51:20', 1, 1),
(424, 68, 80, 1, 1, 1, 1, '2018-12-11 06:51:20', '2018-12-11 06:51:20', 1, 1),
(425, 68, 81, 1, 1, 1, 1, '2018-12-11 06:51:20', '2018-12-11 06:51:20', 1, 1),
(426, 68, 82, 1, 1, 1, 1, '2018-12-11 06:51:20', '2018-12-11 06:51:20', 1, 1),
(427, 68, 83, 1, 1, 1, 1, '2018-12-11 06:51:20', '2018-12-11 06:51:20', 1, 1),
(428, 69, 1, 1, 1, 1, 1, '2018-12-11 06:53:12', '2018-12-11 06:53:12', 1, 1),
(429, 69, 77, 1, 1, 1, 1, '2018-12-11 06:53:12', '2018-12-11 06:53:12', 1, 1),
(430, 69, 78, 1, 1, 1, 1, '2018-12-11 06:53:12', '2018-12-11 06:53:12', 1, 1),
(431, 69, 79, 1, 1, 1, 1, '2018-12-11 06:53:12', '2018-12-11 06:53:12', 1, 1),
(432, 69, 80, 1, 1, 1, 1, '2018-12-11 06:53:12', '2018-12-11 06:53:12', 1, 1),
(433, 69, 81, 1, 1, 1, 1, '2018-12-11 06:53:12', '2018-12-11 06:53:12', 1, 1),
(434, 69, 82, 1, 1, 1, 1, '2018-12-11 06:53:12', '2018-12-11 06:53:12', 1, 1),
(435, 69, 83, 1, 1, 1, 1, '2018-12-11 06:53:12', '2018-12-11 06:53:12', 1, 1),
(436, 70, 1, 1, 1, 1, 1, '2018-12-11 06:59:04', '2018-12-11 06:59:04', 1, 1),
(437, 70, 77, 1, 1, 1, 1, '2018-12-11 06:59:04', '2018-12-11 06:59:04', 1, 1),
(438, 70, 78, 1, 1, 1, 1, '2018-12-11 06:59:04', '2018-12-11 06:59:04', 1, 1),
(439, 70, 79, 1, 1, 1, 1, '2018-12-11 06:59:04', '2018-12-11 06:59:04', 1, 1),
(440, 70, 80, 1, 1, 1, 1, '2018-12-11 06:59:04', '2018-12-11 06:59:04', 1, 1),
(441, 70, 81, 1, 1, 1, 1, '2018-12-11 06:59:04', '2018-12-11 06:59:04', 1, 1),
(442, 70, 82, 1, 1, 1, 1, '2018-12-11 06:59:04', '2018-12-11 06:59:04', 1, 1),
(443, 70, 83, 1, 1, 1, 1, '2018-12-11 06:59:04', '2018-12-11 06:59:04', 1, 1),
(444, 44, 1, 1, 1, 1, 1, '2018-12-17 07:07:41', '2018-12-20 08:27:27', 1, 1),
(445, 44, 77, 1, 1, 1, 1, '2018-12-17 07:07:41', '2018-12-17 07:07:41', 1, 1),
(446, 44, 78, 1, 1, 1, 1, '2018-12-17 07:07:41', '2018-12-17 07:07:41', 1, 1),
(447, 44, 79, 1, 1, 1, 1, '2018-12-17 07:07:41', '2018-12-17 07:07:41', 1, 1),
(448, 44, 80, 1, 1, 1, 1, '2018-12-17 07:07:41', '2018-12-17 07:07:41', 1, 1),
(449, 44, 81, 1, 1, 1, 1, '2018-12-17 07:07:41', '2018-12-17 07:07:41', 1, 1),
(450, 44, 82, 1, 1, 1, 1, '2018-12-17 07:07:41', '2018-12-17 07:07:41', 1, 1),
(451, 44, 83, 1, 1, 1, 1, '2018-12-17 07:07:41', '2018-12-17 07:07:41', 1, 1),
(452, 44, 85, 0, 0, 0, 0, '2018-12-17 07:07:41', '2018-12-17 07:07:41', 1, 1),
(453, 44, 86, 0, 0, 0, 0, '2018-12-17 07:07:41', '2018-12-17 07:07:41', 1, 1),
(454, 44, 87, 0, 0, 0, 0, '2018-12-17 07:07:41', '2019-03-06 07:55:18', 1, 1),
(455, 45, 1, 1, 1, 1, 1, '2018-12-19 05:54:48', '2018-12-19 05:54:48', 1, 1),
(456, 45, 90, 0, 0, 0, 0, '2018-12-19 05:54:48', '2018-12-19 05:54:48', 1, 1),
(457, 45, 91, 0, 0, 0, 0, '2018-12-19 05:54:48', '2018-12-19 05:54:48', 1, 1),
(458, 45, 92, 0, 0, 0, 0, '2018-12-19 05:54:48', '2018-12-19 05:54:48', 1, 1),
(459, 45, 93, 0, 0, 0, 0, '2018-12-19 05:54:48', '2018-12-19 05:54:48', 1, 1),
(460, 45, 94, 0, 0, 0, 0, '2018-12-19 05:54:48', '2018-12-19 05:54:48', 1, 1),
(461, 45, 95, 0, 0, 0, 0, '2018-12-19 05:54:48', '2018-12-19 05:54:48', 1, 1),
(462, 45, 96, 0, 0, 0, 0, '2018-12-19 05:54:48', '2018-12-19 05:54:48', 1, 1),
(463, 45, 97, 0, 0, 0, 0, '2018-12-19 05:54:48', '2018-12-19 05:54:48', 1, 1),
(464, 45, 98, 0, 0, 0, 0, '2018-12-19 05:54:48', '2018-12-19 05:54:48', 1, 1),
(465, 45, 99, 0, 0, 0, 0, '2018-12-19 05:54:48', '2018-12-19 05:54:48', 1, 1),
(466, 45, 100, 0, 0, 0, 0, '2018-12-19 05:54:48', '2018-12-19 05:54:48', 1, 1),
(467, 45, 101, 0, 0, 0, 0, '2018-12-19 05:54:48', '2018-12-19 05:54:48', 1, 1),
(468, 45, 102, 0, 0, 0, 0, '2018-12-19 05:54:48', '2018-12-19 05:54:48', 1, 1),
(469, 45, 103, 0, 0, 0, 0, '2018-12-19 05:54:48', '2018-12-19 05:54:48', 1, 1),
(470, 45, 104, 0, 0, 0, 0, '2018-12-19 05:54:48', '2018-12-19 05:54:48', 1, 1),
(471, 45, 105, 0, 0, 0, 0, '2018-12-19 05:54:48', '2018-12-19 05:54:48', 1, 1),
(472, 45, 106, 0, 0, 0, 0, '2018-12-19 05:54:48', '2018-12-19 05:54:48', 1, 1),
(473, 45, 107, 0, 0, 0, 0, '2018-12-19 05:54:48', '2018-12-19 05:54:48', 1, 1),
(474, 45, 108, 0, 0, 0, 0, '2018-12-19 05:54:48', '2018-12-19 05:54:48', 1, 1),
(475, 45, 109, 0, 0, 0, 0, '2018-12-19 05:54:48', '2018-12-19 05:54:48', 1, 1),
(476, 46, 1, 1, 1, 1, 1, '2018-12-19 06:36:39', '2018-12-19 06:36:39', 1, 1),
(477, 46, 90, 0, 0, 0, 0, '2018-12-19 06:36:39', '2018-12-19 06:36:39', 1, 1),
(478, 46, 91, 0, 0, 0, 0, '2018-12-19 06:36:39', '2018-12-19 06:36:39', 1, 1),
(479, 46, 92, 0, 0, 0, 0, '2018-12-19 06:36:39', '2018-12-19 06:36:39', 1, 1),
(480, 46, 93, 0, 0, 0, 0, '2018-12-19 06:36:39', '2018-12-19 06:36:39', 1, 1),
(481, 46, 94, 0, 0, 0, 0, '2018-12-19 06:36:39', '2018-12-19 06:36:39', 1, 1),
(482, 46, 95, 0, 0, 0, 0, '2018-12-19 06:36:39', '2018-12-19 06:36:39', 1, 1),
(483, 46, 96, 0, 0, 0, 0, '2018-12-19 06:36:39', '2018-12-19 06:36:39', 1, 1),
(484, 46, 97, 0, 0, 0, 0, '2018-12-19 06:36:39', '2018-12-19 06:36:39', 1, 1),
(485, 46, 98, 0, 0, 0, 0, '2018-12-19 06:36:39', '2018-12-19 06:36:39', 1, 1),
(486, 46, 99, 0, 0, 0, 0, '2018-12-19 06:36:39', '2018-12-19 06:36:39', 1, 1),
(487, 46, 100, 0, 0, 0, 0, '2018-12-19 06:36:39', '2018-12-19 06:36:39', 1, 1),
(488, 46, 101, 0, 0, 0, 0, '2018-12-19 06:36:39', '2018-12-19 06:36:39', 1, 1),
(489, 46, 102, 0, 0, 0, 0, '2018-12-19 06:36:39', '2018-12-19 06:36:39', 1, 1),
(490, 46, 103, 0, 0, 0, 0, '2018-12-19 06:36:39', '2018-12-19 06:36:39', 1, 1),
(491, 46, 104, 0, 0, 0, 0, '2018-12-19 06:36:39', '2018-12-19 06:36:39', 1, 1),
(492, 46, 105, 0, 0, 0, 0, '2018-12-19 06:36:39', '2018-12-19 06:36:39', 1, 1),
(493, 46, 106, 0, 0, 0, 0, '2018-12-19 06:36:39', '2018-12-19 06:36:39', 1, 1),
(494, 46, 107, 0, 0, 0, 0, '2018-12-19 06:36:39', '2018-12-19 06:36:39', 1, 1),
(495, 46, 108, 0, 0, 0, 0, '2018-12-19 06:36:39', '2018-12-19 06:36:39', 1, 1),
(496, 46, 109, 0, 0, 0, 0, '2018-12-19 06:36:39', '2018-12-19 06:36:39', 1, 1),
(497, 1, 114, 1, 1, 1, 1, '2018-12-20 08:09:21', '2018-12-20 08:09:21', 1, 1),
(498, 18, 114, 0, 0, 0, 0, '2018-12-20 08:09:21', '2018-12-20 08:09:21', 1, 1),
(499, 22, 114, 0, 0, 0, 0, '2018-12-20 08:09:21', '2018-12-20 08:09:21', 1, 1),
(500, 23, 114, 0, 0, 0, 0, '2018-12-20 08:09:21', '2018-12-20 08:09:21', 1, 1),
(501, 32, 114, 0, 0, 0, 0, '2018-12-20 08:09:21', '2018-12-20 08:09:21', 1, 1),
(502, 35, 114, 0, 0, 0, 0, '2018-12-20 08:09:21', '2018-12-20 08:09:21', 1, 1),
(503, 36, 114, 0, 0, 0, 0, '2018-12-20 08:09:21', '2018-12-20 08:09:21', 1, 1),
(504, 39, 114, 0, 0, 0, 0, '2018-12-20 08:09:21', '2018-12-20 08:09:21', 1, 1),
(505, 40, 114, 0, 0, 0, 0, '2018-12-20 08:09:21', '2018-12-20 08:09:21', 1, 1),
(506, 43, 114, 0, 0, 0, 0, '2018-12-20 08:09:21', '2018-12-20 08:09:21', 1, 1),
(507, 44, 114, 0, 0, 0, 0, '2018-12-20 08:09:21', '2018-12-20 08:09:21', 1, 1),
(508, 45, 114, 0, 0, 0, 0, '2018-12-20 08:09:21', '2018-12-20 08:09:21', 1, 1),
(509, 46, 114, 0, 0, 0, 0, '2018-12-20 08:09:21', '2018-12-20 08:09:21', 1, 1),
(510, 47, 1, 1, 1, 1, 1, '2018-12-21 09:19:50', '2018-12-21 09:19:50', 1, 1),
(511, 47, 77, 0, 0, 0, 0, '2018-12-21 09:19:50', '2018-12-21 09:19:50', 1, 1),
(512, 47, 90, 0, 0, 0, 0, '2018-12-21 09:19:50', '2018-12-21 09:19:50', 1, 1),
(513, 47, 91, 0, 0, 0, 0, '2018-12-21 09:19:50', '2018-12-21 09:19:50', 1, 1),
(514, 47, 92, 0, 0, 0, 0, '2018-12-21 09:19:50', '2018-12-21 09:19:50', 1, 1),
(515, 47, 93, 0, 0, 0, 0, '2018-12-21 09:19:50', '2018-12-21 09:19:50', 1, 1),
(516, 47, 94, 0, 0, 0, 0, '2018-12-21 09:19:50', '2018-12-21 09:19:50', 1, 1),
(517, 47, 95, 0, 0, 0, 0, '2018-12-21 09:19:50', '2018-12-21 09:19:50', 1, 1),
(518, 47, 96, 0, 0, 0, 0, '2018-12-21 09:19:50', '2018-12-21 09:19:50', 1, 1),
(519, 47, 97, 0, 0, 0, 0, '2018-12-21 09:19:50', '2018-12-21 09:19:50', 1, 1),
(520, 47, 98, 0, 0, 0, 0, '2018-12-21 09:19:50', '2018-12-21 09:19:50', 1, 1),
(521, 47, 99, 0, 0, 0, 0, '2018-12-21 09:19:50', '2018-12-21 09:19:50', 1, 1),
(522, 47, 100, 0, 0, 0, 0, '2018-12-21 09:19:50', '2018-12-21 09:19:50', 1, 1),
(523, 47, 101, 0, 0, 0, 0, '2018-12-21 09:19:50', '2018-12-21 09:19:50', 1, 1),
(524, 47, 102, 0, 0, 0, 0, '2018-12-21 09:19:50', '2018-12-21 09:19:50', 1, 1),
(525, 47, 103, 0, 0, 0, 0, '2018-12-21 09:19:50', '2018-12-21 09:19:50', 1, 1),
(526, 47, 104, 0, 0, 0, 0, '2018-12-21 09:19:50', '2018-12-21 09:19:50', 1, 1),
(527, 47, 105, 0, 0, 0, 0, '2018-12-21 09:19:50', '2018-12-21 09:19:50', 1, 1),
(528, 47, 106, 0, 0, 0, 0, '2018-12-21 09:19:50', '2018-12-21 09:19:50', 1, 1),
(529, 47, 107, 0, 0, 0, 0, '2018-12-21 09:19:50', '2018-12-21 09:19:50', 1, 1),
(530, 47, 108, 0, 0, 0, 0, '2018-12-21 09:19:50', '2018-12-21 09:19:50', 1, 1),
(531, 47, 109, 0, 0, 0, 0, '2018-12-21 09:19:50', '2018-12-21 09:19:50', 1, 1),
(532, 47, 110, 0, 0, 0, 0, '2018-12-21 09:19:50', '2018-12-21 09:19:50', 1, 1),
(533, 47, 111, 0, 0, 0, 0, '2018-12-21 09:19:50', '2018-12-21 09:19:50', 1, 1),
(534, 47, 112, 0, 0, 0, 0, '2018-12-21 09:19:50', '2018-12-21 09:19:50', 1, 1),
(535, 47, 113, 0, 0, 0, 0, '2018-12-21 09:19:50', '2018-12-21 09:19:50', 1, 1),
(536, 47, 114, 0, 0, 0, 0, '2018-12-21 09:19:50', '2018-12-21 09:19:50', 1, 1),
(537, 48, 1, 1, 1, 1, 1, '2018-12-21 09:43:33', '2018-12-21 09:43:33', 1, 1),
(538, 48, 77, 0, 0, 0, 0, '2018-12-21 09:43:33', '2018-12-21 09:43:33', 1, 1),
(539, 48, 90, 0, 0, 0, 0, '2018-12-21 09:43:33', '2018-12-21 09:43:33', 1, 1),
(540, 48, 91, 0, 0, 0, 0, '2018-12-21 09:43:33', '2018-12-21 09:43:33', 1, 1),
(541, 48, 92, 0, 0, 0, 0, '2018-12-21 09:43:33', '2018-12-21 09:43:33', 1, 1),
(542, 48, 93, 0, 0, 0, 0, '2018-12-21 09:43:33', '2018-12-21 09:43:33', 1, 1),
(543, 48, 94, 0, 0, 0, 0, '2018-12-21 09:43:33', '2018-12-21 09:43:33', 1, 1),
(544, 48, 95, 0, 0, 0, 0, '2018-12-21 09:43:33', '2018-12-21 09:43:33', 1, 1),
(545, 48, 96, 0, 0, 0, 0, '2018-12-21 09:43:33', '2018-12-21 09:43:33', 1, 1),
(546, 48, 97, 0, 0, 0, 0, '2018-12-21 09:43:33', '2018-12-21 09:43:33', 1, 1),
(547, 48, 98, 0, 0, 0, 0, '2018-12-21 09:43:33', '2018-12-21 09:43:33', 1, 1),
(548, 48, 99, 0, 0, 0, 0, '2018-12-21 09:43:33', '2018-12-21 09:43:33', 1, 1),
(549, 48, 100, 0, 0, 0, 0, '2018-12-21 09:43:33', '2018-12-21 09:43:33', 1, 1),
(550, 48, 101, 0, 0, 0, 0, '2018-12-21 09:43:33', '2018-12-21 09:43:33', 1, 1),
(551, 48, 102, 0, 0, 0, 0, '2018-12-21 09:43:33', '2018-12-21 09:43:33', 1, 1),
(552, 48, 103, 0, 0, 0, 0, '2018-12-21 09:43:33', '2018-12-21 09:43:33', 1, 1),
(553, 48, 104, 0, 0, 0, 0, '2018-12-21 09:43:33', '2018-12-21 09:43:33', 1, 1),
(554, 48, 105, 0, 0, 0, 0, '2018-12-21 09:43:33', '2018-12-21 09:43:33', 1, 1),
(555, 48, 106, 0, 0, 0, 0, '2018-12-21 09:43:33', '2018-12-21 09:43:33', 1, 1),
(556, 48, 107, 0, 0, 0, 0, '2018-12-21 09:43:33', '2018-12-21 09:43:33', 1, 1),
(557, 48, 108, 0, 0, 0, 0, '2018-12-21 09:43:33', '2018-12-21 09:43:33', 1, 1),
(558, 48, 109, 0, 0, 0, 0, '2018-12-21 09:43:33', '2018-12-21 09:43:33', 1, 1),
(559, 48, 110, 0, 0, 0, 0, '2018-12-21 09:43:33', '2018-12-21 09:43:33', 1, 1),
(560, 48, 111, 0, 0, 0, 0, '2018-12-21 09:43:33', '2018-12-21 09:43:33', 1, 1),
(561, 48, 112, 0, 0, 0, 0, '2018-12-21 09:43:33', '2018-12-21 09:43:33', 1, 1),
(562, 48, 113, 0, 0, 0, 0, '2018-12-21 09:43:33', '2018-12-21 09:43:33', 1, 1),
(563, 48, 114, 0, 0, 0, 0, '2018-12-21 09:43:33', '2018-12-21 09:43:33', 1, 1),
(591, 50, 1, 1, 1, 1, 1, '2018-12-21 09:50:43', '2018-12-21 09:50:43', 1, 1),
(592, 50, 77, 0, 0, 0, 0, '2018-12-21 09:50:43', '2018-12-21 09:50:43', 1, 1),
(593, 50, 90, 0, 0, 0, 0, '2018-12-21 09:50:43', '2018-12-21 09:50:43', 1, 1),
(594, 50, 91, 0, 0, 0, 0, '2018-12-21 09:50:43', '2018-12-21 09:50:43', 1, 1),
(595, 50, 92, 0, 0, 0, 0, '2018-12-21 09:50:43', '2018-12-21 09:50:43', 1, 1),
(596, 50, 93, 0, 0, 0, 0, '2018-12-21 09:50:43', '2018-12-21 09:50:43', 1, 1),
(597, 50, 94, 0, 0, 0, 0, '2018-12-21 09:50:43', '2018-12-21 09:50:43', 1, 1),
(598, 50, 95, 0, 0, 0, 0, '2018-12-21 09:50:43', '2018-12-21 09:50:43', 1, 1),
(599, 50, 96, 0, 0, 0, 0, '2018-12-21 09:50:43', '2018-12-21 09:50:43', 1, 1),
(600, 50, 97, 0, 0, 0, 0, '2018-12-21 09:50:43', '2018-12-21 09:50:43', 1, 1),
(601, 50, 98, 0, 0, 0, 0, '2018-12-21 09:50:43', '2018-12-21 09:50:43', 1, 1),
(602, 50, 99, 0, 0, 0, 0, '2018-12-21 09:50:43', '2018-12-21 09:50:43', 1, 1),
(603, 50, 100, 0, 0, 0, 0, '2018-12-21 09:50:43', '2018-12-21 09:50:43', 1, 1),
(604, 50, 101, 0, 0, 0, 0, '2018-12-21 09:50:43', '2018-12-21 09:50:43', 1, 1),
(605, 50, 102, 0, 0, 0, 0, '2018-12-21 09:50:43', '2018-12-21 09:50:43', 1, 1),
(606, 50, 103, 0, 0, 0, 0, '2018-12-21 09:50:43', '2018-12-21 09:50:43', 1, 1),
(607, 50, 104, 0, 0, 0, 0, '2018-12-21 09:50:43', '2018-12-21 09:50:43', 1, 1),
(608, 50, 105, 0, 0, 0, 0, '2018-12-21 09:50:43', '2018-12-21 09:50:43', 1, 1),
(609, 50, 106, 0, 0, 0, 0, '2018-12-21 09:50:43', '2018-12-21 09:50:43', 1, 1),
(610, 50, 107, 0, 0, 0, 0, '2018-12-21 09:50:43', '2018-12-21 09:50:43', 1, 1),
(611, 50, 108, 0, 0, 0, 0, '2018-12-21 09:50:43', '2018-12-21 09:50:43', 1, 1),
(612, 50, 109, 0, 0, 0, 0, '2018-12-21 09:50:43', '2018-12-21 09:50:43', 1, 1),
(613, 50, 110, 0, 0, 0, 0, '2018-12-21 09:50:43', '2018-12-21 09:50:43', 1, 1),
(614, 50, 111, 0, 0, 0, 0, '2018-12-21 09:50:43', '2018-12-21 09:50:43', 1, 1),
(615, 50, 112, 0, 0, 0, 0, '2018-12-21 09:50:43', '2018-12-21 09:50:43', 1, 1),
(616, 50, 113, 0, 0, 0, 0, '2018-12-21 09:50:43', '2018-12-21 09:50:43', 1, 1),
(617, 50, 114, 0, 0, 0, 0, '2018-12-21 09:50:43', '2018-12-21 09:50:43', 1, 1),
(618, 51, 1, 1, 1, 1, 1, '2018-12-21 09:51:27', '2018-12-21 09:51:27', 1, 1),
(619, 51, 77, 0, 0, 0, 0, '2018-12-21 09:51:27', '2018-12-21 09:51:27', 1, 1),
(620, 51, 90, 0, 0, 0, 0, '2018-12-21 09:51:27', '2018-12-21 09:51:27', 1, 1),
(621, 51, 91, 0, 0, 0, 0, '2018-12-21 09:51:27', '2018-12-21 09:51:27', 1, 1),
(622, 51, 92, 0, 0, 0, 0, '2018-12-21 09:51:27', '2018-12-21 09:51:27', 1, 1),
(623, 51, 93, 0, 0, 0, 0, '2018-12-21 09:51:27', '2018-12-21 09:51:27', 1, 1),
(624, 51, 94, 0, 0, 0, 0, '2018-12-21 09:51:27', '2018-12-21 09:51:27', 1, 1),
(625, 51, 95, 0, 0, 0, 0, '2018-12-21 09:51:27', '2018-12-21 09:51:27', 1, 1),
(626, 51, 96, 0, 0, 0, 0, '2018-12-21 09:51:27', '2018-12-21 09:51:27', 1, 1),
(627, 51, 97, 0, 0, 0, 0, '2018-12-21 09:51:27', '2018-12-21 09:51:27', 1, 1),
(628, 51, 98, 0, 0, 0, 0, '2018-12-21 09:51:27', '2018-12-21 09:51:27', 1, 1),
(629, 51, 99, 0, 0, 0, 0, '2018-12-21 09:51:27', '2018-12-21 09:51:27', 1, 1),
(630, 51, 100, 0, 0, 0, 0, '2018-12-21 09:51:27', '2018-12-21 09:51:27', 1, 1),
(631, 51, 101, 0, 0, 0, 0, '2018-12-21 09:51:27', '2018-12-21 09:51:27', 1, 1),
(632, 51, 102, 0, 0, 0, 0, '2018-12-21 09:51:27', '2018-12-21 09:51:27', 1, 1),
(633, 51, 103, 0, 0, 0, 0, '2018-12-21 09:51:27', '2018-12-21 09:51:27', 1, 1),
(634, 51, 104, 0, 0, 0, 0, '2018-12-21 09:51:27', '2018-12-21 09:51:27', 1, 1),
(635, 51, 105, 0, 0, 0, 0, '2018-12-21 09:51:27', '2018-12-21 09:51:27', 1, 1),
(636, 51, 106, 0, 0, 0, 0, '2018-12-21 09:51:27', '2018-12-21 09:51:27', 1, 1),
(637, 51, 107, 0, 0, 0, 0, '2018-12-21 09:51:27', '2018-12-21 09:51:27', 1, 1),
(638, 51, 108, 0, 0, 0, 0, '2018-12-21 09:51:27', '2018-12-21 09:51:27', 1, 1),
(639, 51, 109, 0, 0, 0, 0, '2018-12-21 09:51:27', '2018-12-21 09:51:27', 1, 1),
(640, 51, 110, 0, 0, 0, 0, '2018-12-21 09:51:27', '2018-12-21 09:51:27', 1, 1),
(641, 51, 111, 0, 0, 0, 0, '2018-12-21 09:51:27', '2018-12-21 09:51:27', 1, 1),
(642, 51, 112, 0, 0, 0, 0, '2018-12-21 09:51:27', '2018-12-21 09:51:27', 1, 1),
(643, 51, 113, 0, 0, 0, 0, '2018-12-21 09:51:27', '2018-12-21 09:51:27', 1, 1),
(644, 51, 114, 0, 0, 0, 0, '2018-12-21 09:51:27', '2018-12-21 09:51:27', 1, 1),
(645, 52, 1, 1, 1, 1, 1, '2018-12-21 09:52:06', '2018-12-21 09:52:06', 1, 1),
(646, 52, 77, 0, 0, 0, 0, '2018-12-21 09:52:06', '2018-12-21 09:52:06', 1, 1),
(647, 52, 90, 0, 0, 0, 0, '2018-12-21 09:52:06', '2018-12-21 09:52:06', 1, 1),
(648, 52, 91, 0, 0, 0, 0, '2018-12-21 09:52:06', '2018-12-21 09:52:06', 1, 1),
(649, 52, 92, 0, 0, 0, 0, '2018-12-21 09:52:06', '2018-12-21 09:52:06', 1, 1),
(650, 52, 93, 0, 0, 0, 0, '2018-12-21 09:52:06', '2018-12-21 09:52:06', 1, 1),
(651, 52, 94, 0, 0, 0, 0, '2018-12-21 09:52:06', '2018-12-21 09:52:06', 1, 1),
(652, 52, 95, 0, 0, 0, 0, '2018-12-21 09:52:06', '2018-12-21 09:52:06', 1, 1),
(653, 52, 96, 0, 0, 0, 0, '2018-12-21 09:52:06', '2018-12-21 09:52:06', 1, 1),
(654, 52, 97, 0, 0, 0, 0, '2018-12-21 09:52:06', '2018-12-21 09:52:06', 1, 1),
(655, 52, 98, 0, 0, 0, 0, '2018-12-21 09:52:06', '2018-12-21 09:52:06', 1, 1),
(656, 52, 99, 0, 0, 0, 0, '2018-12-21 09:52:06', '2018-12-21 09:52:06', 1, 1),
(657, 52, 100, 0, 0, 0, 0, '2018-12-21 09:52:06', '2018-12-21 09:52:06', 1, 1),
(658, 52, 101, 0, 0, 0, 0, '2018-12-21 09:52:06', '2018-12-21 09:52:06', 1, 1),
(659, 52, 102, 0, 0, 0, 0, '2018-12-21 09:52:06', '2018-12-21 09:52:06', 1, 1),
(660, 52, 103, 0, 0, 0, 0, '2018-12-21 09:52:06', '2018-12-21 09:52:06', 1, 1),
(661, 52, 104, 0, 0, 0, 0, '2018-12-21 09:52:06', '2018-12-21 09:52:06', 1, 1),
(662, 52, 105, 0, 0, 0, 0, '2018-12-21 09:52:06', '2018-12-21 09:52:06', 1, 1),
(663, 52, 106, 0, 0, 0, 0, '2018-12-21 09:52:06', '2018-12-21 09:52:06', 1, 1),
(664, 52, 107, 0, 0, 0, 0, '2018-12-21 09:52:06', '2018-12-21 09:52:06', 1, 1),
(665, 52, 108, 0, 0, 0, 0, '2018-12-21 09:52:06', '2018-12-21 09:52:06', 1, 1),
(666, 52, 109, 0, 0, 0, 0, '2018-12-21 09:52:06', '2018-12-21 09:52:06', 1, 1),
(667, 52, 110, 0, 0, 0, 0, '2018-12-21 09:52:06', '2018-12-21 09:52:06', 1, 1),
(668, 52, 111, 0, 0, 0, 0, '2018-12-21 09:52:06', '2018-12-21 09:52:06', 1, 1),
(669, 52, 112, 0, 0, 0, 0, '2018-12-21 09:52:06', '2018-12-21 09:52:06', 1, 1),
(670, 52, 113, 0, 0, 0, 0, '2018-12-21 09:52:06', '2018-12-21 09:52:06', 1, 1),
(671, 52, 114, 0, 0, 0, 0, '2018-12-21 09:52:06', '2018-12-21 09:52:06', 1, 1),
(672, 53, 1, 1, 1, 1, 1, '2018-12-21 09:52:39', '2018-12-21 09:52:39', 1, 1),
(673, 53, 77, 0, 0, 0, 0, '2018-12-21 09:52:39', '2018-12-21 09:52:39', 1, 1),
(674, 53, 90, 0, 0, 0, 0, '2018-12-21 09:52:39', '2018-12-21 09:52:39', 1, 1),
(675, 53, 91, 0, 0, 0, 0, '2018-12-21 09:52:39', '2018-12-21 09:52:39', 1, 1),
(676, 53, 92, 0, 0, 0, 0, '2018-12-21 09:52:39', '2018-12-21 09:52:39', 1, 1),
(677, 53, 93, 0, 0, 0, 0, '2018-12-21 09:52:39', '2018-12-21 09:52:39', 1, 1),
(678, 53, 94, 0, 0, 0, 0, '2018-12-21 09:52:39', '2018-12-21 09:52:39', 1, 1),
(679, 53, 95, 0, 0, 0, 0, '2018-12-21 09:52:39', '2018-12-21 09:52:39', 1, 1),
(680, 53, 96, 0, 0, 0, 0, '2018-12-21 09:52:39', '2018-12-21 09:52:39', 1, 1),
(681, 53, 97, 0, 0, 0, 0, '2018-12-21 09:52:39', '2018-12-21 09:52:39', 1, 1),
(682, 53, 98, 0, 0, 0, 0, '2018-12-21 09:52:39', '2018-12-21 09:52:39', 1, 1),
(683, 53, 99, 0, 0, 0, 0, '2018-12-21 09:52:39', '2018-12-21 09:52:39', 1, 1),
(684, 53, 100, 0, 0, 0, 0, '2018-12-21 09:52:39', '2018-12-21 09:52:39', 1, 1),
(685, 53, 101, 0, 0, 0, 0, '2018-12-21 09:52:39', '2018-12-21 09:52:39', 1, 1),
(686, 53, 102, 0, 0, 0, 0, '2018-12-21 09:52:39', '2018-12-21 09:52:39', 1, 1),
(687, 53, 103, 0, 0, 0, 0, '2018-12-21 09:52:39', '2018-12-21 09:52:39', 1, 1),
(688, 53, 104, 0, 0, 0, 0, '2018-12-21 09:52:39', '2018-12-21 09:52:39', 1, 1),
(689, 53, 105, 0, 0, 0, 0, '2018-12-21 09:52:39', '2018-12-21 09:52:39', 1, 1),
(690, 53, 106, 0, 0, 0, 0, '2018-12-21 09:52:39', '2018-12-21 09:52:39', 1, 1),
(691, 53, 107, 0, 0, 0, 0, '2018-12-21 09:52:39', '2018-12-21 09:52:39', 1, 1),
(692, 53, 108, 0, 0, 0, 0, '2018-12-21 09:52:39', '2018-12-21 09:52:39', 1, 1),
(693, 53, 109, 0, 0, 0, 0, '2018-12-21 09:52:39', '2018-12-21 09:52:39', 1, 1),
(694, 53, 110, 0, 0, 0, 0, '2018-12-21 09:52:39', '2018-12-21 09:52:39', 1, 1),
(695, 53, 111, 0, 0, 0, 0, '2018-12-21 09:52:39', '2018-12-21 09:52:39', 1, 1),
(696, 53, 112, 0, 0, 0, 0, '2018-12-21 09:52:39', '2018-12-21 09:52:39', 1, 1),
(697, 53, 113, 0, 0, 0, 0, '2018-12-21 09:52:39', '2018-12-21 09:52:39', 1, 1),
(698, 53, 114, 0, 0, 0, 0, '2018-12-21 09:52:39', '2018-12-21 09:52:39', 1, 1),
(699, 54, 1, 1, 1, 1, 1, '2018-12-21 11:00:54', '2018-12-21 11:00:54', 1, 1),
(700, 54, 77, 0, 0, 0, 0, '2018-12-21 11:00:54', '2018-12-21 11:00:54', 1, 1),
(701, 54, 90, 0, 0, 0, 0, '2018-12-21 11:00:54', '2018-12-21 11:00:54', 1, 1),
(702, 54, 91, 0, 0, 0, 0, '2018-12-21 11:00:54', '2018-12-21 11:00:54', 1, 1),
(703, 54, 92, 0, 0, 0, 0, '2018-12-21 11:00:54', '2018-12-21 11:00:54', 1, 1),
(704, 54, 93, 0, 0, 0, 0, '2018-12-21 11:00:54', '2018-12-21 11:00:54', 1, 1),
(705, 54, 94, 0, 0, 0, 0, '2018-12-21 11:00:54', '2018-12-21 11:00:54', 1, 1),
(706, 54, 95, 0, 0, 0, 0, '2018-12-21 11:00:54', '2018-12-21 11:00:54', 1, 1),
(707, 54, 96, 0, 0, 0, 0, '2018-12-21 11:00:54', '2018-12-21 11:00:54', 1, 1),
(708, 54, 97, 0, 0, 0, 0, '2018-12-21 11:00:54', '2018-12-21 11:00:54', 1, 1),
(709, 54, 98, 0, 0, 0, 0, '2018-12-21 11:00:54', '2018-12-21 11:00:54', 1, 1),
(710, 54, 99, 0, 0, 0, 0, '2018-12-21 11:00:54', '2018-12-21 11:00:54', 1, 1),
(711, 54, 100, 0, 0, 0, 0, '2018-12-21 11:00:54', '2018-12-21 11:00:54', 1, 1),
(712, 54, 101, 0, 0, 0, 0, '2018-12-21 11:00:54', '2018-12-21 11:00:54', 1, 1),
(713, 54, 102, 0, 0, 0, 0, '2018-12-21 11:00:54', '2018-12-21 11:00:54', 1, 1),
(714, 54, 103, 0, 0, 0, 0, '2018-12-21 11:00:54', '2018-12-21 11:00:54', 1, 1),
(715, 54, 104, 0, 0, 0, 0, '2018-12-21 11:00:54', '2018-12-21 11:00:54', 1, 1),
(716, 54, 105, 0, 0, 0, 0, '2018-12-21 11:00:54', '2018-12-21 11:00:54', 1, 1),
(717, 54, 106, 0, 0, 0, 0, '2018-12-21 11:00:54', '2018-12-21 11:00:54', 1, 1),
(718, 54, 107, 0, 0, 0, 0, '2018-12-21 11:00:54', '2018-12-21 11:00:54', 1, 1),
(719, 54, 108, 0, 0, 0, 0, '2018-12-21 11:00:54', '2018-12-21 11:00:54', 1, 1),
(720, 54, 109, 0, 0, 0, 0, '2018-12-21 11:00:54', '2018-12-21 11:00:54', 1, 1),
(721, 54, 110, 0, 0, 0, 0, '2018-12-21 11:00:54', '2018-12-21 11:00:54', 1, 1),
(722, 54, 111, 0, 0, 0, 0, '2018-12-21 11:00:54', '2018-12-21 11:00:54', 1, 1),
(723, 54, 112, 0, 0, 0, 0, '2018-12-21 11:00:54', '2018-12-21 11:00:54', 1, 1),
(724, 54, 113, 0, 0, 0, 0, '2018-12-21 11:00:54', '2018-12-21 11:00:54', 1, 1),
(725, 54, 114, 0, 0, 0, 0, '2018-12-21 11:00:54', '2018-12-21 11:00:54', 1, 1),
(726, 55, 1, 1, 1, 1, 1, '2018-12-24 07:12:54', '2018-12-24 07:12:54', 1, 1),
(727, 55, 77, 0, 0, 0, 0, '2018-12-24 07:12:54', '2018-12-24 07:12:54', 1, 1),
(728, 55, 90, 0, 0, 0, 0, '2018-12-24 07:12:54', '2018-12-24 07:12:54', 1, 1),
(729, 55, 91, 0, 0, 0, 0, '2018-12-24 07:12:54', '2018-12-24 07:12:54', 1, 1),
(730, 55, 92, 0, 0, 0, 0, '2018-12-24 07:12:54', '2018-12-24 07:12:54', 1, 1),
(731, 55, 93, 0, 0, 0, 0, '2018-12-24 07:12:54', '2018-12-24 07:12:54', 1, 1),
(732, 55, 94, 0, 0, 0, 0, '2018-12-24 07:12:54', '2018-12-24 07:12:54', 1, 1),
(733, 55, 95, 0, 0, 0, 0, '2018-12-24 07:12:54', '2018-12-24 07:12:54', 1, 1),
(734, 55, 96, 0, 0, 0, 0, '2018-12-24 07:12:54', '2018-12-24 07:12:54', 1, 1),
(735, 55, 97, 0, 0, 0, 0, '2018-12-24 07:12:54', '2018-12-24 07:12:54', 1, 1),
(736, 55, 98, 0, 0, 0, 0, '2018-12-24 07:12:54', '2018-12-24 07:12:54', 1, 1),
(737, 55, 99, 0, 0, 0, 0, '2018-12-24 07:12:54', '2018-12-24 07:12:54', 1, 1),
(738, 55, 100, 0, 0, 0, 0, '2018-12-24 07:12:54', '2018-12-24 07:12:54', 1, 1),
(739, 55, 101, 0, 0, 0, 0, '2018-12-24 07:12:54', '2018-12-24 07:12:54', 1, 1),
(740, 55, 102, 0, 0, 0, 0, '2018-12-24 07:12:54', '2018-12-24 07:12:54', 1, 1),
(741, 55, 103, 0, 0, 0, 0, '2018-12-24 07:12:54', '2018-12-24 07:12:54', 1, 1),
(742, 55, 104, 0, 0, 0, 0, '2018-12-24 07:12:54', '2018-12-24 07:12:54', 1, 1),
(743, 55, 105, 0, 0, 0, 0, '2018-12-24 07:12:54', '2018-12-24 07:12:54', 1, 1),
(744, 55, 106, 0, 0, 0, 0, '2018-12-24 07:12:54', '2018-12-24 07:12:54', 1, 1),
(745, 55, 107, 0, 0, 0, 0, '2018-12-24 07:12:54', '2018-12-24 07:12:54', 1, 1),
(746, 55, 108, 0, 0, 0, 0, '2018-12-24 07:12:54', '2018-12-24 07:12:54', 1, 1),
(747, 55, 109, 0, 0, 0, 0, '2018-12-24 07:12:54', '2018-12-24 07:12:54', 1, 1),
(748, 55, 110, 0, 0, 0, 0, '2018-12-24 07:12:54', '2018-12-24 07:12:54', 1, 1),
(749, 55, 111, 0, 0, 0, 0, '2018-12-24 07:12:54', '2018-12-24 07:12:54', 1, 1),
(750, 55, 112, 0, 0, 0, 0, '2018-12-24 07:12:54', '2018-12-24 07:12:54', 1, 1),
(751, 55, 113, 0, 0, 0, 0, '2018-12-24 07:12:54', '2018-12-24 07:12:54', 1, 1),
(752, 55, 114, 0, 0, 0, 0, '2018-12-24 07:12:54', '2018-12-24 07:12:54', 1, 1),
(753, 55, 115, 0, 0, 0, 0, '2018-12-24 07:12:54', '2018-12-24 07:12:54', 1, 1),
(754, 56, 1, 1, 1, 1, 1, '2018-12-24 08:02:11', '2018-12-24 08:02:11', 1, 1),
(755, 56, 77, 0, 0, 0, 0, '2018-12-24 08:02:11', '2018-12-24 08:02:11', 1, 1),
(756, 56, 90, 0, 0, 0, 0, '2018-12-24 08:02:11', '2018-12-24 08:02:11', 1, 1),
(757, 56, 91, 0, 0, 0, 0, '2018-12-24 08:02:11', '2018-12-24 08:02:11', 1, 1),
(758, 56, 92, 0, 0, 0, 0, '2018-12-24 08:02:11', '2018-12-24 08:02:11', 1, 1),
(759, 56, 93, 0, 0, 0, 0, '2018-12-24 08:02:11', '2018-12-24 08:02:11', 1, 1),
(760, 56, 94, 0, 0, 0, 0, '2018-12-24 08:02:11', '2018-12-24 08:02:11', 1, 1),
(761, 56, 95, 0, 0, 0, 0, '2018-12-24 08:02:11', '2018-12-24 08:02:11', 1, 1),
(762, 56, 96, 0, 0, 0, 0, '2018-12-24 08:02:11', '2018-12-24 08:02:11', 1, 1),
(763, 56, 97, 0, 0, 0, 0, '2018-12-24 08:02:11', '2018-12-24 08:02:11', 1, 1),
(764, 56, 98, 0, 0, 0, 0, '2018-12-24 08:02:11', '2018-12-24 08:02:11', 1, 1),
(765, 56, 99, 0, 0, 0, 0, '2018-12-24 08:02:11', '2018-12-24 08:02:11', 1, 1),
(766, 56, 100, 0, 0, 0, 0, '2018-12-24 08:02:11', '2018-12-24 08:02:11', 1, 1),
(767, 56, 101, 0, 0, 0, 0, '2018-12-24 08:02:11', '2018-12-24 08:02:11', 1, 1),
(768, 56, 102, 0, 0, 0, 0, '2018-12-24 08:02:11', '2018-12-24 08:02:11', 1, 1),
(769, 56, 103, 0, 0, 0, 0, '2018-12-24 08:02:11', '2018-12-24 08:02:11', 1, 1),
(770, 56, 104, 0, 0, 0, 0, '2018-12-24 08:02:11', '2018-12-24 08:02:11', 1, 1),
(771, 56, 105, 0, 0, 0, 0, '2018-12-24 08:02:11', '2018-12-24 08:02:11', 1, 1),
(772, 56, 106, 0, 0, 0, 0, '2018-12-24 08:02:11', '2018-12-24 08:02:11', 1, 1),
(773, 56, 107, 0, 0, 0, 0, '2018-12-24 08:02:11', '2018-12-24 08:02:11', 1, 1),
(774, 56, 108, 0, 0, 0, 0, '2018-12-24 08:02:11', '2018-12-24 08:02:11', 1, 1),
(775, 56, 109, 0, 0, 0, 0, '2018-12-24 08:02:11', '2018-12-24 08:02:11', 1, 1),
(776, 56, 110, 0, 0, 0, 0, '2018-12-24 08:02:11', '2018-12-24 08:02:11', 1, 1),
(777, 56, 111, 0, 0, 0, 0, '2018-12-24 08:02:11', '2018-12-24 08:02:11', 1, 1),
(778, 56, 112, 0, 0, 0, 0, '2018-12-24 08:02:11', '2018-12-24 08:02:11', 1, 1),
(779, 56, 113, 0, 0, 0, 0, '2018-12-24 08:02:11', '2018-12-24 08:02:11', 1, 1),
(780, 56, 114, 0, 0, 0, 0, '2018-12-24 08:02:11', '2018-12-24 08:02:11', 1, 1),
(781, 56, 115, 0, 0, 0, 0, '2018-12-24 08:02:11', '2018-12-24 08:02:11', 1, 1),
(782, 57, 1, 1, 1, 1, 1, '2018-12-26 07:06:18', '2018-12-26 07:06:18', 1, 1),
(783, 57, 77, 0, 0, 0, 0, '2018-12-26 07:06:18', '2018-12-26 07:06:18', 1, 1),
(784, 57, 90, 0, 0, 0, 0, '2018-12-26 07:06:18', '2018-12-26 07:06:18', 1, 1),
(785, 57, 91, 0, 0, 0, 0, '2018-12-26 07:06:18', '2018-12-26 07:06:18', 1, 1),
(786, 57, 92, 0, 0, 0, 0, '2018-12-26 07:06:18', '2018-12-26 07:06:18', 1, 1),
(787, 57, 93, 0, 0, 0, 0, '2018-12-26 07:06:18', '2018-12-26 07:06:18', 1, 1);
INSERT INTO `modules_users_rights` (`ModuleRightID`, `ModuleID`, `UserID`, `CanView`, `CanAdd`, `CanEdit`, `CanDelete`, `CreatedAt`, `UpdatedAt`, `CreatedBy`, `UpdatedBy`) VALUES
(788, 57, 94, 0, 0, 0, 0, '2018-12-26 07:06:18', '2018-12-26 07:06:18', 1, 1),
(789, 57, 95, 0, 0, 0, 0, '2018-12-26 07:06:18', '2018-12-26 07:06:18', 1, 1),
(790, 57, 96, 0, 0, 0, 0, '2018-12-26 07:06:18', '2018-12-26 07:06:18', 1, 1),
(791, 57, 97, 0, 0, 0, 0, '2018-12-26 07:06:18', '2018-12-26 07:06:18', 1, 1),
(792, 57, 98, 0, 0, 0, 0, '2018-12-26 07:06:18', '2018-12-26 07:06:18', 1, 1),
(793, 57, 99, 0, 0, 0, 0, '2018-12-26 07:06:18', '2018-12-26 07:06:18', 1, 1),
(794, 57, 100, 0, 0, 0, 0, '2018-12-26 07:06:18', '2018-12-26 07:06:18', 1, 1),
(795, 57, 101, 0, 0, 0, 0, '2018-12-26 07:06:18', '2018-12-26 07:06:18', 1, 1),
(796, 57, 102, 0, 0, 0, 0, '2018-12-26 07:06:18', '2018-12-26 07:06:18', 1, 1),
(797, 57, 103, 0, 0, 0, 0, '2018-12-26 07:06:18', '2018-12-26 07:06:18', 1, 1),
(798, 57, 104, 0, 0, 0, 0, '2018-12-26 07:06:18', '2018-12-26 07:06:18', 1, 1),
(799, 57, 105, 0, 0, 0, 0, '2018-12-26 07:06:18', '2018-12-26 07:06:18', 1, 1),
(800, 57, 106, 0, 0, 0, 0, '2018-12-26 07:06:18', '2018-12-26 07:06:18', 1, 1),
(801, 57, 107, 0, 0, 0, 0, '2018-12-26 07:06:18', '2018-12-26 07:06:18', 1, 1),
(802, 57, 108, 0, 0, 0, 0, '2018-12-26 07:06:18', '2018-12-26 07:06:18', 1, 1),
(803, 57, 109, 0, 0, 0, 0, '2018-12-26 07:06:18', '2018-12-26 07:06:18', 1, 1),
(804, 57, 110, 0, 0, 0, 0, '2018-12-26 07:06:18', '2018-12-26 07:06:18', 1, 1),
(805, 57, 111, 0, 0, 0, 0, '2018-12-26 07:06:18', '2018-12-26 07:06:18', 1, 1),
(806, 57, 112, 1, 1, 1, 1, '2018-12-26 07:06:18', '2018-12-26 07:06:18', 1, 1),
(807, 57, 113, 0, 0, 0, 0, '2018-12-26 07:06:18', '2018-12-26 07:06:18', 1, 1),
(808, 57, 114, 0, 0, 0, 0, '2018-12-26 07:06:18', '2018-12-26 07:06:18', 1, 1),
(809, 57, 115, 0, 0, 0, 0, '2018-12-26 07:06:18', '2018-12-26 07:06:18', 1, 1),
(810, 57, 116, 1, 1, 1, 1, '2018-12-26 07:06:18', '2018-12-26 07:06:18', 1, 1),
(811, 58, 1, 1, 1, 1, 1, '2018-12-27 13:38:22', '2018-12-27 13:38:22', 1, 1),
(812, 58, 77, 0, 0, 0, 0, '2018-12-27 13:38:22', '2018-12-27 13:38:22', 1, 1),
(813, 58, 90, 0, 0, 0, 0, '2018-12-27 13:38:22', '2018-12-27 13:38:22', 1, 1),
(814, 58, 91, 0, 0, 0, 0, '2018-12-27 13:38:22', '2018-12-27 13:38:22', 1, 1),
(815, 58, 92, 0, 0, 0, 0, '2018-12-27 13:38:22', '2018-12-27 13:38:22', 1, 1),
(816, 58, 93, 0, 0, 0, 0, '2018-12-27 13:38:22', '2018-12-27 13:38:22', 1, 1),
(817, 58, 94, 0, 0, 0, 0, '2018-12-27 13:38:22', '2018-12-27 13:38:22', 1, 1),
(818, 58, 95, 0, 0, 0, 0, '2018-12-27 13:38:22', '2018-12-27 13:38:22', 1, 1),
(819, 58, 96, 0, 0, 0, 0, '2018-12-27 13:38:22', '2018-12-27 13:38:22', 1, 1),
(820, 58, 97, 0, 0, 0, 0, '2018-12-27 13:38:22', '2018-12-27 13:38:22', 1, 1),
(821, 58, 98, 0, 0, 0, 0, '2018-12-27 13:38:22', '2018-12-27 13:38:22', 1, 1),
(822, 58, 99, 0, 0, 0, 0, '2018-12-27 13:38:22', '2018-12-27 13:38:22', 1, 1),
(823, 58, 100, 0, 0, 0, 0, '2018-12-27 13:38:22', '2018-12-27 13:38:22', 1, 1),
(824, 58, 101, 0, 0, 0, 0, '2018-12-27 13:38:22', '2018-12-27 13:38:22', 1, 1),
(825, 58, 102, 0, 0, 0, 0, '2018-12-27 13:38:22', '2018-12-27 13:38:22', 1, 1),
(826, 58, 103, 0, 0, 0, 0, '2018-12-27 13:38:22', '2018-12-27 13:38:22', 1, 1),
(827, 58, 104, 0, 0, 0, 0, '2018-12-27 13:38:22', '2018-12-27 13:38:22', 1, 1),
(828, 58, 105, 0, 0, 0, 0, '2018-12-27 13:38:22', '2018-12-27 13:38:22', 1, 1),
(829, 58, 106, 0, 0, 0, 0, '2018-12-27 13:38:22', '2018-12-27 13:38:22', 1, 1),
(830, 58, 107, 0, 0, 0, 0, '2018-12-27 13:38:22', '2018-12-27 13:38:22', 1, 1),
(831, 58, 108, 0, 0, 0, 0, '2018-12-27 13:38:22', '2018-12-27 13:38:22', 1, 1),
(832, 58, 109, 0, 0, 0, 0, '2018-12-27 13:38:22', '2018-12-27 13:38:22', 1, 1),
(833, 58, 110, 0, 0, 0, 0, '2018-12-27 13:38:22', '2018-12-27 13:38:22', 1, 1),
(834, 58, 111, 0, 0, 0, 0, '2018-12-27 13:38:22', '2018-12-27 13:38:22', 1, 1),
(835, 58, 112, 1, 1, 1, 1, '2018-12-27 13:38:22', '2018-12-27 13:38:22', 1, 1),
(836, 58, 113, 0, 0, 0, 0, '2018-12-27 13:38:22', '2018-12-27 13:38:22', 1, 1),
(837, 58, 114, 0, 0, 0, 0, '2018-12-27 13:38:22', '2018-12-27 13:38:22', 1, 1),
(838, 58, 115, 0, 0, 0, 0, '2018-12-27 13:38:22', '2018-12-27 13:38:22', 1, 1),
(839, 58, 116, 1, 1, 1, 1, '2018-12-27 13:38:22', '2018-12-27 13:38:22', 1, 1),
(840, 58, 117, 0, 0, 0, 0, '2018-12-27 13:38:22', '2018-12-27 13:38:22', 1, 1),
(841, 59, 1, 1, 1, 1, 1, '2019-01-04 09:36:11', '2019-01-04 09:36:11', 1, 1),
(842, 59, 77, 0, 0, 0, 0, '2019-01-04 09:36:11', '2019-01-04 09:36:11', 1, 1),
(843, 59, 90, 0, 0, 0, 0, '2019-01-04 09:36:11', '2019-01-04 09:36:11', 1, 1),
(844, 59, 91, 0, 0, 0, 0, '2019-01-04 09:36:11', '2019-01-04 09:36:11', 1, 1),
(845, 59, 92, 0, 0, 0, 0, '2019-01-04 09:36:11', '2019-01-04 09:36:11', 1, 1),
(846, 59, 93, 0, 0, 0, 0, '2019-01-04 09:36:11', '2019-01-04 09:36:11', 1, 1),
(847, 59, 94, 0, 0, 0, 0, '2019-01-04 09:36:11', '2019-01-04 09:36:11', 1, 1),
(848, 59, 95, 0, 0, 0, 0, '2019-01-04 09:36:11', '2019-01-04 09:36:11', 1, 1),
(849, 59, 96, 0, 0, 0, 0, '2019-01-04 09:36:11', '2019-01-04 09:36:11', 1, 1),
(850, 59, 97, 0, 0, 0, 0, '2019-01-04 09:36:11', '2019-01-04 09:36:11', 1, 1),
(851, 59, 98, 0, 0, 0, 0, '2019-01-04 09:36:11', '2019-01-04 09:36:11', 1, 1),
(852, 59, 99, 0, 0, 0, 0, '2019-01-04 09:36:11', '2019-01-04 09:36:11', 1, 1),
(853, 59, 100, 0, 0, 0, 0, '2019-01-04 09:36:11', '2019-01-04 09:36:11', 1, 1),
(854, 59, 101, 0, 0, 0, 0, '2019-01-04 09:36:11', '2019-01-04 09:36:11', 1, 1),
(855, 59, 102, 0, 0, 0, 0, '2019-01-04 09:36:11', '2019-01-04 09:36:11', 1, 1),
(856, 59, 103, 0, 0, 0, 0, '2019-01-04 09:36:11', '2019-01-04 09:36:11', 1, 1),
(857, 59, 104, 0, 0, 0, 0, '2019-01-04 09:36:11', '2019-01-04 09:36:11', 1, 1),
(858, 59, 105, 0, 0, 0, 0, '2019-01-04 09:36:11', '2019-01-04 09:36:11', 1, 1),
(859, 59, 106, 0, 0, 0, 0, '2019-01-04 09:36:11', '2019-01-04 09:36:11', 1, 1),
(860, 59, 107, 0, 0, 0, 0, '2019-01-04 09:36:11', '2019-01-04 09:36:11', 1, 1),
(861, 59, 108, 0, 0, 0, 0, '2019-01-04 09:36:11', '2019-01-04 09:36:11', 1, 1),
(862, 59, 109, 0, 0, 0, 0, '2019-01-04 09:36:11', '2019-01-04 09:36:11', 1, 1),
(863, 59, 110, 0, 0, 0, 0, '2019-01-04 09:36:11', '2019-01-04 09:36:11', 1, 1),
(864, 59, 111, 0, 0, 0, 0, '2019-01-04 09:36:11', '2019-01-04 09:36:11', 1, 1),
(865, 59, 112, 1, 1, 1, 1, '2019-01-04 09:36:11', '2019-01-04 09:36:11', 1, 1),
(866, 59, 113, 0, 0, 0, 0, '2019-01-04 09:36:11', '2019-01-04 09:36:11', 1, 1),
(867, 59, 114, 0, 0, 0, 0, '2019-01-04 09:36:11', '2019-01-04 09:36:11', 1, 1),
(868, 59, 115, 0, 0, 0, 0, '2019-01-04 09:36:11', '2019-01-04 09:36:11', 1, 1),
(869, 59, 116, 1, 1, 1, 1, '2019-01-04 09:36:11', '2019-01-04 09:36:11', 1, 1),
(870, 59, 117, 0, 0, 0, 0, '2019-01-04 09:36:11', '2019-01-04 09:36:11', 1, 1),
(871, 59, 118, 0, 0, 0, 0, '2019-01-04 09:36:11', '2019-01-04 09:36:11', 1, 1),
(872, 60, 1, 1, 1, 1, 1, '2019-01-07 13:27:24', '2019-01-07 13:27:24', 1, 1),
(873, 60, 77, 0, 0, 0, 0, '2019-01-07 13:27:24', '2019-01-07 13:27:24', 1, 1),
(874, 60, 90, 0, 0, 0, 0, '2019-01-07 13:27:24', '2019-01-07 13:27:24', 1, 1),
(875, 60, 91, 0, 0, 0, 0, '2019-01-07 13:27:24', '2019-01-07 13:27:24', 1, 1),
(876, 60, 92, 0, 0, 0, 0, '2019-01-07 13:27:24', '2019-01-07 13:27:24', 1, 1),
(877, 60, 93, 0, 0, 0, 0, '2019-01-07 13:27:24', '2019-01-07 13:27:24', 1, 1),
(878, 60, 94, 0, 0, 0, 0, '2019-01-07 13:27:24', '2019-01-07 13:27:24', 1, 1),
(879, 60, 95, 0, 0, 0, 0, '2019-01-07 13:27:24', '2019-01-07 13:27:24', 1, 1),
(880, 60, 96, 0, 0, 0, 0, '2019-01-07 13:27:24', '2019-01-07 13:27:24', 1, 1),
(881, 60, 97, 0, 0, 0, 0, '2019-01-07 13:27:24', '2019-01-07 13:27:24', 1, 1),
(882, 60, 98, 0, 0, 0, 0, '2019-01-07 13:27:24', '2019-01-07 13:27:24', 1, 1),
(883, 60, 99, 0, 0, 0, 0, '2019-01-07 13:27:24', '2019-01-07 13:27:24', 1, 1),
(884, 60, 100, 0, 0, 0, 0, '2019-01-07 13:27:24', '2019-01-07 13:27:24', 1, 1),
(885, 60, 101, 0, 0, 0, 0, '2019-01-07 13:27:24', '2019-01-07 13:27:24', 1, 1),
(886, 60, 102, 0, 0, 0, 0, '2019-01-07 13:27:24', '2019-01-07 13:27:24', 1, 1),
(887, 60, 103, 0, 0, 0, 0, '2019-01-07 13:27:24', '2019-01-07 13:27:24', 1, 1),
(888, 60, 104, 0, 0, 0, 0, '2019-01-07 13:27:24', '2019-01-07 13:27:24', 1, 1),
(889, 60, 105, 0, 0, 0, 0, '2019-01-07 13:27:24', '2019-01-07 13:27:24', 1, 1),
(890, 60, 106, 0, 0, 0, 0, '2019-01-07 13:27:24', '2019-01-07 13:27:24', 1, 1),
(891, 60, 107, 0, 0, 0, 0, '2019-01-07 13:27:24', '2019-01-07 13:27:24', 1, 1),
(892, 60, 108, 0, 0, 0, 0, '2019-01-07 13:27:24', '2019-01-07 13:27:24', 1, 1),
(893, 60, 109, 0, 0, 0, 0, '2019-01-07 13:27:24', '2019-01-07 13:27:24', 1, 1),
(894, 60, 110, 0, 0, 0, 0, '2019-01-07 13:27:24', '2019-01-07 13:27:24', 1, 1),
(895, 60, 111, 0, 0, 0, 0, '2019-01-07 13:27:24', '2019-01-07 13:27:24', 1, 1),
(896, 60, 112, 1, 1, 1, 1, '2019-01-07 13:27:24', '2019-01-07 13:27:24', 1, 1),
(897, 60, 113, 0, 0, 0, 0, '2019-01-07 13:27:24', '2019-01-07 13:27:24', 1, 1),
(898, 60, 114, 0, 0, 0, 0, '2019-01-07 13:27:24', '2019-01-07 13:27:24', 1, 1),
(899, 60, 115, 0, 0, 0, 0, '2019-01-07 13:27:24', '2019-01-07 13:27:24', 1, 1),
(900, 60, 116, 1, 1, 1, 1, '2019-01-07 13:27:24', '2019-01-07 13:27:24', 1, 1),
(901, 60, 117, 0, 0, 0, 0, '2019-01-07 13:27:24', '2019-01-07 13:27:24', 1, 1),
(902, 60, 118, 0, 0, 0, 0, '2019-01-07 13:27:24', '2019-01-07 13:27:24', 1, 1),
(903, 1, 87, 0, 0, 0, 0, '2019-03-06 07:17:10', '2019-03-06 07:55:18', 1, 1),
(904, 18, 87, 0, 0, 0, 0, '2019-03-06 07:17:10', '2019-03-06 07:55:18', 1, 1),
(905, 22, 87, 0, 0, 0, 0, '2019-03-06 07:17:10', '2019-03-06 07:55:18', 1, 1),
(906, 23, 87, 0, 0, 0, 0, '2019-03-06 07:17:10', '2019-03-06 07:55:18', 1, 1),
(907, 32, 87, 0, 0, 0, 0, '2019-03-06 07:17:10', '2019-03-06 07:55:18', 1, 1),
(908, 35, 87, 1, 1, 1, 1, '2019-03-06 07:17:10', '2019-03-06 07:17:10', 1, 1),
(909, 36, 87, 0, 0, 0, 0, '2019-03-06 07:17:10', '2019-03-06 07:55:18', 1, 1),
(910, 39, 87, 1, 1, 1, 1, '2019-03-06 07:17:10', '2019-03-06 07:17:10', 1, 1),
(911, 40, 87, 1, 1, 1, 1, '2019-03-06 07:17:10', '2019-03-06 07:17:10', 1, 1),
(912, 43, 87, 0, 0, 0, 0, '2019-03-06 07:17:10', '2019-03-06 07:55:18', 1, 1),
(913, 44, 87, 0, 0, 0, 0, '2019-03-06 07:17:10', '2019-03-06 07:17:10', 1, 1),
(914, 45, 87, 0, 0, 0, 0, '2019-03-06 07:17:10', '2019-03-06 07:55:18', 1, 1),
(915, 46, 87, 1, 1, 1, 0, '2019-03-06 07:17:10', '2019-03-06 07:55:18', 1, 1),
(916, 47, 87, 1, 1, 1, 0, '2019-03-06 07:17:10', '2019-03-06 07:55:18', 1, 1),
(917, 48, 87, 0, 0, 0, 0, '2019-03-06 07:17:10', '2019-03-06 07:55:18', 1, 1),
(918, 50, 87, 1, 1, 1, 0, '2019-03-06 07:17:10', '2019-03-06 07:55:18', 1, 1),
(919, 51, 87, 1, 1, 1, 0, '2019-03-06 07:17:10', '2019-03-06 07:55:18', 1, 1),
(920, 52, 87, 1, 1, 1, 0, '2019-03-06 07:17:10', '2019-03-06 07:55:18', 1, 1),
(921, 53, 87, 1, 1, 1, 0, '2019-03-06 07:17:10', '2019-03-06 07:55:18', 1, 1),
(922, 54, 87, 0, 0, 0, 0, '2019-03-06 07:17:10', '2019-03-06 07:55:18', 1, 1),
(923, 55, 87, 0, 0, 0, 0, '2019-03-06 07:17:10', '2019-03-06 07:55:18', 1, 1),
(924, 56, 87, 0, 0, 0, 0, '2019-03-06 07:17:10', '2019-03-06 07:55:18', 1, 1),
(925, 57, 87, 0, 0, 0, 0, '2019-03-06 07:17:10', '2019-03-06 07:55:18', 1, 1),
(926, 58, 87, 0, 0, 0, 0, '2019-03-06 07:17:10', '2019-03-06 07:55:18', 1, 1),
(927, 59, 87, 0, 0, 0, 0, '2019-03-06 07:17:10', '2019-03-06 07:55:18', 1, 1),
(928, 60, 87, 0, 0, 0, 0, '2019-03-06 07:17:10', '2019-03-06 07:55:18', 1, 1),
(929, 61, 1, 1, 1, 1, 1, '2019-04-23 08:46:48', '2019-04-23 08:46:48', 1, 1),
(930, 61, 2, 1, 1, 1, 1, '2019-04-23 08:46:48', '2019-04-23 08:46:48', 1, 1),
(931, 61, 3, 1, 1, 1, 1, '2019-04-23 08:46:48', '2019-04-23 08:46:48', 1, 1),
(932, 61, 7, 1, 1, 1, 1, '2019-04-23 08:46:48', '2019-04-23 08:46:48', 1, 1),
(933, 61, 8, 1, 1, 1, 1, '2019-04-23 08:46:48', '2019-04-23 08:46:48', 1, 1),
(934, 61, 9, 1, 1, 1, 1, '2019-04-23 08:46:48', '2019-04-23 08:46:48', 1, 1),
(935, 61, 10, 1, 1, 1, 1, '2019-04-23 08:46:48', '2019-04-23 08:46:48', 1, 1),
(936, 61, 11, 1, 1, 1, 1, '2019-04-23 08:46:48', '2019-04-23 08:46:48', 1, 1),
(937, 61, 12, 1, 1, 1, 1, '2019-04-23 08:46:48', '2019-04-23 08:46:48', 1, 1),
(938, 61, 13, 1, 1, 1, 1, '2019-04-23 08:46:48', '2019-04-23 08:46:48', 1, 1),
(939, 61, 14, 1, 1, 1, 1, '2019-04-23 08:46:48', '2019-04-23 08:46:48', 1, 1),
(940, 61, 15, 1, 1, 1, 1, '2019-04-23 08:46:48', '2019-04-23 08:46:48', 1, 1),
(941, 61, 16, 1, 1, 1, 1, '2019-04-23 08:46:48', '2019-04-23 08:46:48', 1, 1),
(942, 61, 17, 1, 1, 1, 1, '2019-04-23 08:46:48', '2019-04-23 08:46:48', 1, 1),
(943, 61, 18, 1, 1, 1, 1, '2019-04-23 08:46:48', '2019-04-23 08:46:48', 1, 1),
(944, 61, 19, 1, 1, 1, 1, '2019-04-23 08:46:48', '2019-04-23 08:46:48', 1, 1),
(945, 61, 20, 1, 1, 1, 1, '2019-04-23 08:46:48', '2019-04-23 08:46:48', 1, 1),
(946, 61, 21, 1, 1, 1, 1, '2019-04-23 08:46:48', '2019-04-23 08:46:48', 1, 1),
(947, 61, 22, 1, 1, 1, 1, '2019-04-23 08:46:48', '2019-04-23 08:46:48', 1, 1),
(948, 61, 23, 1, 1, 1, 1, '2019-04-23 08:46:48', '2019-04-23 08:46:48', 1, 1),
(949, 61, 24, 1, 1, 1, 1, '2019-04-23 08:46:48', '2019-04-23 08:46:48', 1, 1),
(950, 62, 1, 1, 1, 1, 1, '2019-04-24 12:50:53', '2019-04-24 12:50:53', 1, 1),
(951, 62, 2, 1, 1, 1, 1, '2019-04-24 12:50:53', '2019-04-24 12:50:53', 1, 1),
(952, 62, 3, 1, 1, 1, 1, '2019-04-24 12:50:53', '2019-04-24 12:50:53', 1, 1),
(953, 62, 7, 1, 1, 1, 1, '2019-04-24 12:50:53', '2019-04-24 12:50:53', 1, 1),
(954, 62, 8, 1, 1, 1, 1, '2019-04-24 12:50:53', '2019-04-24 12:50:53', 1, 1),
(955, 62, 9, 1, 1, 1, 1, '2019-04-24 12:50:53', '2019-04-24 12:50:53', 1, 1),
(956, 62, 10, 1, 1, 1, 1, '2019-04-24 12:50:53', '2019-04-24 12:50:53', 1, 1),
(957, 62, 11, 1, 1, 1, 1, '2019-04-24 12:50:53', '2019-04-24 12:50:53', 1, 1),
(958, 62, 12, 1, 1, 1, 1, '2019-04-24 12:50:53', '2019-04-24 12:50:53', 1, 1),
(959, 62, 13, 1, 1, 1, 1, '2019-04-24 12:50:53', '2019-04-24 12:50:53', 1, 1),
(960, 62, 14, 1, 1, 1, 1, '2019-04-24 12:50:53', '2019-04-24 12:50:53', 1, 1),
(961, 62, 15, 1, 1, 1, 1, '2019-04-24 12:50:53', '2019-04-24 12:50:53', 1, 1),
(962, 62, 16, 1, 1, 1, 1, '2019-04-24 12:50:53', '2019-04-24 12:50:53', 1, 1),
(963, 62, 17, 1, 1, 1, 1, '2019-04-24 12:50:53', '2019-04-24 12:50:53', 1, 1),
(964, 62, 18, 1, 1, 1, 1, '2019-04-24 12:50:53', '2019-04-24 12:50:53', 1, 1),
(965, 62, 19, 1, 1, 1, 1, '2019-04-24 12:50:53', '2019-04-24 12:50:53', 1, 1),
(966, 62, 20, 1, 1, 1, 1, '2019-04-24 12:50:53', '2019-04-24 12:50:53', 1, 1),
(967, 62, 21, 1, 1, 1, 1, '2019-04-24 12:50:53', '2019-04-24 12:50:53', 1, 1),
(968, 62, 22, 1, 1, 1, 1, '2019-04-24 12:50:53', '2019-04-24 12:50:53', 1, 1),
(969, 62, 23, 1, 1, 1, 1, '2019-04-24 12:50:53', '2019-04-24 12:50:53', 1, 1),
(970, 62, 24, 1, 1, 1, 1, '2019-04-24 12:50:53', '2019-04-24 12:50:53', 1, 1),
(971, 62, 25, 1, 1, 1, 1, '2019-04-24 12:50:53', '2019-04-24 12:50:53', 1, 1),
(972, 62, 26, 1, 1, 1, 1, '2019-04-24 12:50:53', '2019-04-24 12:50:53', 1, 1),
(973, 62, 27, 1, 1, 1, 1, '2019-04-24 12:50:53', '2019-04-24 12:50:53', 1, 1),
(974, 62, 28, 1, 1, 1, 1, '2019-04-24 12:50:53', '2019-04-24 12:50:53', 1, 1),
(975, 62, 29, 1, 1, 1, 1, '2019-04-24 12:50:53', '2019-04-24 12:50:53', 1, 1),
(976, 62, 30, 1, 1, 1, 1, '2019-04-24 12:50:53', '2019-04-24 12:50:53', 1, 1),
(977, 63, 1, 1, 1, 1, 1, '2019-04-30 10:17:16', '2019-04-30 10:17:16', 1, 1),
(978, 63, 2, 1, 1, 1, 1, '2019-04-30 10:17:16', '2019-04-30 10:17:16', 1, 1),
(979, 63, 3, 1, 1, 1, 1, '2019-04-30 10:17:16', '2019-04-30 10:17:16', 1, 1),
(980, 63, 7, 1, 1, 1, 1, '2019-04-30 10:17:16', '2019-04-30 10:17:16', 1, 1),
(981, 63, 8, 1, 1, 1, 1, '2019-04-30 10:17:16', '2019-04-30 10:17:16', 1, 1),
(982, 63, 9, 1, 1, 1, 1, '2019-04-30 10:17:16', '2019-04-30 10:17:16', 1, 1),
(983, 63, 10, 1, 1, 1, 1, '2019-04-30 10:17:16', '2019-04-30 10:17:16', 1, 1),
(984, 63, 11, 1, 1, 1, 1, '2019-04-30 10:17:16', '2019-04-30 10:17:16', 1, 1),
(985, 63, 12, 1, 1, 1, 1, '2019-04-30 10:17:16', '2019-04-30 10:17:16', 1, 1),
(986, 63, 13, 1, 1, 1, 1, '2019-04-30 10:17:16', '2019-04-30 10:17:16', 1, 1),
(987, 63, 14, 1, 1, 1, 1, '2019-04-30 10:17:16', '2019-04-30 10:17:16', 1, 1),
(988, 63, 15, 1, 1, 1, 1, '2019-04-30 10:17:16', '2019-04-30 10:17:16', 1, 1),
(989, 63, 16, 1, 1, 1, 1, '2019-04-30 10:17:16', '2019-04-30 10:17:16', 1, 1),
(990, 63, 17, 1, 1, 1, 1, '2019-04-30 10:17:16', '2019-04-30 10:17:16', 1, 1),
(991, 63, 18, 1, 1, 1, 1, '2019-04-30 10:17:16', '2019-04-30 10:17:16', 1, 1),
(992, 63, 19, 1, 1, 1, 1, '2019-04-30 10:17:16', '2019-04-30 10:17:16', 1, 1),
(993, 63, 20, 1, 1, 1, 1, '2019-04-30 10:17:16', '2019-04-30 10:17:16', 1, 1),
(994, 63, 21, 1, 1, 1, 1, '2019-04-30 10:17:16', '2019-04-30 10:17:16', 1, 1),
(995, 63, 22, 1, 1, 1, 1, '2019-04-30 10:17:16', '2019-04-30 10:17:16', 1, 1),
(996, 63, 23, 1, 1, 1, 1, '2019-04-30 10:17:16', '2019-04-30 10:17:16', 1, 1),
(997, 63, 24, 1, 1, 1, 1, '2019-04-30 10:17:16', '2019-04-30 10:17:16', 1, 1),
(998, 63, 25, 1, 1, 1, 1, '2019-04-30 10:17:16', '2019-04-30 10:17:16', 1, 1),
(999, 63, 26, 1, 1, 1, 1, '2019-04-30 10:17:16', '2019-04-30 10:17:16', 1, 1),
(1000, 63, 27, 1, 1, 1, 1, '2019-04-30 10:17:16', '2019-04-30 10:17:16', 1, 1),
(1001, 63, 28, 1, 1, 1, 1, '2019-04-30 10:17:16', '2019-04-30 10:17:16', 1, 1),
(1002, 63, 29, 1, 1, 1, 1, '2019-04-30 10:17:16', '2019-04-30 10:17:16', 1, 1),
(1003, 63, 30, 1, 1, 1, 1, '2019-04-30 10:17:16', '2019-04-30 10:17:16', 1, 1),
(1004, 63, 31, 1, 1, 1, 1, '2019-04-30 10:17:16', '2019-04-30 10:17:16', 1, 1),
(1005, 63, 32, 1, 1, 1, 1, '2019-04-30 10:17:16', '2019-04-30 10:17:16', 1, 1),
(1006, 63, 33, 1, 1, 1, 1, '2019-04-30 10:17:16', '2019-04-30 10:17:16', 1, 1),
(1007, 63, 34, 1, 1, 1, 1, '2019-04-30 10:17:16', '2019-04-30 10:17:16', 1, 1),
(1008, 63, 35, 1, 1, 1, 1, '2019-04-30 10:17:16', '2019-04-30 10:17:16', 1, 1),
(1009, 63, 36, 1, 1, 1, 1, '2019-04-30 10:17:16', '2019-04-30 10:17:16', 1, 1),
(1010, 63, 37, 1, 1, 1, 1, '2019-04-30 10:17:16', '2019-04-30 10:17:16', 1, 1),
(1011, 63, 38, 1, 1, 1, 1, '2019-04-30 10:17:16', '2019-04-30 10:17:16', 1, 1),
(1012, 63, 39, 1, 1, 1, 1, '2019-04-30 10:17:16', '2019-04-30 10:17:16', 1, 1),
(1013, 63, 40, 1, 1, 1, 1, '2019-04-30 10:17:16', '2019-04-30 10:17:16', 1, 1),
(1014, 63, 41, 1, 1, 1, 1, '2019-04-30 10:17:16', '2019-04-30 10:17:16', 1, 1),
(1015, 63, 42, 1, 1, 1, 1, '2019-04-30 10:17:16', '2019-04-30 10:17:16', 1, 1),
(1016, 63, 43, 1, 1, 1, 1, '2019-04-30 10:17:16', '2019-04-30 10:17:16', 1, 1),
(1017, 63, 44, 1, 1, 1, 1, '2019-04-30 10:17:16', '2019-04-30 10:17:16', 1, 1),
(1018, 63, 45, 1, 1, 1, 1, '2019-04-30 10:17:16', '2019-04-30 10:17:16', 1, 1),
(1019, 64, 1, 1, 1, 1, 1, '2019-05-31 07:51:59', '2019-05-31 07:51:59', 1, 1),
(1020, 64, 20, 1, 1, 1, 1, '2019-05-31 07:51:59', '2019-05-31 07:51:59', 1, 1),
(1021, 64, 21, 1, 1, 1, 1, '2019-05-31 07:51:59', '2019-05-31 07:51:59', 1, 1),
(1022, 64, 22, 1, 1, 1, 1, '2019-05-31 07:51:59', '2019-05-31 07:51:59', 1, 1),
(1023, 64, 23, 1, 1, 1, 1, '2019-05-31 07:51:59', '2019-05-31 07:51:59', 1, 1),
(1024, 64, 24, 1, 1, 1, 1, '2019-05-31 07:51:59', '2019-05-31 07:51:59', 1, 1),
(1025, 64, 25, 1, 1, 1, 1, '2019-05-31 07:51:59', '2019-05-31 07:51:59', 1, 1),
(1026, 64, 28, 1, 1, 1, 1, '2019-05-31 07:51:59', '2019-05-31 07:51:59', 1, 1),
(1027, 64, 29, 1, 1, 1, 1, '2019-05-31 07:51:59', '2019-05-31 07:51:59', 1, 1),
(1028, 65, 1, 1, 1, 1, 1, '2019-06-13 07:06:47', '2019-06-13 07:06:47', 1, 1),
(1029, 65, 20, 1, 1, 1, 1, '2019-06-13 07:06:47', '2019-06-13 07:06:47', 1, 1),
(1030, 65, 21, 1, 1, 1, 1, '2019-06-13 07:06:47', '2019-06-13 07:06:47', 1, 1),
(1031, 65, 22, 1, 1, 1, 1, '2019-06-13 07:06:47', '2019-06-13 07:06:47', 1, 1),
(1032, 65, 23, 1, 1, 1, 1, '2019-06-13 07:06:47', '2019-06-13 07:06:47', 1, 1),
(1033, 65, 24, 1, 1, 1, 1, '2019-06-13 07:06:47', '2019-06-13 07:06:47', 1, 1),
(1034, 65, 25, 1, 1, 1, 1, '2019-06-13 07:06:47', '2019-06-13 07:06:47', 1, 1),
(1035, 65, 28, 1, 1, 1, 1, '2019-06-13 07:06:47', '2019-06-13 07:06:47', 1, 1),
(1036, 65, 29, 1, 1, 1, 1, '2019-06-13 07:06:47', '2019-06-13 07:06:47', 1, 1),
(1037, 65, 30, 1, 1, 1, 1, '2019-06-13 07:06:47', '2019-06-13 07:06:47', 1, 1),
(1038, 67, 1, 1, 1, 1, 1, '2019-07-24 07:14:47', '2019-07-24 07:14:47', 1, 1),
(1039, 67, 2, 1, 1, 1, 1, '2019-07-24 07:14:47', '2019-07-24 07:14:47', 1, 1),
(1040, 67, 3, 1, 1, 1, 1, '2019-07-24 07:14:47', '2019-07-24 07:14:47', 1, 1),
(1041, 67, 4, 1, 1, 1, 1, '2019-07-24 07:14:47', '2019-07-24 07:14:47', 1, 1),
(1042, 67, 5, 1, 1, 1, 1, '2019-07-24 07:14:47', '2019-07-24 07:14:47', 1, 1),
(1043, 67, 6, 1, 1, 1, 1, '2019-07-24 07:14:47', '2019-07-24 07:14:47', 1, 1),
(1044, 67, 7, 1, 1, 1, 1, '2019-07-24 07:14:47', '2019-07-24 07:14:47', 1, 1),
(1045, 67, 8, 1, 1, 1, 1, '2019-07-24 07:14:47', '2019-07-24 07:14:47', 1, 1),
(1046, 67, 9, 1, 1, 1, 1, '2019-07-24 07:14:47', '2019-07-24 07:14:47', 1, 1),
(1047, 67, 10, 1, 1, 1, 1, '2019-07-24 07:14:47', '2019-07-24 07:14:47', 1, 1),
(1048, 67, 11, 1, 1, 1, 1, '2019-07-24 07:14:47', '2019-07-24 07:14:47', 1, 1),
(1049, 67, 12, 1, 1, 1, 1, '2019-07-24 07:14:47', '2019-07-24 07:14:47', 1, 1),
(1050, 67, 13, 1, 1, 1, 1, '2019-07-24 07:14:47', '2019-07-24 07:14:47', 1, 1),
(1051, 67, 14, 1, 1, 1, 1, '2019-07-24 07:14:47', '2019-07-24 07:14:47', 1, 1),
(1052, 67, 15, 1, 1, 1, 1, '2019-07-24 07:14:47', '2019-07-24 07:14:47', 1, 1),
(1053, 68, 1, 1, 1, 1, 1, '2019-08-27 08:33:53', '2019-08-27 08:33:53', 1, 1),
(1054, 68, 2, 1, 1, 1, 1, '2019-08-27 08:33:53', '2019-08-27 08:33:53', 1, 1),
(1055, 68, 3, 1, 1, 1, 1, '2019-08-27 08:33:53', '2019-08-27 08:33:53', 1, 1),
(1056, 68, 4, 1, 1, 1, 1, '2019-08-27 08:33:53', '2019-08-27 08:33:53', 1, 1),
(1057, 68, 5, 1, 1, 1, 1, '2019-08-27 08:33:53', '2019-08-27 08:33:53', 1, 1),
(1058, 68, 6, 1, 1, 1, 1, '2019-08-27 08:33:53', '2019-08-27 08:33:53', 1, 1),
(1059, 68, 7, 1, 1, 1, 1, '2019-08-27 08:33:53', '2019-08-27 08:33:53', 1, 1),
(1060, 68, 8, 1, 1, 1, 1, '2019-08-27 08:33:53', '2019-08-27 08:33:53', 1, 1),
(1061, 68, 9, 1, 1, 1, 1, '2019-08-27 08:33:53', '2019-08-27 08:33:53', 1, 1);

-- --------------------------------------------------------

--
-- Table structure for table `orders`
--

CREATE TABLE `orders` (
  `OrderID` int(11) NOT NULL,
  `UserID` int(11) NOT NULL,
  `AddressID` int(11) NOT NULL,
  `CreatedAt` varchar(255) NOT NULL,
  `UpdatedAt` varchar(255) NOT NULL
) ENGINE=InnoDB DEFAULT CHARSET=utf8;

--
-- Dumping data for table `orders`
--

INSERT INTO `orders` (`OrderID`, `UserID`, `AddressID`, `CreatedAt`, `UpdatedAt`) VALUES
(1, 86, 1, '1570703088', '1570703088'),
(2, 86, 1, '1570703200', '1570703200'),
(3, 85, 2, '1571039754', '1571039754'),
(4, 84, 3, '1571045456', '1571045456'),
(5, 85, 2, '1571045565', '1571045565');

-- --------------------------------------------------------

--
-- Table structure for table `orders_requests`
--

CREATE TABLE `orders_requests` (
  `OrderRequestID` int(11) NOT NULL,
  `OrderID` int(11) NOT NULL,
  `OrderTrackID` varchar(255) NOT NULL,
  `OrderStatusID` int(11) NOT NULL,
  `BoothID` int(11) NOT NULL,
  `OrderLastStatusID` int(11) NOT NULL COMMENT 'Last State Of Order',
  `OrderCancellationReasonID` int(11) NOT NULL COMMENT 'It will only have a value when an order request is cancelled',
  `OrderRequestVerificationCode` varchar(255) NOT NULL COMMENT 'This will have value when order will be dispatched',
  `TotalAmount` decimal(10,2) NOT NULL COMMENT 'Total of product prices',
  `ActualDeliveryCharges` decimal(10,2) NOT NULL COMMENT 'Sum of delivery charges of all products in this order request',
  `AdditionalDeliveryCharges` int(11) NOT NULL COMMENT 'Additional delivery charges seller will adjust when approving order request. It can be plus or negative',
  `Discount` decimal(10,2) NOT NULL COMMENT 'Any discount the seller is giving on this order request',
  `PromoCodeUsed` varchar(255) NOT NULL COMMENT 'This will be promo code / coupon used for discount',
  `PromoCodeDiscount` decimal(10,2) NOT NULL COMMENT 'This is the discount availed on promo code',
  `PointsUsed` int(11) NOT NULL COMMENT 'Number of points used by customer for payment',
  `VatPercentageApplied` decimal(10,2) NOT NULL COMMENT 'VAT Percentage of this seller from user_customization table',
  `VatAmountApplied` decimal(10,2) NOT NULL COMMENT 'VAT amount applied with respect to VatPercentage here on total',
  `GrandTotal` decimal(10,2) NOT NULL COMMENT 'Total with Vat Percentage Included that will be actually paid by customer',
  `DeliveryDays` int(11) NOT NULL,
  `DeliveryDate` varchar(255) NOT NULL,
  `PaymentMethod` enum('COD','Card') NOT NULL DEFAULT 'COD',
  `OrderRequestRating` int(11) NOT NULL COMMENT 'This is basically booth rating. It can have 1-5 rating, 0 means not rated yet. User can rate only after order request is completed.',
  `OrderRequestReview` text NOT NULL,
  `UserOrderRequestRating` int(11) NOT NULL COMMENT 'This is basically user rating. It can have 1-5 rating, 0 means not rated yet.',
  `UserOrderRequestReview` text NOT NULL
) ENGINE=InnoDB DEFAULT CHARSET=utf8;

--
-- Dumping data for table `orders_requests`
--

INSERT INTO `orders_requests` (`OrderRequestID`, `OrderID`, `OrderTrackID`, `OrderStatusID`, `BoothID`, `OrderLastStatusID`, `OrderCancellationReasonID`, `OrderRequestVerificationCode`, `TotalAmount`, `ActualDeliveryCharges`, `AdditionalDeliveryCharges`, `Discount`, `PromoCodeUsed`, `PromoCodeDiscount`, `PointsUsed`, `VatPercentageApplied`, `VatAmountApplied`, `GrandTotal`, `DeliveryDays`, `DeliveryDate`, `PaymentMethod`, `OrderRequestRating`, `OrderRequestReview`, `UserOrderRequestRating`, `UserOrderRequestReview`) VALUES
(1, 1, '00001', 6, 85, 1, 1, '', 500.00, 10.00, 0, 0.00, '', 0.00, 0, 10.00, 50.00, 560.00, 0, '', 'COD', 0, '', 0, ''),
(2, 2, '00002', 4, 85, 7, 0, '5258', 500.00, 10.00, 0, 0.00, '', 0.00, 0, 10.00, 50.00, 560.00, 20, '1573084800', 'COD', 5, 'Excellent  service!!', 5, 'Good customer'),
(3, 3, '00003', 4, 86, 7, 0, '1264', 80000.00, 100.00, 0, 0.00, '', 0.00, 0, 10.00, 8000.00, 88100.00, 80, '1580688000', 'COD', 5, 'Akmkclmakslcm', 0, ''),
(4, 4, '00004', 1, 85, 1, 0, '', 1000.00, 20.00, 0, 0.00, '', 0.00, 0, 10.00, 100.00, 1120.00, 0, '', 'COD', 0, '', 0, ''),
(5, 5, '00005', 6, 86, 1, 1, '', 80000.00, 100.00, 0, 0.00, '', 0.00, 0, 10.00, 8000.00, 88100.00, 0, '', 'COD', 0, '', 0, '');

-- --------------------------------------------------------

--
-- Table structure for table `order_cancellation_reasons`
--

CREATE TABLE `order_cancellation_reasons` (
  `OrderCancellationReasonID` int(11) NOT NULL,
  `CancellationReasonEn` text CHARACTER SET utf8 NOT NULL,
  `CancellationReasonAr` text CHARACTER SET utf8 NOT NULL,
  `IsActive` tinyint(4) NOT NULL
) ENGINE=MyISAM DEFAULT CHARSET=latin1;

--
-- Dumping data for table `order_cancellation_reasons`
--

INSERT INTO `order_cancellation_reasons` (`OrderCancellationReasonID`, `CancellationReasonEn`, `CancellationReasonAr`, `IsActive`) VALUES
(1, 'Poor', 'Poor', 1),
(2, 'Very Poor', 'Very Poor', 1);

-- --------------------------------------------------------

--
-- Table structure for table `order_items`
--

CREATE TABLE `order_items` (
  `OrderItemID` int(11) NOT NULL,
  `OrderRequestID` int(11) NOT NULL,
  `ProductID` int(11) NOT NULL,
  `Quantity` int(11) NOT NULL,
  `Price` float NOT NULL
) ENGINE=InnoDB DEFAULT CHARSET=utf8;

--
-- Dumping data for table `order_items`
--

INSERT INTO `order_items` (`OrderItemID`, `OrderRequestID`, `ProductID`, `Quantity`, `Price`) VALUES
(1, 1, 7, 1, 500),
(2, 2, 7, 1, 500),
(3, 3, 9, 1, 80000),
(4, 4, 7, 2, 500),
(5, 5, 9, 1, 80000);

-- --------------------------------------------------------

--
-- Table structure for table `order_statuses`
--

CREATE TABLE `order_statuses` (
  `OrderStatusID` int(11) NOT NULL,
  `OrderStatusEn` varchar(255) NOT NULL,
  `OrderStatusAr` varchar(255) CHARACTER SET utf8 NOT NULL
) ENGINE=MyISAM DEFAULT CHARSET=latin1;

--
-- Dumping data for table `order_statuses`
--

INSERT INTO `order_statuses` (`OrderStatusID`, `OrderStatusEn`, `OrderStatusAr`) VALUES
(1, 'Pending Approval By Seller', 'في انتظار الموافقة من قبل البائع'),
(2, 'Approved - Pending Payment', 'وافق - في انتظار الدفع'),
(3, 'Approved - Payment Done', 'موافق عليه - تم الدفع'),
(4, 'Order Completed', 'تم اكتمال الطلب'),
(5, 'Cancelled By Seller', 'تم الإلغاء بواسطة البائع'),
(6, 'Cancelled By Buyer', 'تم الإلغاء بواسطة المشتري'),
(7, 'Order Dispatched', 'أمر ارسلت'),
(8, 'Cancelled By Admin', 'تم الإلغاء كترتيب متنازع عليه');

-- --------------------------------------------------------

--
-- Table structure for table `pages`
--

CREATE TABLE `pages` (
  `PageID` int(11) NOT NULL,
  `Image` varchar(255) NOT NULL,
  `Contact` varchar(255) NOT NULL,
  `Whatsapp` varchar(255) NOT NULL,
  `Email` varchar(255) NOT NULL,
  `Linkedin` varchar(255) NOT NULL,
  `Facebook` varchar(255) NOT NULL,
  `Instagram` varchar(255) NOT NULL,
  `Twitter` varchar(255) NOT NULL,
  `SortOrder` int(11) NOT NULL,
  `Hide` tinyint(4) NOT NULL,
  `IsActive` tinyint(4) NOT NULL,
  `CreatedAt` datetime NOT NULL,
  `UpdatedAt` datetime NOT NULL,
  `CreatedBy` int(11) NOT NULL,
  `UpdatedBy` int(11) NOT NULL
) ENGINE=InnoDB DEFAULT CHARSET=utf8;

--
-- Dumping data for table `pages`
--

INSERT INTO `pages` (`PageID`, `Image`, `Contact`, `Whatsapp`, `Email`, `Linkedin`, `Facebook`, `Instagram`, `Twitter`, `SortOrder`, `Hide`, `IsActive`, `CreatedAt`, `UpdatedAt`, `CreatedBy`, `UpdatedBy`) VALUES
(1, 'uploads/images/959993002720190914104921beef-burger-with-deep-fried-bacon-and-thousand-island-dressing-50247463.jpg', '', '', '', '', '', '', '', 0, 0, 1, '2018-12-19 06:00:56', '2019-09-14 22:21:49', 1, 1),
(2, '', '', '', 'info@booth-in.com', 'schopfen', 'schopfen', 'schopfencorp', 'schopfen', 1, 0, 1, '2018-12-19 06:02:00', '2019-09-14 22:25:30', 1, 1),
(3, '', '', '', '', '', '', '', '', 2, 0, 1, '2018-12-19 07:34:39', '2019-02-25 09:25:05', 1, 1),
(4, '', '', '', '', '', '', '', '', 3, 0, 1, '2018-12-19 12:25:43', '2019-02-15 06:19:58', 1, 1),
(5, '', '', '', '', '', '', '', '', 4, 0, 1, '2018-12-19 12:27:22', '2019-02-11 18:51:43', 1, 1);

-- --------------------------------------------------------

--
-- Table structure for table `pages_text`
--

CREATE TABLE `pages_text` (
  `PageTextID` int(11) NOT NULL,
  `PageID` int(11) NOT NULL,
  `Title` varchar(255) NOT NULL,
  `Description` varchar(2000) NOT NULL,
  `SystemLanguageID` int(11) NOT NULL,
  `CreatedAt` datetime NOT NULL,
  `UpdatedAt` datetime NOT NULL,
  `CreatedBy` int(11) NOT NULL,
  `UpdatedBy` int(11) NOT NULL
) ENGINE=InnoDB DEFAULT CHARSET=utf8;

--
-- Dumping data for table `pages_text`
--

INSERT INTO `pages_text` (`PageTextID`, `PageID`, `Title`, `Description`, `SystemLanguageID`, `CreatedAt`, `UpdatedAt`, `CreatedBy`, `UpdatedBy`) VALUES
(1, 1, 'About Us', '<p style=\"margin: 0px 0px 15px; padding: 0px; text-align: justify; font-family: \'Open Sans\', Arial, sans-serif; font-size: 14px; font-weight: 400;\">Lorem ipsum dolor sit amet, consectetur adipiscing elit. Aenean at facilisis lacus. Maecenas rutrum enim nunc, id sollicitudin justo malesuada sed. Vivamus maximus ullamcorper faucibus. Nunc condimentum eros neque, eget pellentesque purus sollicitudin iaculis. Aliquam sagittis consectetur tincidunt. Phasellus nec nibh sit amet nulla mattis eleifend at ornare erat. Cras accumsan consectetur lorem, id rhoncus dolor cursus a. Morbi luctus mollis libero ac posuere. Nam feugiat odio ut urna aliquet scelerisque. Aliquam consectetur lorem eu urna laoreet, id aliquet odio rutrum. Maecenas dignissim nisl ac convallis faucibus. Praesent accumsan accumsan molestie. Sed faucibus varius arcu, nec bibendum erat auctor quis.<br /><br /></p>\r\n<p style=\"margin: 0px 0px 15px; padding: 0px; text-align: justify; font-family: \'Open Sans\', Arial, sans-serif; font-size: 14px; font-weight: 400;\">Proin dignissim vel enim vel venenatis. Morbi malesuada consectetur neque, vel eleifend leo volutpat in. Nam iaculis nisi facilisis pretium pellentesque. Nam vitae ex mi. Cras tempor a urna ac commodo. Nunc cursus tincidunt sem facilisis placerat. Etiam sed iaculis tortor. Praesent maximus libero purus, eu sodales felis blandit vitae. Suspendisse aliquet purus eget risus ultricies cursus. Vestibulum fermentum, sapien et cursus gravida, justo ipsum varius lacus, ac egestas diam libero et ipsum. Nulla malesuada elit ut erat maximus porta. Etiam rutrum augue odio, non bibendum nisi interdum non. Curabitur dictum ipsum vel quam maximus interdum. Donec odio dui, volutpat ut felis eu, scelerisque congue massa. Quisque vel sapien diam.</p>', 1, '2018-12-19 06:00:56', '2019-09-14 22:21:49', 1, 1),
(2, 1, 'Arabic About US', '<p>This is about us text</p>', 2, '2018-12-19 06:01:28', '2019-04-26 14:38:21', 1, 1),
(3, 2, 'Contact Us', 'Please write to us, if you wanna say anything', 1, '2018-12-19 06:02:00', '2019-09-14 22:25:30', 1, 1),
(4, 2, 'Arabic Contact Us', 'Arabic Contact Us Description', 2, '2018-12-19 06:02:20', '2018-12-19 06:02:20', 1, 1),
(5, 3, 'Registration Terms and Conditions', 'International Vision Co. Maintenance Plus Privacy Policy What personal information do we collect from the people that visit our blog, webapplication or app? When ordering or registering on our application, as appropriate, you may be asked to enter your name, email address, mailing address, phone number or other details to help you with your experience. When do we collect information? We collect information from you when you register on our application or place an order. Provide us with feedback on our products or services. How do we protect your information? The data is protect behind strict isloated secured network enviroment. Third-party disclosure We do not sell, trade, or otherwise transfer to outside parties your Personally Identifiable Information. California Online Privacy Protection Act CalOPPA is the first state law in the nation to require commercial webapplications and online services to post a privacy policy. The law\'s reach stretches well beyond California to require any person or company in the United States (and conceivably the world) that operates webapplications collecting Personally Identifiable Information from California consumers to post a conspicuous privacy policy on its webapplication stating exactly the information being collected and those individuals or companies with whom it is being shared. See more at: http://consumercal.org/california-online-privacy-protection-act-caloppa/#sthash.0FdRbT51.dpuf According to CalOPPA, we agree to the following: Users can visit our application anonymously. Once this privacy policy is created, we will add a link to it on our home page or as a minimum, on the first significant page after entering our webapplication. Our Privacy Policy link includes the word \'Privacy\' and can easily be found on the page specified above. You will be notified of any Privacy Policy changes: &bull; On our Privacy Policy Page Can change your personal information: &bull; By emailing us &bull; By chatting with us or by contact us fo', 1, '2018-12-19 07:34:39', '2019-02-25 09:25:05', 1, 1),
(6, 4, 'Service Terms and Conditions', 'Service price does not include spare-parts cost.The service fees is determined by the technical team.', 1, '2018-12-19 12:25:43', '2019-02-15 06:19:58', 1, 1),
(7, 5, 'Guarantee', '<p>The Guarantee period the service is 30 days from the date of the invoice</p>', 1, '2018-12-19 12:27:22', '2019-02-11 18:51:43', 1, 1),
(8, 3, 'Registration Terms and Conditions', '<ul>\r\n<li>These are service terms and conditions</li>\r\n</ul>', 2, '2018-12-19 07:34:39', '2018-12-19 12:26:42', 1, 1),
(9, 4, 'Service Terms and Conditions', '.اسعارالخدمات لا تشمل قطع الغيار.السعر النهاني يحددة الفريق الفني', 2, '2018-12-19 12:25:43', '2019-02-15 06:19:54', 1, 1),
(10, 5, 'Guarantee', '<p>.فترة الضمان هي 30 يوما من تاريخ الفاتورة</p>', 2, '2018-12-19 12:27:22', '2019-02-11 18:51:57', 1, 1);

-- --------------------------------------------------------

--
-- Table structure for table `products`
--

CREATE TABLE `products` (
  `ProductID` int(11) NOT NULL,
  `UserID` int(11) NOT NULL,
  `CategoryID` int(11) NOT NULL COMMENT 'This is basically sub-sub category ID, 3rd level of categories',
  `ProductVideo` varchar(255) NOT NULL,
  `ProductVideoThumbnail` varchar(255) NOT NULL,
  `ProductPrice` decimal(10,2) NOT NULL,
  `Currency` varchar(255) NOT NULL,
  `CurrencySymbol` varchar(50) NOT NULL,
  `DeliveryCharges` decimal(10,2) NOT NULL,
  `DeliveryTime` varchar(255) NOT NULL,
  `ProductType` enum('New','Used','Refurbished') NOT NULL DEFAULT 'New',
  `OutOfStock` tinyint(4) NOT NULL,
  `IsPromotedProduct` tinyint(4) NOT NULL COMMENT '1 Means Booth has set this for promotion',
  `ProductPromotionExpiresAt` int(11) NOT NULL COMMENT 'When this promotion expires',
  `IsPromotionApproved` tinyint(4) NOT NULL COMMENT '0 means pending admin approval, 1 means admin approved',
  `SortOrder` int(11) NOT NULL,
  `Hide` tinyint(4) NOT NULL,
  `IsActive` tinyint(4) NOT NULL,
  `CreatedAt` varchar(255) NOT NULL,
  `UpdatedAt` varchar(255) NOT NULL,
  `CreatedBy` int(11) NOT NULL,
  `UpdatedBy` int(11) NOT NULL
) ENGINE=InnoDB DEFAULT CHARSET=utf8;

--
-- Dumping data for table `products`
--

INSERT INTO `products` (`ProductID`, `UserID`, `CategoryID`, `ProductVideo`, `ProductVideoThumbnail`, `ProductPrice`, `Currency`, `CurrencySymbol`, `DeliveryCharges`, `DeliveryTime`, `ProductType`, `OutOfStock`, `IsPromotedProduct`, `ProductPromotionExpiresAt`, `IsPromotionApproved`, `SortOrder`, `Hide`, `IsActive`, `CreatedAt`, `UpdatedAt`, `CreatedBy`, `UpdatedBy`) VALUES
(1, 83, 101, '', '', 123.00, 'SAR', '', 12.00, '1 - 3 Days', 'New', 0, 0, 0, 0, 0, 0, 1, '1570687117', '1570687117', 0, 0),
(2, 83, 101, '', '', 120.00, 'SAR', '', 12.00, '1 - 3 Days', 'New', 0, 0, 0, 0, 0, 0, 1, '1570687148', '1570687148', 0, 0),
(3, 83, 101, '', '', 100.00, 'SAR', '', 12.00, '1 - 3 Days', 'New', 0, 0, 0, 0, 0, 0, 1, '1570687177', '1570687177', 0, 0),
(4, 83, 101, '', '', 200.00, 'SAR', '', 12.00, '1 - 3 Days', 'New', 0, 0, 0, 0, 0, 0, 1, '1570687205', '1570687205', 0, 0),
(5, 83, 101, '', '', 200.00, 'SAR', '', 12.00, '1 - 3 Days', 'New', 0, 0, 1570773754, 0, 0, 0, 1, '1570687233', '1570687233', 0, 0),
(6, 84, 56, 'uploads/products/videos/2025204115120191010065159MP4_20191010_115758.mp4', 'uploads/products/videos/thumbnails/7472159748120191010065159Thu_Oct_10_11:57:59_GMT+05:00_2019.jpg', 2000.00, 'SAR', 'SAR', 100.00, '5 - 10 Days', 'New', 0, 0, 0, 0, 0, 0, 1, '1570690791', '1570690791', 0, 0),
(7, 85, 141, '', '', 500.00, 'SAR', '', 10.00, '15 - 20 Days', 'New', 0, 0, 0, 0, 0, 0, 1, '1570696234', '1570696234', 0, 0),
(8, 85, 141, '', '', 800.00, 'SAR', '', 10.00, '3 - 5 Days', 'New', 0, 0, 0, 0, 0, 1, 1, '1570696441', '1570696441', 0, 0),
(9, 86, 307, '', '', 80000.00, 'SAR', '', 100.00, '5 - 10 Days', 'New', 0, 0, 1570788707, 0, 0, 0, 1, '1570702238', '1570702238', 0, 0),
(10, 84, 76, 'uploads/products/videos/7181905819720191010104255MP4_20191011_035459.mp4', 'uploads/products/videos/thumbnails/7434670959620191010104255Fri_Oct_11_03:55:00_GMT+05:00_2019.jpg', 1000.00, 'SAR', 'SAR', 100.00, '1 - 3 Days', 'New', 0, 0, 0, 0, 0, 1, 1, '1570748142', '1570748142', 0, 0),
(11, 84, 76, 'uploads/products/videos/9829081447420191010113903MP4_20191011_040256.mp4', 'uploads/products/videos/thumbnails/9491109684020191010113903Fri_Oct_11_04:02:57_GMT+05:00_2019.jpg', 1000.00, 'SAR', 'SAR', 100.00, '1 - 3 Days', 'New', 0, 0, 0, 0, 0, 0, 1, '1570748619', '1570748619', 0, 0),
(12, 84, 76, 'uploads/products/videos/4859914653320191011060831MP4_20191011_112308.mp4', 'uploads/products/videos/thumbnails/8529704522420191011060831Fri_Oct_11_11:23:09_GMT+05:00_2019.jpg', 1000.00, 'SAR', 'SAR', 100.00, '1 - 3 Days', 'New', 0, 0, 0, 0, 0, 1, 1, '1570775468', '1570775468', 0, 0);

-- --------------------------------------------------------

--
-- Table structure for table `products_text`
--

CREATE TABLE `products_text` (
  `ProductTextID` int(11) NOT NULL,
  `ProductID` int(11) NOT NULL,
  `Title` varchar(255) NOT NULL,
  `ProductBrandName` varchar(255) NOT NULL,
  `ProductDescription` text NOT NULL,
  `SystemLanguageID` int(11) NOT NULL,
  `CreatedAt` varchar(255) NOT NULL,
  `UpdatedAt` varchar(255) NOT NULL,
  `CreatedBy` int(11) NOT NULL,
  `UpdatedBy` int(11) NOT NULL
) ENGINE=InnoDB DEFAULT CHARSET=utf8;

--
-- Dumping data for table `products_text`
--

INSERT INTO `products_text` (`ProductTextID`, `ProductID`, `Title`, `ProductBrandName`, `ProductDescription`, `SystemLanguageID`, `CreatedAt`, `UpdatedAt`, `CreatedBy`, `UpdatedBy`) VALUES
(1, 1, 'burder with drink', 'hardeezz', 'Asd', 1, '1570687117', '1570687117', 0, 0),
(2, 1, 'burder with drink', 'hardeezz', 'Asd', 2, '1570687117', '1570687117', 0, 0),
(3, 2, 'burger only', 'hardeezz', 'Asd', 1, '1570687148', '1570687148', 0, 0),
(4, 2, 'burger only', 'hardeezz', 'Asd', 2, '1570687148', '1570687148', 0, 0),
(5, 3, 'drink only', 'hardeezz', 'Asd', 1, '1570687177', '1570687177', 0, 0),
(6, 3, 'drink only', 'hardeezz', 'Asd', 2, '1570687177', '1570687177', 0, 0),
(7, 4, 'pidzu', 'hardeezz', 'Asd', 1, '1570687205', '1570687205', 0, 0),
(8, 4, 'pidzu', 'hardeezz', 'Asd', 2, '1570687205', '1570687205', 0, 0),
(9, 5, 'bry wala pidzu', 'hardeezz', 'Asd', 1, '1570687233', '1570687233', 0, 0),
(10, 5, 'bry wala pidzu', 'hardeezz', 'Asd', 2, '1570687233', '1570687233', 0, 0),
(11, 6, 'Keyboards', 'baba', 'cuuvjbjch', 1, '1570690791', '1570690791', 0, 0),
(12, 6, 'Keyboards', 'baba', 'cuuvjbjch', 2, '1570690791', '1570690791', 0, 0),
(13, 7, 'Amaze Fit GTS', 'Xioami', 'Super AMOLED | Custom Modular Dial \nElegant Metall', 1, '1570696234', '1570696234', 0, 0),
(14, 7, 'Amaze Fit GTS', 'Xioami', 'Super AMOLED | Custom Modular Dial \nElegant Metall', 2, '1570696234', '1570696234', 0, 0),
(15, 8, 'Amaze Fit GTS 2', 'Xioami', 'It’s amazing', 1, '1570696441', '1570696441', 0, 0),
(16, 8, 'Amaze Fit GTS 2', 'Xioami', 'It’s amazing', 2, '1570696441', '1570696441', 0, 0),
(17, 9, 'Apple MacBook Pro 2017 Model', 'Apple', 'Apple MacBook with Touch Bar', 1, '1570702238', '1570702238', 0, 0),
(18, 9, 'Apple MacBook Pro 2017 Model', 'Apple', 'Apple MacBook with Touch Bar', 2, '1570702238', '1570702238', 0, 0),
(19, 10, '???? ??? ??? ??', '????', '???? ??? ??? ??', 1, '1570748142', '1570748142', 0, 0),
(20, 10, '???? ??? ??? ??', '????', '???? ??? ??? ??', 2, '1570748142', '1570748142', 0, 0),
(21, 11, 'ہیلو کیا ہال ہے', 'بابا', 'ہیلو کیا ہال ہے', 1, '1570748619', '1570748619', 0, 0),
(22, 11, 'ہیلو کیا ہال ہے', 'بابا', 'ہیلو کیا ہال ہے', 2, '1570748619', '1570748619', 0, 0),
(23, 12, 'یہ ایک پروڈکٹ ہے', 'بابا', 'تفصیل کے ساتھ یہ ایک بات ہے', 1, '1570775468', '1570775468', 0, 0),
(24, 12, 'یہ ایک پروڈکٹ ہے', 'بابا', 'تفصیل کے ساتھ یہ ایک بات ہے', 2, '1570775468', '1570775468', 0, 0);

-- --------------------------------------------------------

--
-- Table structure for table `product_comments`
--

CREATE TABLE `product_comments` (
  `ProductCommentID` int(11) NOT NULL,
  `ProductID` int(11) NOT NULL,
  `UserID` int(11) NOT NULL,
  `MentionedUserID` varchar(255) NOT NULL COMMENT 'Comma separated user ids',
  `MentionedUserName` varchar(255) NOT NULL COMMENT 'Comma separated usernames',
  `MentionedUserType` varchar(255) NOT NULL,
  `Comment` text CHARACTER SET utf8 NOT NULL,
  `CommentedAs` enum('user','booth') NOT NULL DEFAULT 'user' COMMENT 'This is type of user when he is commenting',
  `CreatedAt` varchar(255) NOT NULL
) ENGINE=MyISAM DEFAULT CHARSET=latin1;

--
-- Dumping data for table `product_comments`
--

INSERT INTO `product_comments` (`ProductCommentID`, `ProductID`, `UserID`, `MentionedUserID`, `MentionedUserName`, `MentionedUserType`, `Comment`, `CommentedAs`, `CreatedAt`) VALUES
(1, 11, 91, '', '', '', 'www.google.com', 'user', '1570792866'),
(2, 11, 91, '', '', '', 'www.google.com', 'user', '1570792896');

-- --------------------------------------------------------

--
-- Table structure for table `product_images`
--

CREATE TABLE `product_images` (
  `ProductImageID` int(11) NOT NULL,
  `ProductID` int(11) NOT NULL,
  `ProductImage` varchar(255) NOT NULL,
  `ProductCompressedImage` varchar(255) NOT NULL
) ENGINE=MyISAM DEFAULT CHARSET=latin1;

--
-- Dumping data for table `product_images`
--

INSERT INTO `product_images` (`ProductImageID`, `ProductID`, `ProductImage`, `ProductCompressedImage`) VALUES
(1, 1, 'uploads/products/5522124377420191010053758ProductImage1.jpg', 'uploads/products/compressed/product-image-2019101005375846758515204.png'),
(2, 1, 'uploads/products/9759238658820191010053758ProductImage2.jpg', 'uploads/products/compressed/product-image-201910100537589957171388.png'),
(3, 2, 'uploads/products/1601438868020191010050859ProductImage1.jpg', 'uploads/products/compressed/product-image-2019101005085981656092107.png'),
(4, 3, 'uploads/products/3178693102920191010053759ProductImage1.jpg', 'uploads/products/compressed/product-image-2019101005375985406110527.png'),
(5, 4, 'uploads/products/7725428066220191010060500ProductImage1.jpg', 'uploads/products/compressed/product-image-2019101006050086312303753.png'),
(6, 5, 'uploads/products/4540750770220191010063300ProductImage1.jpg', 'uploads/products/compressed/product-image-2019101006330082957321266.png'),
(7, 6, 'uploads/products/1587485669020191010065159Thu_Oct_10_11:56:13_GMT+05:00_2019.jpg', 'uploads/products/compressed/product-image-2019101006515937729775784.png'),
(8, 6, 'uploads/products/9168617148720191010065159Thu_Oct_10_11:56:20_GMT+05:00_2019.jpg', 'uploads/products/compressed/product-image-2019101006515939932019851.png'),
(9, 6, 'uploads/products/2127259278920191010065159Thu_Oct_10_11:56:27_GMT+05:00_2019.jpg', 'uploads/products/compressed/product-image-2019101006515977299960056.png'),
(10, 7, 'uploads/products/8789101837220191010083430ProductImage1.jpg', 'uploads/products/compressed/product-image-2019101008343020647926826.png'),
(11, 7, 'uploads/products/9217157008520191010083430ProductImage2.jpg', 'uploads/products/compressed/product-image-2019101008343029050655509.png'),
(12, 7, 'uploads/products/8469139661820191010083430ProductImage3.jpg', 'uploads/products/compressed/product-image-2019101008343016350522632.png'),
(13, 8, 'uploads/products/9797040991820191010080134ProductImage1.jpg', 'uploads/products/compressed/product-image-2019101008013447066078177.png'),
(14, 9, 'uploads/products/6857293720420191010103810ProductImage1.jpg', 'uploads/products/compressed/product-image-201910101038104771923570.png'),
(15, 10, 'uploads/products/6373991662320191010104255Fri_Oct_11_03:54:52_GMT+05:00_2019.jpg', 'uploads/products/compressed/product-image-2019101010425549614100740.png'),
(16, 11, 'uploads/products/1092978558720191010113903Fri_Oct_11_04:02:50_GMT+05:00_2019.jpg', 'uploads/products/compressed/product-image-2019101011390385762148107.png'),
(17, 12, 'uploads/products/3213704629720191011060831Fri_Oct_11_11:19:48_GMT+05:00_2019.jpg', 'uploads/products/compressed/product-image-2019101106083151716852340.png'),
(18, 12, 'uploads/products/8196210162720191011060831Fri_Oct_11_11:19:53_GMT+05:00_2019.jpg', 'uploads/products/compressed/product-image-2019101106083148952598503.png'),
(19, 12, 'uploads/products/2454458184720191011060831Fri_Oct_11_11:20:06_GMT+05:00_2019.jpg', 'uploads/products/compressed/product-image-2019101106083188959384509.png'),
(20, 12, 'uploads/products/612920220120191011060831Fri_Oct_11_11:20:22_GMT+05:00_2019.jpg', 'uploads/products/compressed/product-image-2019101106083120731269456.png'),
(21, 12, 'uploads/products/8773874284320191011060831Fri_Oct_11_11:20:35_GMT+05:00_2019.jpg', 'uploads/products/compressed/product-image-2019101106083191284514114.png'),
(22, 12, 'uploads/products/9243444708120191011060831Fri_Oct_11_11:20:57_GMT+05:00_2019.jpg', 'uploads/products/compressed/product-image-2019101106083118939199062.png');

-- --------------------------------------------------------

--
-- Table structure for table `product_likes`
--

CREATE TABLE `product_likes` (
  `ProductLikeID` int(11) NOT NULL,
  `ProductID` int(11) NOT NULL,
  `UserID` int(11) NOT NULL
) ENGINE=MyISAM DEFAULT CHARSET=latin1;

--
-- Dumping data for table `product_likes`
--

INSERT INTO `product_likes` (`ProductLikeID`, `ProductID`, `UserID`) VALUES
(3, 7, 86),
(6, 7, 92);

-- --------------------------------------------------------

--
-- Table structure for table `product_ratings`
--

CREATE TABLE `product_ratings` (
  `ProductRatingID` int(11) NOT NULL,
  `ProductID` int(11) NOT NULL,
  `UserID` int(11) NOT NULL,
  `OrderRequestID` int(11) NOT NULL,
  `Rating` int(11) NOT NULL,
  `Review` text CHARACTER SET utf8 NOT NULL
) ENGINE=MyISAM DEFAULT CHARSET=latin1;

--
-- Dumping data for table `product_ratings`
--

INSERT INTO `product_ratings` (`ProductRatingID`, `ProductID`, `UserID`, `OrderRequestID`, `Rating`, `Review`) VALUES
(1, 7, 86, 2, 5, 'Everyone should buy this product');

-- --------------------------------------------------------

--
-- Table structure for table `product_reported`
--

CREATE TABLE `product_reported` (
  `ProductReportID` int(11) NOT NULL,
  `ProductID` int(11) NOT NULL,
  `UserID` int(11) NOT NULL,
  `ReportReason` varchar(255) CHARACTER SET utf8 NOT NULL,
  `ReportedAt` varchar(255) NOT NULL
) ENGINE=MyISAM DEFAULT CHARSET=latin1;

--
-- Dumping data for table `product_reported`
--

INSERT INTO `product_reported` (`ProductReportID`, `ProductID`, `UserID`, `ReportReason`, `ReportedAt`) VALUES
(1, 7, 86, 'It\'s spam', '1570714274'),
(2, 11, 85, 'It\'s spam', '1570826393');

-- --------------------------------------------------------

--
-- Table structure for table `product_views`
--

CREATE TABLE `product_views` (
  `ProductViewID` int(11) NOT NULL,
  `ProductID` int(11) NOT NULL,
  `UserID` int(11) NOT NULL,
  `ViewedAt` varchar(255) NOT NULL
) ENGINE=MyISAM DEFAULT CHARSET=latin1;

--
-- Dumping data for table `product_views`
--

INSERT INTO `product_views` (`ProductViewID`, `ProductID`, `UserID`, `ViewedAt`) VALUES
(1, 1, 83, '1570687245'),
(2, 2, 83, '1570687248'),
(3, 5, 83, '1570687280'),
(4, 3, 83, '1570687362'),
(5, 1, 84, '1570690331'),
(6, 7, 85, '1570696266'),
(7, 7, 83, '1570697316'),
(8, 7, 84, '1570700321'),
(9, 9, 86, '1570702286'),
(10, 9, 85, '1570702329'),
(11, 1, 85, '1570702694'),
(12, 2, 85, '1570702765'),
(13, 7, 86, '1570702990'),
(14, 6, 84, '1570717331'),
(15, 10, 84, '1570748164'),
(16, 11, 84, '1570748632'),
(17, 11, 85, '1570764893'),
(18, 5, 85, '1570773072'),
(19, 12, 84, '1570775482'),
(20, 7, 92, '1570834624'),
(21, 3, 92, '1570834682'),
(22, 11, 92, '1570893296'),
(23, 5, 92, '1570893591'),
(24, 9, 92, '1570893639'),
(25, 1, 92, '1570893661'),
(26, 4, 84, '1571060818'),
(27, 7, 93, '1571119808');

-- --------------------------------------------------------

--
-- Table structure for table `promoted_products`
--

CREATE TABLE `promoted_products` (
  `PromotedProductID` int(11) NOT NULL,
  `PromotionID` int(11) NOT NULL,
  `ProductID` int(11) NOT NULL,
  `PromotionExpiresAt` int(11) NOT NULL
) ENGINE=MyISAM DEFAULT CHARSET=latin1;

--
-- Dumping data for table `promoted_products`
--

INSERT INTO `promoted_products` (`PromotedProductID`, `PromotionID`, `ProductID`, `PromotionExpiresAt`) VALUES
(7, 1, 7, 1571210878),
(8, 1, 5, 1571210878);

-- --------------------------------------------------------

--
-- Table structure for table `promotions`
--

CREATE TABLE `promotions` (
  `PromotionID` int(11) NOT NULL,
  `PromotionImage` varchar(255) NOT NULL,
  `PromotionExpiresAt` int(11) NOT NULL,
  `PromotionType` int(11) NOT NULL COMMENT '0 for nothing 1 for product 2 for url',
  `SortOrder` int(11) NOT NULL,
  `PromotionUrl` varchar(255) NOT NULL,
  `Hide` tinyint(4) NOT NULL,
  `IsActive` tinyint(4) NOT NULL,
  `CreatedAt` datetime NOT NULL,
  `UpdatedAt` datetime NOT NULL,
  `CreatedBy` int(11) NOT NULL,
  `UpdatedBy` int(11) NOT NULL
) ENGINE=InnoDB DEFAULT CHARSET=utf8;

--
-- Dumping data for table `promotions`
--

INSERT INTO `promotions` (`PromotionID`, `PromotionImage`, `PromotionExpiresAt`, `PromotionType`, `SortOrder`, `PromotionUrl`, `Hide`, `IsActive`, `CreatedAt`, `UpdatedAt`, `CreatedBy`, `UpdatedBy`) VALUES
(1, 'uploads/images/228508990620191010081340Screenshot_2019-10-10_at_1.32.27_PM.png', 1570783213, 1, 0, '', 0, 1, '2019-10-10 08:40:13', '2019-10-15 07:27:58', 1, 1),
(2, '', 1571208890, 2, 1, 'http://www.google.com', 0, 1, '2019-10-15 06:54:50', '2019-10-15 07:05:11', 1, 1);

-- --------------------------------------------------------

--
-- Table structure for table `promotions_text`
--

CREATE TABLE `promotions_text` (
  `PromotionTextID` int(11) NOT NULL,
  `PromotionID` int(11) NOT NULL,
  `Title` varchar(255) NOT NULL,
  `Description` text NOT NULL,
  `SystemLanguageID` int(11) NOT NULL,
  `CreatedAt` datetime NOT NULL,
  `UpdatedAt` datetime NOT NULL,
  `CreatedBy` int(11) NOT NULL,
  `UpdatedBy` int(11) NOT NULL
) ENGINE=InnoDB DEFAULT CHARSET=utf8;

--
-- Dumping data for table `promotions_text`
--

INSERT INTO `promotions_text` (`PromotionTextID`, `PromotionID`, `Title`, `Description`, `SystemLanguageID`, `CreatedAt`, `UpdatedAt`, `CreatedBy`, `UpdatedBy`) VALUES
(1, 1, 'Amaze Fit GTS', 'this', 1, '2019-10-10 08:40:13', '2019-10-15 07:27:58', 1, 1),
(2, 1, 'Amaze Fit GTS', 'this', 2, '2019-10-10 08:40:13', '2019-10-11 10:50:12', 1, 1),
(3, 2, 'test', 'testset', 1, '2019-10-15 06:54:50', '2019-10-15 07:05:11', 1, 1),
(4, 2, 'test', 'testset', 2, '2019-10-15 06:54:50', '2019-10-15 06:54:50', 1, 1);

-- --------------------------------------------------------

--
-- Table structure for table `questions`
--

CREATE TABLE `questions` (
  `QuestionID` int(11) NOT NULL,
  `UserID` int(11) NOT NULL,
  `CategoryID` int(11) NOT NULL COMMENT 'This is basically 3rd level CategoryID',
  `QuestionDescription` text CHARACTER SET utf8 NOT NULL,
  `QuestionAskedAt` varchar(255) NOT NULL
) ENGINE=MyISAM DEFAULT CHARSET=latin1;

--
-- Dumping data for table `questions`
--

INSERT INTO `questions` (`QuestionID`, `UserID`, `CategoryID`, `QuestionDescription`, `QuestionAskedAt`) VALUES
(1, 85, 140, 'Anyone have apple watch? Contact me', '1570702395');

-- --------------------------------------------------------

--
-- Table structure for table `question_comments`
--

CREATE TABLE `question_comments` (
  `QuestionCommentID` int(11) NOT NULL,
  `QuestionID` int(11) NOT NULL,
  `UserID` int(11) NOT NULL,
  `MentionedUserID` varchar(255) NOT NULL COMMENT 'Comma separated user ids',
  `MentionedUserName` varchar(255) NOT NULL COMMENT 'Comma separated usernames',
  `MentionedUserType` varchar(255) NOT NULL,
  `Comment` text CHARACTER SET utf8 NOT NULL,
  `CommentedAs` enum('user','booth') NOT NULL DEFAULT 'user' COMMENT 'This is type of user when he is commenting',
  `CreatedAt` varchar(255) NOT NULL
) ENGINE=MyISAM DEFAULT CHARSET=latin1;

--
-- Dumping data for table `question_comments`
--

INSERT INTO `question_comments` (`QuestionCommentID`, `QuestionID`, `UserID`, `MentionedUserID`, `MentionedUserName`, `MentionedUserType`, `Comment`, `CommentedAs`, `CreatedAt`) VALUES
(1, 1, 86, '', '', '', 'YES I HAVE', 'user', '1570703174');

-- --------------------------------------------------------

--
-- Table structure for table `question_images`
--

CREATE TABLE `question_images` (
  `QuestionImageID` int(11) NOT NULL,
  `QuestionID` int(11) NOT NULL,
  `CompressedImage` varchar(255) NOT NULL,
  `Image` varchar(255) NOT NULL
) ENGINE=MyISAM DEFAULT CHARSET=latin1;

-- --------------------------------------------------------

--
-- Table structure for table `question_reported`
--

CREATE TABLE `question_reported` (
  `QuestionReportID` int(11) NOT NULL,
  `QuestionID` int(11) NOT NULL,
  `UserID` int(11) NOT NULL,
  `ReportReason` varchar(255) CHARACTER SET utf8 NOT NULL,
  `ReportedAt` varchar(255) NOT NULL
) ENGINE=MyISAM DEFAULT CHARSET=latin1;

-- --------------------------------------------------------

--
-- Table structure for table `roles`
--

CREATE TABLE `roles` (
  `RoleID` int(11) NOT NULL,
  `SortOrder` int(11) NOT NULL,
  `Hide` tinyint(4) NOT NULL DEFAULT '0',
  `IsActive` tinyint(4) NOT NULL,
  `CreatedBy` datetime NOT NULL,
  `UpdatedBy` datetime NOT NULL,
  `CreatedAt` datetime NOT NULL,
  `UpdatedAt` datetime NOT NULL
) ENGINE=InnoDB DEFAULT CHARSET=utf8;

--
-- Dumping data for table `roles`
--

INSERT INTO `roles` (`RoleID`, `SortOrder`, `Hide`, `IsActive`, `CreatedBy`, `UpdatedBy`, `CreatedAt`, `UpdatedAt`) VALUES
(1, 0, 0, 1, '0000-00-00 00:00:00', '0000-00-00 00:00:00', '2018-04-03 00:00:00', '2019-04-16 12:27:22'),
(2, 1, 0, 1, '0000-00-00 00:00:00', '0000-00-00 00:00:00', '2018-05-02 11:37:19', '2019-04-16 13:15:32');

-- --------------------------------------------------------

--
-- Table structure for table `roles_text`
--

CREATE TABLE `roles_text` (
  `RoleTextID` int(11) NOT NULL,
  `RoleID` int(11) NOT NULL,
  `Title` varchar(255) NOT NULL,
  `SystemLanguageID` int(11) NOT NULL,
  `CreatedAt` datetime NOT NULL,
  `UpdatedAt` datetime NOT NULL,
  `CreatedBy` int(11) NOT NULL,
  `UpdatedBy` int(11) NOT NULL
) ENGINE=InnoDB DEFAULT CHARSET=utf8;

--
-- Dumping data for table `roles_text`
--

INSERT INTO `roles_text` (`RoleTextID`, `RoleID`, `Title`, `SystemLanguageID`, `CreatedAt`, `UpdatedAt`, `CreatedBy`, `UpdatedBy`) VALUES
(1, 1, 'Admin', 1, '0000-00-00 00:00:00', '2019-04-16 12:27:23', 0, 1),
(2, 2, 'App User', 1, '2018-05-02 11:37:19', '2019-04-16 13:15:32', 1, 1),
(7, 2, 'App User', 2, '2019-04-16 12:27:12', '2019-04-16 13:15:36', 1, 1),
(8, 1, 'Admin', 2, '2019-04-16 12:27:28', '2019-04-16 12:27:28', 1, 1);

-- --------------------------------------------------------

--
-- Table structure for table `site_images`
--

CREATE TABLE `site_images` (
  `SiteImageID` int(11) NOT NULL,
  `ImageType` varchar(50) NOT NULL,
  `FileID` int(11) NOT NULL,
  `ImageName` varchar(255) NOT NULL
) ENGINE=InnoDB DEFAULT CHARSET=utf8;

-- --------------------------------------------------------

--
-- Table structure for table `site_settings`
--

CREATE TABLE `site_settings` (
  `SiteSettingID` int(11) NOT NULL,
  `SiteName` varchar(255) NOT NULL,
  `SiteImage` varchar(255) NOT NULL,
  `Email` varchar(255) NOT NULL,
  `Whatsapp` varchar(255) NOT NULL,
  `Skype` varchar(255) NOT NULL,
  `PhoneNumber` varchar(255) NOT NULL,
  `Fax` varchar(255) NOT NULL,
  `ProductDisclaimer` text NOT NULL,
  `PromoCodeDisclaimer` text NOT NULL,
  `OpenTime` varchar(255) NOT NULL,
  `CloseTime` varchar(255) NOT NULL,
  `FacebookUrl` varchar(255) NOT NULL,
  `GoogleUrl` varchar(255) NOT NULL,
  `LinkedInUrl` varchar(255) NOT NULL,
  `TwitterUrl` varchar(255) NOT NULL,
  `VatNumber` varchar(255) NOT NULL,
  `VatPercentage` decimal(10,2) NOT NULL,
  `LoyaltyFactor` int(11) NOT NULL COMMENT 'Defines 1 SAR is equal to how many loyalty points',
  `InvitePoints` decimal(10,2) NOT NULL COMMENT 'No of points a user gets when his invited person sign up on booth app',
  `OrderCancelDays` int(11) NOT NULL,
  `OrderDisputedCancelDays` int(11) NOT NULL,
  `IOSAppVersion` decimal(10,2) NOT NULL,
  `AndroidAppVersion` decimal(10,2) NOT NULL COMMENT 'This will be version code',
  `CreatedAt` datetime NOT NULL,
  `UpdatedAt` datetime NOT NULL
) ENGINE=InnoDB DEFAULT CHARSET=utf8;

--
-- Dumping data for table `site_settings`
--

INSERT INTO `site_settings` (`SiteSettingID`, `SiteName`, `SiteImage`, `Email`, `Whatsapp`, `Skype`, `PhoneNumber`, `Fax`, `ProductDisclaimer`, `PromoCodeDisclaimer`, `OpenTime`, `CloseTime`, `FacebookUrl`, `GoogleUrl`, `LinkedInUrl`, `TwitterUrl`, `VatNumber`, `VatPercentage`, `LoyaltyFactor`, `InvitePoints`, `OrderCancelDays`, `OrderDisputedCancelDays`, `IOSAppVersion`, `AndroidAppVersion`, `CreatedAt`, `UpdatedAt`) VALUES
(1, 'Booth', 'uploads/4868715923120190419125949favicon.png', 'info@booth.com', '', '', '12345678', '', '<h3>This is product disclaimer</h3>', '<h3>This is promo code disclaimer</h3>', '1564552800', '1564596000', 'www.facebook.com/schopfen', 'www.google.com/schopfen', 'www.linkedin.com/schopfen', 'www.twitter.com/schopfen', '0000000000000000', 0.00, 0, 5.00, 5, 5, 1.00, 1.00, '2018-04-03 14:33:23', '2019-09-14 20:36:46');

-- --------------------------------------------------------

--
-- Table structure for table `system_languages`
--

CREATE TABLE `system_languages` (
  `SystemLanguageID` int(11) NOT NULL,
  `SystemLanguageTitle` varchar(255) NOT NULL,
  `ShortCode` varchar(255) NOT NULL,
  `IsDefault` tinyint(4) NOT NULL,
  `IsActive` tinyint(4) NOT NULL DEFAULT '1',
  `Hide` tinyint(4) NOT NULL DEFAULT '0',
  `CreatedAt` datetime NOT NULL,
  `UpdatedAt` datetime NOT NULL,
  `CreatedBy` int(11) NOT NULL,
  `UpdatedBy` int(11) NOT NULL
) ENGINE=InnoDB DEFAULT CHARSET=utf8;

--
-- Dumping data for table `system_languages`
--

INSERT INTO `system_languages` (`SystemLanguageID`, `SystemLanguageTitle`, `ShortCode`, `IsDefault`, `IsActive`, `Hide`, `CreatedAt`, `UpdatedAt`, `CreatedBy`, `UpdatedBy`) VALUES
(1, 'English', 'EN', 1, 0, 0, '2018-04-09 00:00:00', '2018-07-04 16:09:38', 0, 1),
(2, 'Arabic', 'AR', 0, 0, 0, '2018-04-09 00:00:00', '2018-07-04 16:07:19', 0, 1);

-- --------------------------------------------------------

--
-- Table structure for table `temp_orders`
--

CREATE TABLE `temp_orders` (
  `TempOrderID` int(11) NOT NULL,
  `BoothID` int(11) NOT NULL COMMENT 'UserID of the product, who added this product',
  `UserID` int(11) NOT NULL COMMENT 'UserID of person adding item to cart',
  `ProductID` int(11) NOT NULL,
  `IsEdited` tinyint(4) NOT NULL,
  `ProductQuantity` int(11) NOT NULL
) ENGINE=MyISAM DEFAULT CHARSET=latin1;

--
-- Dumping data for table `temp_orders`
--

INSERT INTO `temp_orders` (`TempOrderID`, `BoothID`, `UserID`, `ProductID`, `IsEdited`, `ProductQuantity`) VALUES
(3, 83, 86, 5, 0, 1),
(6, 86, 92, 9, 0, 1),
(10, 84, 85, 11, 0, 1);

-- --------------------------------------------------------

--
-- Table structure for table `test`
--

CREATE TABLE `test` (
  `id` int(11) NOT NULL,
  `title` varchar(255) COLLATE utf8mb4_unicode_ci NOT NULL
) ENGINE=MyISAM DEFAULT CHARSET=utf8mb4 COLLATE=utf8mb4_unicode_ci;

-- --------------------------------------------------------

--
-- Table structure for table `themes`
--

CREATE TABLE `themes` (
  `ThemeID` int(11) NOT NULL,
  `Image` varchar(255) NOT NULL,
  `Color` varchar(255) NOT NULL,
  `SortOrder` int(11) NOT NULL,
  `Hide` tinyint(4) NOT NULL,
  `IsActive` tinyint(4) NOT NULL,
  `CreatedAt` datetime NOT NULL,
  `UpdatedAt` datetime NOT NULL,
  `CreatedBy` int(11) NOT NULL,
  `UpdatedBy` int(11) NOT NULL
) ENGINE=MyISAM DEFAULT CHARSET=utf8;

--
-- Dumping data for table `themes`
--

INSERT INTO `themes` (`ThemeID`, `Image`, `Color`, `SortOrder`, `Hide`, `IsActive`, `CreatedAt`, `UpdatedAt`, `CreatedBy`, `UpdatedBy`) VALUES
(2, 'uploads/1792704971620190503090803orange_thumb@3x.png', '#d57a18', 1, 0, 1, '2019-04-25 13:37:00', '2019-05-03 09:03:08', 1, 1),
(6, 'uploads/16367212321201908020114231792704971620190503090803orange_thumb@3x.png', '#ff5e70', 2, 0, 1, '2019-08-02 13:23:14', '2019-08-02 13:23:48', 1, 1),
(7, 'uploads/42546762559201908020142341792704971620190503090803orange_thumb@3x.png', '#0073ff', 3, 0, 1, '2019-08-02 13:34:42', '2019-08-02 13:34:42', 1, 1),
(8, 'uploads/43090375531201908020114351792704971620190503090803orange_thumb@3x.png', '#222222', 4, 0, 1, '2019-08-02 13:35:14', '2019-08-02 13:35:14', 1, 1);

-- --------------------------------------------------------

--
-- Table structure for table `themes_text`
--

CREATE TABLE `themes_text` (
  `ThemeTextID` int(11) NOT NULL,
  `ThemeID` int(11) NOT NULL,
  `Title` varchar(255) NOT NULL,
  `SystemLanguageID` int(11) NOT NULL,
  `CreatedAt` datetime NOT NULL,
  `UpdatedAt` datetime NOT NULL,
  `CreatedBy` int(11) NOT NULL,
  `UpdatedBy` int(11) NOT NULL
) ENGINE=MyISAM DEFAULT CHARSET=utf8;

--
-- Dumping data for table `themes_text`
--

INSERT INTO `themes_text` (`ThemeTextID`, `ThemeID`, `Title`, `SystemLanguageID`, `CreatedAt`, `UpdatedAt`, `CreatedBy`, `UpdatedBy`) VALUES
(3, 2, 'Orange', 1, '2019-04-25 13:37:00', '2019-05-03 09:03:08', 1, 1),
(7, 6, 'Pink', 1, '2019-08-02 13:23:14', '2019-08-02 13:23:48', 1, 1),
(8, 7, 'Blue', 1, '2019-08-02 13:34:42', '2019-08-02 13:34:42', 1, 1),
(9, 8, 'Grey', 1, '2019-08-02 13:35:14', '2019-08-02 13:35:14', 1, 1);

-- --------------------------------------------------------

--
-- Table structure for table `theme_styles`
--

CREATE TABLE `theme_styles` (
  `ThemeStyleID` int(11) NOT NULL,
  `ThemeID` int(11) NOT NULL,
  `ParentID` int(11) NOT NULL,
  `StyleTitleEn` varchar(255) NOT NULL,
  `StyleTitleAr` varchar(255) CHARACTER SET utf8 NOT NULL,
  `StyleImage` varchar(255) NOT NULL,
  `IsActive` tinyint(4) NOT NULL
) ENGINE=MyISAM DEFAULT CHARSET=latin1;

--
-- Dumping data for table `theme_styles`
--

INSERT INTO `theme_styles` (`ThemeStyleID`, `ThemeID`, `ParentID`, `StyleTitleEn`, `StyleTitleAr`, `StyleImage`, `IsActive`) VALUES
(1, 2, 0, 'Solid Top', 'Solid Top arabic', 'uploads/8425467687320190510015930o_bot_solid_f@3x.png', 1),
(2, 2, 0, 'Stripes Top', 'Stripes Top', 'uploads/8386162901420190510013735o_top_stripe@3x.png', 1),
(3, 2, 1, 'Stripe And Solid Bottom', 'Stripe And Solid Bottom', 'uploads/9908601101020190510013934o_bot_stripe_p@3x.png', 1),
(4, 2, 1, 'Pointed Bottom', 'Pointed Bottom', 'uploads/3275339424420190510010433o_bot_solid_p@3x.png', 1),
(5, 2, 1, 'Rounded Bottom', 'Rounded Bottom', 'uploads/3443070925520190510015433o_bot_solid_r@3x.png', 1),
(6, 2, 2, 'Solid Bottom', 'Solid Bottom', 'uploads/9039575494720190510010136o_bot_solid_p@3x.png', 1),
(7, 2, 2, 'Solid Round Bottom', 'Solid Round Bottom', 'uploads/2020931560120190510012436o_bot_solid_r@3x.png', 1),
(8, 2, 2, 'Pointed Bottom', 'Pointed Bottom', 'uploads/7220003088120190510011237o_bot_stripe_p@3x.png', 1),
(17, 2, 1, 'Stripe And Solid Round Bottom', 'Stripe And Solid Round Bottom', 'uploads/3289248433320190510010935o_bot_stripe_r@3x.png', 1),
(18, 2, 2, 'Round Stripe Bottom', 'Round Stripe Bottom', 'uploads/6832950675020190510014937o_bot_stripe_r@3x.png', 1),
(19, 6, 0, 'Solid Top', 'Solid Top arabic', 'uploads/51035616104201908020151248425467687320190510015930o_bot_solid_f@3x.png', 1),
(20, 6, 0, 'Stripes Top', 'Stripes Top Ar', 'uploads/33910645486201908020117258386162901420190510013735o_top_stripe@3x.png', 1),
(21, 6, 19, 'Stripe And Solid Bottom', 'Stripe And Solid Bottom', 'uploads/80630133716201908020138269908601101020190510013934o_bot_stripe_p@3x_(1).png', 1),
(22, 6, 19, 'Pointed Bottom', 'Pointed Bottom', 'uploads/75540977476201908020106273275339424420190510010433o_bot_solid_p@3x_(1).png', 1),
(23, 6, 19, 'Stripe And Solid Round Bottom', 'Stripe And Solid Round Bottom', 'uploads/28562420633201908020101283289248433320190510010935o_bot_stripe_r@3x.png', 1),
(24, 6, 19, 'Rounded Bottom', 'Rounded Bottom', 'uploads/86271471525201908020120283443070925520190510015433o_bot_solid_r@3x.png', 1),
(25, 6, 20, 'Stripe And Solid Bottom', 'Stripe And Solid Bottom', 'uploads/80630133716201908020138269908601101020190510013934o_bot_stripe_p@3x_(1).png', 1),
(26, 6, 20, 'Pointed Bottom', 'Pointed Bottom', 'uploads/75540977476201908020106273275339424420190510010433o_bot_solid_p@3x_(1).png', 1),
(27, 6, 20, 'Stripe And Solid Round Bottom', 'Stripe And Solid Round Bottom', 'uploads/28562420633201908020101283289248433320190510010935o_bot_stripe_r@3x.png', 1),
(28, 6, 20, 'Rounded Bottom', 'Rounded Bottom', 'uploads/86271471525201908020120283443070925520190510015433o_bot_solid_r@3x.png', 1),
(29, 7, 0, 'Solid Top', 'Solid Top', 'uploads/1687666374201908020158358425467687320190510015930o_bot_solid_f@3x.png', 1),
(30, 7, 0, 'Stripes Top', 'Stripes Top', 'uploads/61680182878201908020118368386162901420190510013735o_top_stripe@3x.png', 1),
(31, 7, 29, 'Stripe And Solid Bottom', 'Stripe And Solid Bottom', 'uploads/61663177901201908020113379908601101020190510013934o_bot_stripe_p@3x_(1).png', 1),
(32, 7, 29, 'Pointed Bottom', 'Pointed Bottom', 'uploads/44662026969201908020131373275339424420190510010433o_bot_solid_p@3x_(1).png', 1),
(33, 7, 29, 'Stripe And Solid Round Bottom', 'Stripe And Solid Round Bottom', 'uploads/50258640125201908020121393289248433320190510010935o_bot_stripe_r@3x.png', 1),
(34, 7, 29, 'Rounded Bottom', 'Rounded Bottom', 'uploads/64096443556201908020138393443070925520190510015433o_bot_solid_r@3x.png', 1),
(35, 7, 30, 'Stripe And Solid Bottom', 'Stripe And Solid Bottom', 'uploads/61663177901201908020113379908601101020190510013934o_bot_stripe_p@3x_(1).png', 1),
(36, 7, 30, 'Pointed Bottom', 'Pointed Bottom', 'uploads/44662026969201908020131373275339424420190510010433o_bot_solid_p@3x_(1).png', 1),
(37, 7, 30, 'Stripe And Solid Round Bottom', 'Stripe And Solid Round Bottom', 'uploads/50258640125201908020121393289248433320190510010935o_bot_stripe_r@3x.png', 1),
(38, 7, 30, 'Rounded Bottom', 'Rounded Bottom', 'uploads/64096443556201908020138393443070925520190510015433o_bot_solid_r@3x.png', 1),
(39, 8, 0, 'Solid Top', 'Solid Top', 'uploads/23854259047201908020255008425467687320190510015930o_bot_solid_f@3x.png', 1),
(40, 8, 0, 'Stripes Top', 'Stripes Top', 'uploads/34818158002201908020210018386162901420190510013735o_top_stripe@3x.png', 1),
(41, 8, 39, 'Stripe And Solid Bottom', 'Stripe And Solid Bottom', 'uploads/13776171870201908020202029908601101020190510013934o_bot_stripe_p@3x_(1).png', 1),
(42, 8, 39, 'Pointed Bottom', 'Pointed Bottom', 'uploads/261744076201908020217023275339424420190510010433o_bot_solid_p@3x_(1).png', 1),
(43, 8, 39, 'Stripe And Solid Round Bottom', 'Stripe And Solid Round Bottom', 'uploads/60589639951201908020238023289248433320190510010935o_bot_stripe_r@3x.png', 1),
(44, 8, 39, 'Rounded Bottom', 'Rounded Bottom', 'uploads/21474525751201908020251023443070925520190510015433o_bot_solid_r@3x.png', 1),
(45, 8, 40, 'Stripe And Solid Bottom', 'Stripe And Solid Bottom', 'uploads/13776171870201908020202029908601101020190510013934o_bot_stripe_p@3x_(1).png', 1),
(46, 8, 40, 'Pointed Bottom', 'Pointed Bottom', 'uploads/261744076201908020217023275339424420190510010433o_bot_solid_p@3x_(1).png', 1),
(47, 8, 40, 'Stripe And Solid Round Bottom', 'Stripe And Solid Round Bottom', 'uploads/60589639951201908020238023289248433320190510010935o_bot_stripe_r@3x.png', 1),
(48, 8, 40, 'Rounded Bottom', 'Rounded Bottom', 'uploads/21474525751201908020251023443070925520190510015433o_bot_solid_r@3x.png', 1);

-- --------------------------------------------------------

--
-- Table structure for table `tickets`
--

CREATE TABLE `tickets` (
  `TicketID` int(11) NOT NULL,
  `OrderRequestID` int(11) NOT NULL,
  `TicketNumber` varchar(255) NOT NULL,
  `TicketStatus` int(11) NOT NULL COMMENT '0 means ongoing, 1 means closed ticket, 2 means raised to admin',
  `CreatedAt` varchar(255) NOT NULL
) ENGINE=MyISAM DEFAULT CHARSET=latin1;

-- --------------------------------------------------------

--
-- Table structure for table `ticket_comments`
--

CREATE TABLE `ticket_comments` (
  `TicketCommentID` int(11) NOT NULL,
  `TicketID` int(11) NOT NULL,
  `UserID` int(11) NOT NULL,
  `Message` text CHARACTER SET utf8 NOT NULL,
  `CreatedAt` varchar(255) NOT NULL
) ENGINE=MyISAM DEFAULT CHARSET=latin1;

-- --------------------------------------------------------

--
-- Table structure for table `users`
--

CREATE TABLE `users` (
  `UserID` int(11) NOT NULL,
  `RoleID` int(11) NOT NULL,
  `UserName` varchar(255) NOT NULL,
  `BoothUserName` varchar(255) NOT NULL,
  `Email` varchar(255) NOT NULL,
  `Mobile` varchar(255) NOT NULL,
  `OTP` varchar(255) NOT NULL COMMENT 'This is OTP that will be used for just once for verification',
  `Gender` enum('Male','Female','') DEFAULT NULL,
  `CityID` int(11) NOT NULL,
  `Password` varchar(255) NOT NULL,
  `CompressedImage` varchar(255) NOT NULL,
  `Image` varchar(500) NOT NULL,
  `CompressedCoverImage` varchar(255) NOT NULL,
  `CoverImage` varchar(255) NOT NULL,
  `CompressedBoothImage` varchar(255) NOT NULL,
  `BoothImage` varchar(255) NOT NULL,
  `CompressedBoothCoverImage` varchar(255) NOT NULL,
  `BoothCoverImage` varchar(255) NOT NULL,
  `LastState` enum('user','booth') NOT NULL DEFAULT 'user',
  `BoothType` enum('Physical','Virtual') NOT NULL DEFAULT 'Physical',
  `IsEmailVerified` tinyint(4) NOT NULL DEFAULT '1',
  `IsMobileVerified` tinyint(4) NOT NULL DEFAULT '1',
  `Verification` varchar(255) NOT NULL,
  `PaymentAccountNumber` varchar(255) NOT NULL,
  `PaymentAccountHolderName` varchar(255) NOT NULL,
  `PaymentAccountBankBranch` varchar(255) NOT NULL,
  `ContactDays` text NOT NULL,
  `ContactTimeFrom` varchar(255) NOT NULL,
  `ContactTimeTo` varchar(255) NOT NULL,
  `IsProfileCustomized` tinyint(4) NOT NULL COMMENT 'It will have 1 if profile is fully customized',
  `HideContactNo` tinyint(4) NOT NULL,
  `Points` decimal(10,2) NOT NULL COMMENT 'Points a user gets when his invited person sign up',
  `DeviceType` varchar(50) NOT NULL,
  `DeviceToken` varchar(255) NOT NULL,
  `IsActive` tinyint(4) NOT NULL DEFAULT '1',
  `MaroofLink` varchar(255) NOT NULL,
  `MaroofVerifyRequest` tinyint(4) NOT NULL DEFAULT '0',
  `MaroofVerified` tinyint(4) NOT NULL DEFAULT '0',
  `Hide` tinyint(4) NOT NULL,
  `Notification` enum('on','off') NOT NULL DEFAULT 'on',
  `OnlineStatus` enum('Offline','Online','Busy') NOT NULL DEFAULT 'Offline',
  `OS` varchar(255) NOT NULL,
  `AppStatus` tinyint(4) NOT NULL COMMENT '0 means background, 1 means foreground',
  `IsLikesPrivate` tinyint(4) NOT NULL DEFAULT '0',
  `IsWishListPrivate` tinyint(4) NOT NULL DEFAULT '0',
  `IsOrdersPrivate` tinyint(4) NOT NULL DEFAULT '0',
  `SortOrder` int(11) NOT NULL,
  `CreatedAt` varchar(255) NOT NULL,
  `UpdatedAt` varchar(255) NOT NULL,
  `BoothAddress` varchar(255) NOT NULL,
  `BoothLat` varchar(255) NOT NULL,
  `BoothLong` varchar(255) NOT NULL
) ENGINE=InnoDB DEFAULT CHARSET=utf8;

--
-- Dumping data for table `users`
--

INSERT INTO `users` (`UserID`, `RoleID`, `UserName`, `BoothUserName`, `Email`, `Mobile`, `OTP`, `Gender`, `CityID`, `Password`, `CompressedImage`, `Image`, `CompressedCoverImage`, `CoverImage`, `CompressedBoothImage`, `BoothImage`, `CompressedBoothCoverImage`, `BoothCoverImage`, `LastState`, `BoothType`, `IsEmailVerified`, `IsMobileVerified`, `Verification`, `PaymentAccountNumber`, `PaymentAccountHolderName`, `PaymentAccountBankBranch`, `ContactDays`, `ContactTimeFrom`, `ContactTimeTo`, `IsProfileCustomized`, `HideContactNo`, `Points`, `DeviceType`, `DeviceToken`, `IsActive`, `MaroofLink`, `MaroofVerifyRequest`, `MaroofVerified`, `Hide`, `Notification`, `OnlineStatus`, `OS`, `AppStatus`, `IsLikesPrivate`, `IsWishListPrivate`, `IsOrdersPrivate`, `SortOrder`, `CreatedAt`, `UpdatedAt`, `BoothAddress`, `BoothLat`, `BoothLong`) VALUES
(1, 1, '', '', 'admin@booth.com', '+9233688093000', '0', '', 1, '25d55ad283aa400af464c76d713c07ad', '', '', '', '', '', '', '', '', 'user', 'Physical', 1, 1, '', '', '', '', '', '', '', 0, 0, 0.00, 'Android', 'eqUJfShNw38:APA91bF7r2tD3WoDxJwtE033TVCseXxUkeexMLROOXWPQtR9WyCaB7o0Wa6he10UKqTP0Ah-yaBC83-tZrvQgiYUa89pZQS1lqpa9VERe5_YaIHoqm0d4Dzl5IUbAWvSsqUGA0Irza9P', 1, '', 0, 0, 0, 'on', 'Offline', '', 0, 0, 0, 0, 0, '1543388192', '1543388192', '', '', ''),
(83, 2, '', 'harry', 'hardeezz@harry.com', '+966565452255', '', '', 4, '25d55ad283aa400af464c76d713c07ad', '', '', '', '', 'uploads/users/compressed/user-image-b1570697282.png', 'uploads/users/7614726069220191010080248BoothImage.jpg', 'uploads/users/compressed/user-image-1570697282.png', 'uploads/users/7155244673520191010080248BoothImage.jpg', 'booth', 'Virtual', 1, 1, '', '', '', '', 'Monday,Tuesday,Wednesday,Thursday,Friday', '1570683609', '1570716018', 1, 0, 0.00, 'ios', '', 1, '', 0, 0, 0, 'on', 'Offline', '13.1.2', 1, 0, 0, 0, 0, '1570686528', '1570686569', '', '', ''),
(84, 2, 'ahsan12', 'baba', 'ahsan@zynq.net', '+13075172531', '', 'Male', 4, '02c75fb22c75b23dc963c7eb91a062cc', 'uploads/users/compressed/user-image-1571052534.png', 'uploads/users/2094913725220191014115428Mon_Oct_14_16:28:33_GMT+05:00_2019.jpg', '', '', 'uploads/users/compressed/user-image-b1570690539.png', 'uploads/users/6272943068020191010063955.png', 'uploads/users/compressed/user-image-1570690539.png', 'uploads/users/9620173915220191010063955.png', 'user', 'Physical', 1, 0, '', '', '', '', 'Monday,Tuesday,Wednesday,Thursday,Friday', '-8400', '-4500', 1, 0, 0.00, 'Android', 'fF0f5wQQ5Qc:APA91bGYPQJZ5UfP2eqt_ATI0D5Cs3fC75VNvkvyiDKpBjUcHXk-dAT4B_yFah8naPH21uYwR_uwPUmJ42GigBmCAG7YPms8wPuwfZ9dc_8gD-A_Mb_X1JLnJETkIbgU8Leh9fmRr7nf', 1, '', 0, 0, 0, 'on', 'Online', '7.1.1', 0, 0, 0, 0, 0, '1570690227', '1571054578', '', '', ''),
(85, 2, 's4salman', 'amaze_fit', 'm.salman@zynq.net', '+966112345678', '', 'Male', 4, '25d55ad283aa400af464c76d713c07ad', 'uploads/users/compressed/user-image-1570702738.png', 'uploads/users/6946904883020191010105818Image.jpg', '', '', 'uploads/users/compressed/user-image-b1570696012.png', 'uploads/users/3436316929920191010085226BoothImage.jpg', 'uploads/users/compressed/user-image-1570696012.png', 'uploads/users/4950548901120191010085226BoothImage.jpg', 'user', 'Virtual', 1, 1, '', '', '', '', 'Monday,Tuesday,Wednesday,Thursday,Friday,Saturday,Sunday', '1570683631', '1570726839', 1, 0, 0.00, 'ios', 'f1on-_0BwpI:APA91bHcVZte08T9T2aSkHjlWFBhhkmxTxBGjd34Pwj0WG9STkqyxX8Yw8Gnj2QEwj8Iu7iETXdDC4o4rIdHPxHW9AuhukgfrKGY582T30ugxscKcpe3Xa2QbFuADmVn3PnFR3kQnVXP', 1, '', 0, 0, 0, 'on', 'Online', '13.1.0', 0, 0, 0, 0, 0, '1570695740', '1571120062', '', '', ''),
(86, 2, 'JHON123', 'Mac', 'mac@gmail.com', '+966112345679', '', 'Male', 4, '25d55ad283aa400af464c76d713c07ad', '', '', '', '', 'uploads/users/compressed/user-image-1570702062.png', 'uploads/users/4731407538920191010104207BoothImage.jpg', 'uploads/users/compressed/user-image-1570702154.png', 'uploads/users/7733673957820191010101409.jpg', 'user', 'Virtual', 1, 1, '', '', '', '', 'Monday,Tuesday,Wednesday,Friday,Thursday,Saturday,Sunday', '1570683656', '1570726801', 1, 0, 0.00, 'ios', 'eKkw-TbcHN8:APA91bH1XBl-1qPfZcERS4NgHKMZhkhy60eyB2wfn3vl2thY4aJTEGvQvVwzcqX3Kw3uYqheRZe2tyvPgd9fzGmR-e6xK7QOcKF0bmFaNKkZ7ZIw-cZktD4HbERU6p-v1ftr3AQbngtc', 1, '', 0, 0, 0, 'on', 'Online', '13.1.2', 0, 1, 1, 1, 0, '1570702062', '1571073716', '', '', ''),
(87, 2, 'testing', '', 'test@gmail.com', '+923096532142', '', 'Male', 6, '02c75fb22c75b23dc963c7eb91a062cc', '', '/9j/4AAQSkZJRgABAQAAAQABAAD/2wBDAAMCAgMCAgMDAwMEAwMEBQgFBQQEBQoHBwYIDAoMDAsK\nCwsNDhIQDQ4RDgsLEBYQERMUFRUVDA8XGBYUGBIUFRT/2wBDAQMEBAUEBQkFBQkUDQsNFBQUFBQU\nFBQUFBQUFBQUFBQUFBQUFBQUFBQUFBQUFBQUFBQUFBQUFBQUFBQUFBQUFBT/wAARCAQABAADASIA\nAhEBAxEB/8QAHQAAAAcBAQEAAAAAAAAAAAAAAAECAwQFBgcICf/EAE4QAAIBAgUCBAMFBwMDAgMC\nDwECEQADBAUSITFBUQYTImEHcYEUMpGhsQgjQsHR4fAVUvEWM2IkcglDU4KSFyU0RKI2VGODssI1\nc4TS/8QAGwEAAgMBAQEAAAAAAAAAAAAAAAIBAwQFBgf/xAAqEQACAgICAgIDAQADAQEBAQAAAQIR\nAyESMQRBIlETMmFxBRRCM4FSI//aAAwDAQACEQ', '', '', '', '', '', '', 'user', 'Physical', 1, 1, '', '', '', '', '', '', '', 0, 0, 0.00, 'Android', '', 1, '', 0, 0, 0, 'on', 'Offline', '9', 0, 0, 0, 0, 0, '1570716416', '1570716782', '', '', ''),
(88, 2, 'ahsan1122', 'ahsan1122', 'ahsan.rafiq531@gmail.com', '+923075172532', '', 'Male', 8, '02c75fb22c75b23dc963c7eb91a062cc', 'uploads/users/compressed/user-image-1570790454.png', 'uploads/users/9979562628420191011105440Fri_Oct_11_15:40:33_GMT+05:00_2019.jpg', '', '', 'uploads/users/compressed/user-image-1570777551.png', 'uploads/users/1477454736920191011075105Fri_Oct_11_12:03:28_GMT+05:00_2019.jpg', 'uploads/users/compressed/user-image-1570787975.png', 'uploads/users/4700081148420191011093559Fri_Oct_11_14:59:22_GMT+05:00_2019.jpg', 'booth', 'Physical', 1, 1, '', '', '', '', 'Monday,Tuesday,Wednesday,Thursday', '39000', '42900', 1, 0, 0.00, 'Android', 'eFTBOILGxHY:APA91bGRukM_BCls88kl5bpAEd6wK-lHVZgB09WvhaPvTCmaCr3tgQ0X0_6IoQ65G0ZhBY8BW6mXClCUngw48nBoDxCr6gSNbgwu-cr-Gb4idFZD2DE4psIQjLNRLA9yfvBxr-rRrBIi', 1, '', 0, 0, 0, 'on', 'Online', '9', 0, 0, 0, 0, 0, '1570777551', '1570790454', 'Chaakar-i-Azam Rind Underpass, Quaid-i-Azam Campus, Lahore, Punjab, Pakistan\n', '31.486936234907724', '74.29288476705551'),
(89, 2, 'ahsan1234', 'ahsan12345', 'ahsan@asd.com', '+923075172533', '', 'Male', 6, '02c75fb22c75b23dc963c7eb91a062cc', 'uploads/users/compressed/user-image-1570786276.png', 'uploads/users/5643078981420191011091631Fri_Oct_11_14:31:08_GMT+05:00_2019.jpg', '', '', 'uploads/users/compressed/user-image-b1570787859.png', 'uploads/users/1181470324720191011093957Fri_Oct_11_14:56:38_GMT+05:00_2019.jpg', 'uploads/users/compressed/user-image-1570787859.png', 'uploads/users/9569817025820191011093957Fri_Oct_11_14:56:49_GMT+05:00_2019.jpg', 'user', 'Virtual', 1, 1, '', '', '', '', 'Thursday,Wednesday,Tuesday,Monday', '42300', '46500', 1, 0, 0.00, 'Android', '', 1, '', 0, 0, 0, 'on', 'Offline', '9', 0, 0, 0, 0, 0, '1570780541', '1570787886', '', '', ''),
(90, 2, 'hsjsbdbdvghh', 'hsjsbdbd', 'hshdr@hsjs.com', '+923065421725', '', 'Male', 6, '02c75fb22c75b23dc963c7eb91a062cc', 'uploads/users/compressed/user-image-1570791146.png', 'uploads/users/8047308568020191011102652Fri_Oct_11_15:52:03_GMT+05:00_2019.jpg', '', '', 'uploads/users/compressed/user-image-b1570791099.png', 'uploads/users/453470646820191011103951Fri_Oct_11_15:51:00_GMT+05:00_2019.jpg', 'uploads/users/compressed/user-image-1570791099.png', 'uploads/users/5958374573920191011103951Fri_Oct_11_15:51:05_GMT+05:00_2019.jpg', 'user', 'Physical', 1, 1, '', '', '', '', 'Thursday,Wednesday,Monday,Tuesday,Friday', '54900', '66300', 1, 0, 0.00, 'Android', '', 1, '', 0, 0, 0, 'on', 'Offline', '9', 0, 0, 0, 0, 0, '1570791029', '1570791167', 'Ghazi Rd, Gulshan e Ali Colony, Lahore, Punjab, Pakistan\n', '31.49315428105178', '74.4169121235609'),
(91, 2, 'ghiccy', 'ghiccy', 'fugug@ugugh.com', '+923054217253', '', 'Male', 7, '02c75fb22c75b23dc963c7eb91a062cc', 'uploads/users/compressed/user-image-1570791868.png', 'uploads/users/6316958470420191011112804Fri_Oct_11_16:04:05_GMT+05:00_2019.jpg', '', '', 'uploads/users/compressed/user-image-b1570791528.png', 'uploads/users/7709785281620191011104858Fri_Oct_11_15:55:00_GMT+05:00_2019.jpg', 'uploads/users/compressed/user-image-1570791528.png', 'uploads/users/9436517079020191011104858Fri_Oct_11_15:55:06_GMT+05:00_2019.jpg', 'user', 'Physical', 1, 1, '', '', '', '', 'Thursday,Wednesday,Monday,Tuesday,Friday', '44400', '49500', 1, 0, 0.00, 'Android', 'fGhb94Bi56k:APA91bFFvEF-pYn45qxDS9DY7DdxNv_rmaaN9tb1ZckC70T-sVlIGTr2a4usGWn0jx8SftKBq7Hx8hf1_ynTzMXRmaWCKgLdZTz3eTxIL-UQpC7N5rGJfyf-JQxoQe2P1BUd2sXUeHtU', 1, '', 0, 0, 0, 'on', 'Online', '9', 0, 0, 0, 0, 0, '1570791274', '1570894580', 'Divine Mega 2, Ghazi Rd, Gulshan e Ali Colony, Lahore, Punjab, Pakistan\n', '31.49362371260104', '74.41699828952551'),
(92, 2, 'habdullah8', '', 'husammq@hotmail.com', '+966506352027', '', 'Male', 4, '25d55ad283aa400af464c76d713c07ad', 'uploads/users/compressed/user-image-1570895814.png', 'uploads/users/1574736533020191012035456Sat_Oct_12_18:56:39_GMT+03:00_2019.jpg', '', '', '', '', '', '', 'user', 'Physical', 1, 1, '', '', '', '', '', '', '', 0, 0, 0.00, 'Android', '', 1, '', 0, 0, 0, 'on', 'Offline', '8.0.0', 0, 0, 0, 0, 0, '1570834414', '1570921759', '', '', ''),
(93, 2, 'test12', '', 'test@test.com', '+966112323232', '', 'Male', 4, '25d55ad283aa400af464c76d713c07ad', '', '', '', '', '', '', '', '', 'user', 'Physical', 1, 1, '', '', '', '', '', '', '', 0, 0, 0.00, 'ios', '', 1, '', 0, 0, 0, 'on', 'Offline', '13.1.0', 0, 0, 0, 0, 0, '1571119769', '1571119788', '', '', '');

-- --------------------------------------------------------

--
-- Table structure for table `users_blocked`
--

CREATE TABLE `users_blocked` (
  `UserBlockedTblID` int(11) NOT NULL,
  `UserID` int(11) NOT NULL COMMENT 'Who is blocking',
  `UserType` enum('user','booth') NOT NULL,
  `BlockedUserID` int(11) NOT NULL COMMENT 'Who is being blocked',
  `BlockedUserType` enum('user','booth') NOT NULL COMMENT 'This is type of user being blocked as',
  `BlockedAt` varchar(255) NOT NULL
) ENGINE=MyISAM DEFAULT CHARSET=latin1;

-- --------------------------------------------------------

--
-- Table structure for table `users_reported`
--

CREATE TABLE `users_reported` (
  `UserID` int(11) NOT NULL COMMENT 'who is reporting',
  `ReportedUserID` int(11) NOT NULL COMMENT 'who is being reported',
  `ReportReason` varchar(255) CHARACTER SET utf8 NOT NULL,
  `ReportedUserType` enum('user','booth') NOT NULL,
  `ReportedAt` varchar(255) NOT NULL
) ENGINE=MyISAM DEFAULT CHARSET=latin1;

-- --------------------------------------------------------

--
-- Table structure for table `users_text`
--

CREATE TABLE `users_text` (
  `UserTextID` int(11) NOT NULL,
  `UserID` int(11) NOT NULL,
  `FullName` varchar(255) NOT NULL,
  `BoothName` varchar(255) NOT NULL,
  `About` text NOT NULL,
  `SystemLanguageID` int(11) NOT NULL
) ENGINE=InnoDB DEFAULT CHARSET=utf8;

--
-- Dumping data for table `users_text`
--

INSERT INTO `users_text` (`UserTextID`, `UserID`, `FullName`, `BoothName`, `About`, `SystemLanguageID`) VALUES
(1, 1, 'Admin', '', '', 1),
(126, 83, '', 'hardeezz', 'Hardeezz bingo', 1),
(127, 84, 'Ahsan rafiq', 'BaBa', 'hjucyubu', 1),
(128, 85, 'Muhammad Salman', 'Amaze Fit', 'Hi this store only for smart watches', 1),
(129, 86, 'JHON', 'MacBook', 'It’s an official apple store', 1),
(130, 87, 'test', '', '', 1),
(131, 88, 'کاشف', 'الحسن ', 'jsjsjsjjss', 1),
(132, 89, 'محمد احسن', 'Muhammad Ahsan Rafiq', 'خسخسجبعبعبس', 1),
(133, 90, 'helloo', 'hejsbsbs', 'jgxiycuv', 1),
(134, 91, 'ohcohcu', 'ho oh i', 'chiicy8c8ycy', 1),
(135, 92, 'Husam Abdullah', '', '', 1),
(136, 93, 'testing', '', '', 1);

-- --------------------------------------------------------

--
-- Table structure for table `user_addresses`
--

CREATE TABLE `user_addresses` (
  `AddressID` int(11) NOT NULL,
  `AddressTitle` varchar(255) NOT NULL,
  `UserID` int(11) NOT NULL,
  `RecipientName` varchar(255) NOT NULL,
  `Email` varchar(255) NOT NULL,
  `Mobile` varchar(255) NOT NULL,
  `Gender` enum('male','female') NOT NULL,
  `ApartmentNo` varchar(255) NOT NULL,
  `Address1` varchar(255) NOT NULL,
  `Address2` varchar(255) NOT NULL,
  `City` varchar(255) NOT NULL,
  `Latitude` double NOT NULL,
  `Longitude` double NOT NULL,
  `IsDefault` tinyint(4) NOT NULL,
  `Hide` tinyint(4) NOT NULL COMMENT '1 means not to show to user'
) ENGINE=InnoDB DEFAULT CHARSET=utf8;

--
-- Dumping data for table `user_addresses`
--

INSERT INTO `user_addresses` (`AddressID`, `AddressTitle`, `UserID`, `RecipientName`, `Email`, `Mobile`, `Gender`, `ApartmentNo`, `Address1`, `Address2`, `City`, `Latitude`, `Longitude`, `IsDefault`, `Hide`) VALUES
(1, 'WORK', 86, 'JHON', 'mac@gmail.com', '+966112345679', 'male', '123', 'Stonehenge, Amesbury, Salisbury, SP4, England, United Kingdom', '', 'Salisbury', 51.17889991879489, -1.8263999372720716, 0, 0),
(2, 'ascads', 85, 'Muhammad Salman', 'm.salman@zynq.net', '+966112345678', 'male', '21313', '1-8, 秋葉原, 秋葉原, حي تايتو, 110-0006, طوكيو, اليابان', '', 'حي تايتو', 35.70206920148527, 139.7753268107772, 0, 0),
(3, 'ijd', 84, 'Ahsan rafiq', 'ahsan@zynq.net', '+923075172531', 'male', 'nzns', 'Airport Ghazi Rd, Lahore, Punjab, Pakistan', '', 'Lahore', 31.492625667430595, 74.41675253212452, 0, 0);

-- --------------------------------------------------------

--
-- Table structure for table `user_categories`
--

CREATE TABLE `user_categories` (
  `UserCategoryID` int(11) NOT NULL,
  `UserID` int(11) NOT NULL,
  `CategoryID` int(11) NOT NULL,
  `Type` enum('user','booth') NOT NULL
) ENGINE=MyISAM DEFAULT CHARSET=latin1;

--
-- Dumping data for table `user_categories`
--

INSERT INTO `user_categories` (`UserCategoryID`, `UserID`, `CategoryID`, `Type`) VALUES
(1, 83, 4, 'booth'),
(2, 83, 5, 'booth'),
(3, 83, 6, 'booth'),
(4, 83, 7, 'booth'),
(5, 83, 25, 'booth'),
(6, 83, 102, 'booth'),
(7, 83, 22, 'booth'),
(8, 83, 132, 'booth'),
(9, 83, 140, 'booth'),
(10, 83, 147, 'booth'),
(11, 83, 162, 'booth'),
(12, 83, 21, 'booth'),
(13, 83, 163, 'booth'),
(14, 83, 164, 'booth'),
(15, 83, 165, 'booth'),
(16, 84, 4, 'user'),
(17, 84, 5, 'user'),
(18, 84, 6, 'user'),
(19, 84, 25, 'user'),
(20, 84, 7, 'user'),
(21, 84, 102, 'user'),
(22, 84, 22, 'user'),
(23, 84, 132, 'user'),
(24, 84, 140, 'user'),
(25, 84, 147, 'user'),
(26, 84, 21, 'user'),
(27, 84, 162, 'user'),
(28, 84, 163, 'user'),
(29, 84, 164, 'user'),
(30, 84, 165, 'user'),
(31, 84, 24, 'user'),
(32, 84, 248, 'user'),
(33, 84, 249, 'user'),
(34, 84, 250, 'user'),
(35, 84, 251, 'user'),
(36, 84, 252, 'user'),
(37, 84, 4, 'booth'),
(38, 84, 5, 'booth'),
(39, 84, 6, 'booth'),
(40, 84, 7, 'booth'),
(41, 84, 25, 'booth'),
(42, 84, 102, 'booth'),
(43, 84, 22, 'booth'),
(44, 84, 132, 'booth'),
(45, 84, 140, 'booth'),
(46, 84, 147, 'booth'),
(47, 84, 21, 'booth'),
(48, 84, 162, 'booth'),
(49, 84, 163, 'booth'),
(50, 84, 164, 'booth'),
(51, 84, 165, 'booth'),
(92, 85, 162, 'user'),
(91, 85, 165, 'user'),
(90, 85, 21, 'user'),
(89, 85, 164, 'user'),
(88, 85, 163, 'user'),
(87, 85, 140, 'user'),
(86, 85, 132, 'user'),
(85, 85, 22, 'user'),
(84, 85, 147, 'user'),
(83, 85, 6, 'user'),
(82, 85, 102, 'user'),
(81, 85, 5, 'user'),
(80, 85, 25, 'user'),
(79, 85, 4, 'user'),
(78, 85, 7, 'user'),
(67, 85, 4, 'booth'),
(68, 85, 225, 'booth'),
(69, 85, 226, 'booth'),
(70, 85, 140, 'booth'),
(71, 86, 225, 'booth'),
(72, 86, 226, 'booth'),
(73, 86, 229, 'booth'),
(74, 86, 21, 'booth'),
(75, 86, 162, 'booth'),
(76, 86, 248, 'booth'),
(77, 86, 24, 'booth'),
(93, 85, 225, 'user'),
(94, 85, 226, 'user'),
(95, 85, 227, 'user'),
(96, 85, 229, 'user'),
(97, 85, 228, 'user'),
(98, 86, 4, 'user'),
(99, 86, 5, 'user'),
(100, 86, 6, 'user'),
(101, 86, 7, 'user'),
(102, 86, 25, 'user'),
(103, 86, 102, 'user'),
(104, 86, 22, 'user'),
(105, 86, 132, 'user'),
(106, 86, 140, 'user'),
(107, 86, 147, 'user'),
(108, 86, 21, 'user'),
(109, 86, 162, 'user'),
(110, 86, 163, 'user'),
(111, 86, 164, 'user'),
(112, 86, 165, 'user'),
(113, 86, 24, 'user'),
(114, 86, 249, 'user'),
(115, 86, 250, 'user'),
(116, 86, 248, 'user'),
(117, 86, 251, 'user'),
(118, 86, 252, 'user'),
(119, 86, 225, 'user'),
(120, 86, 226, 'user'),
(121, 86, 227, 'user'),
(122, 86, 228, 'user'),
(123, 86, 229, 'user'),
(124, 86, 244, 'user'),
(125, 86, 245, 'user'),
(126, 86, 246, 'user'),
(127, 86, 247, 'user'),
(128, 86, 258, 'user'),
(129, 86, 259, 'user'),
(130, 86, 260, 'user'),
(131, 86, 230, 'user'),
(132, 86, 231, 'user'),
(133, 86, 232, 'user'),
(134, 86, 233, 'user'),
(135, 86, 234, 'user'),
(136, 86, 235, 'user'),
(137, 86, 236, 'user'),
(138, 86, 237, 'user'),
(139, 86, 238, 'user'),
(140, 86, 239, 'user'),
(141, 86, 240, 'user'),
(142, 86, 243, 'user'),
(143, 86, 241, 'user'),
(144, 86, 242, 'user'),
(145, 87, 4, 'user'),
(146, 87, 5, 'user'),
(147, 87, 6, 'user'),
(148, 87, 7, 'user'),
(149, 87, 25, 'user'),
(150, 87, 102, 'user'),
(151, 87, 22, 'user'),
(152, 87, 132, 'user'),
(153, 87, 140, 'user'),
(154, 87, 147, 'user'),
(155, 87, 21, 'user'),
(156, 87, 162, 'user'),
(157, 87, 163, 'user'),
(158, 87, 164, 'user'),
(159, 87, 165, 'user'),
(160, 88, 4, 'booth'),
(161, 88, 5, 'booth'),
(162, 88, 6, 'booth'),
(163, 88, 102, 'booth'),
(164, 88, 7, 'booth'),
(165, 88, 25, 'booth'),
(166, 88, 22, 'booth'),
(167, 88, 132, 'booth'),
(168, 88, 140, 'booth'),
(169, 88, 147, 'booth'),
(170, 88, 21, 'booth'),
(171, 88, 162, 'booth'),
(172, 88, 163, 'booth'),
(173, 88, 164, 'booth'),
(174, 88, 165, 'booth'),
(175, 89, 4, 'user'),
(176, 89, 5, 'user'),
(177, 89, 6, 'user'),
(178, 89, 7, 'user'),
(179, 89, 25, 'user'),
(180, 89, 102, 'user'),
(181, 89, 22, 'user'),
(182, 89, 132, 'user'),
(183, 89, 140, 'user'),
(184, 89, 147, 'user'),
(185, 89, 21, 'user'),
(186, 89, 162, 'user'),
(187, 89, 163, 'user'),
(188, 89, 164, 'user'),
(189, 89, 165, 'user'),
(190, 89, 24, 'user'),
(191, 89, 248, 'user'),
(192, 89, 249, 'user'),
(193, 89, 250, 'user'),
(194, 89, 251, 'user'),
(195, 89, 252, 'user'),
(196, 89, 4, 'booth'),
(197, 89, 5, 'booth'),
(198, 89, 7, 'booth'),
(199, 89, 6, 'booth'),
(200, 89, 25, 'booth'),
(201, 89, 102, 'booth'),
(202, 89, 21, 'booth'),
(203, 89, 162, 'booth'),
(204, 89, 163, 'booth'),
(205, 89, 164, 'booth'),
(206, 89, 165, 'booth'),
(207, 89, 22, 'booth'),
(208, 89, 132, 'booth'),
(209, 89, 140, 'booth'),
(210, 89, 147, 'booth'),
(211, 90, 4, 'booth'),
(212, 90, 5, 'booth'),
(213, 90, 6, 'booth'),
(214, 90, 7, 'booth'),
(215, 90, 25, 'booth'),
(216, 90, 102, 'booth'),
(217, 90, 22, 'booth'),
(218, 90, 132, 'booth'),
(219, 90, 140, 'booth'),
(220, 90, 147, 'booth'),
(221, 90, 21, 'booth'),
(222, 90, 162, 'booth'),
(223, 90, 163, 'booth'),
(224, 90, 164, 'booth'),
(225, 90, 165, 'booth'),
(226, 90, 4, 'user'),
(227, 90, 5, 'user'),
(228, 90, 6, 'user'),
(229, 90, 7, 'user'),
(230, 90, 25, 'user'),
(231, 90, 102, 'user'),
(232, 90, 22, 'user'),
(233, 90, 132, 'user'),
(234, 90, 140, 'user'),
(235, 90, 147, 'user'),
(236, 90, 21, 'user'),
(237, 90, 162, 'user'),
(238, 90, 163, 'user'),
(239, 90, 164, 'user'),
(240, 90, 165, 'user'),
(241, 90, 249, 'user'),
(242, 90, 248, 'user'),
(243, 90, 24, 'user'),
(244, 90, 250, 'user'),
(245, 90, 251, 'user'),
(246, 90, 252, 'user'),
(247, 91, 4, 'booth'),
(248, 91, 5, 'booth'),
(249, 91, 6, 'booth'),
(250, 91, 7, 'booth'),
(251, 91, 25, 'booth'),
(252, 91, 102, 'booth'),
(253, 91, 22, 'booth'),
(254, 91, 132, 'booth'),
(255, 91, 140, 'booth'),
(256, 91, 147, 'booth'),
(257, 91, 21, 'booth'),
(258, 91, 162, 'booth'),
(259, 91, 163, 'booth'),
(260, 91, 164, 'booth'),
(261, 91, 165, 'booth'),
(262, 91, 4, 'user'),
(263, 91, 5, 'user'),
(264, 91, 6, 'user'),
(265, 91, 7, 'user'),
(266, 91, 25, 'user'),
(267, 91, 102, 'user'),
(268, 91, 22, 'user'),
(269, 91, 132, 'user'),
(270, 91, 140, 'user'),
(271, 91, 147, 'user'),
(272, 91, 164, 'user'),
(273, 91, 163, 'user'),
(274, 91, 162, 'user'),
(275, 91, 21, 'user'),
(276, 91, 165, 'user'),
(277, 91, 24, 'user'),
(278, 91, 248, 'user'),
(279, 91, 249, 'user'),
(280, 91, 250, 'user'),
(281, 91, 251, 'user'),
(282, 91, 252, 'user'),
(283, 92, 4, 'user'),
(284, 92, 5, 'user'),
(285, 92, 6, 'user'),
(286, 92, 7, 'user'),
(287, 92, 25, 'user'),
(288, 92, 102, 'user'),
(289, 92, 22, 'user'),
(290, 92, 21, 'user'),
(291, 93, 230, 'user'),
(292, 93, 235, 'user'),
(293, 93, 240, 'user');

-- --------------------------------------------------------

--
-- Table structure for table `user_customization`
--

CREATE TABLE `user_customization` (
  `UserCustomizationID` int(11) NOT NULL,
  `UserID` int(11) NOT NULL,
  `ThemeID` int(11) NOT NULL,
  `ColorCode` varchar(255) NOT NULL,
  `TopStyleID` int(11) NOT NULL,
  `BottomStyleID` int(11) NOT NULL,
  `VatPercentage` decimal(10,2) NOT NULL COMMENT 'This will be the VAT this booth is dealing with'
) ENGINE=MyISAM DEFAULT CHARSET=latin1;

--
-- Dumping data for table `user_customization`
--

INSERT INTO `user_customization` (`UserCustomizationID`, `UserID`, `ThemeID`, `ColorCode`, `TopStyleID`, `BottomStyleID`, `VatPercentage`) VALUES
(1, 83, 2, '#d57a18', 2, 8, 0.00),
(2, 84, 7, '#0073ff', 30, 37, 40.00),
(3, 85, 8, '#222222', 40, 48, 10.00),
(4, 86, 7, '#0073ff', 30, 38, 10.00),
(5, 88, 7, '#0073ff', 30, 36, 10.00),
(6, 89, 7, '#0073ff', 30, 37, 10.00),
(7, 90, 6, '#ff5e70', 20, 27, 20.00),
(8, 91, 6, '#ff5e70', 20, 27, 35.00);

-- --------------------------------------------------------

--
-- Table structure for table `user_followers`
--

CREATE TABLE `user_followers` (
  `UserFollowerID` int(11) NOT NULL,
  `Follower` int(11) NOT NULL,
  `Following` int(11) NOT NULL,
  `Type` enum('user','booth') NOT NULL
) ENGINE=MyISAM DEFAULT CHARSET=utf8;

--
-- Dumping data for table `user_followers`
--

INSERT INTO `user_followers` (`UserFollowerID`, `Follower`, `Following`, `Type`) VALUES
(1, 84, 83, 'booth'),
(2, 85, 83, 'booth'),
(3, 85, 84, 'user'),
(4, 84, 85, 'booth'),
(5, 86, 85, 'booth'),
(6, 86, 85, 'user'),
(7, 89, 83, 'booth'),
(8, 89, 84, 'booth'),
(9, 89, 85, 'booth'),
(10, 89, 86, 'booth'),
(11, 89, 88, 'booth'),
(12, 89, 84, 'user'),
(13, 89, 85, 'user'),
(14, 89, 86, 'user'),
(15, 90, 83, 'booth'),
(16, 90, 84, 'booth'),
(17, 90, 86, 'booth'),
(18, 90, 85, 'booth'),
(19, 90, 89, 'booth'),
(20, 90, 88, 'booth'),
(21, 90, 84, 'user'),
(22, 90, 85, 'user'),
(23, 90, 86, 'user'),
(24, 90, 89, 'user'),
(25, 91, 83, 'booth'),
(26, 91, 84, 'booth'),
(27, 91, 85, 'booth'),
(28, 91, 86, 'booth'),
(29, 91, 88, 'booth'),
(30, 91, 89, 'booth'),
(31, 91, 90, 'booth'),
(32, 91, 84, 'user'),
(33, 91, 85, 'user'),
(34, 91, 86, 'user'),
(35, 91, 89, 'user'),
(36, 91, 90, 'user'),
(37, 92, 85, 'booth'),
(38, 92, 86, 'booth'),
(39, 92, 84, 'user'),
(40, 85, 84, 'booth'),
(41, 93, 86, 'user');

-- --------------------------------------------------------

--
-- Table structure for table `user_friends_activities`
--

CREATE TABLE `user_friends_activities` (
  `UserFriendActivityID` int(11) NOT NULL,
  `LoggedInUserID` int(11) NOT NULL COMMENT '''Who will be seeing this notification in his app''',
  `UserType` enum('user','booth') NOT NULL DEFAULT 'user',
  `Type` varchar(255) NOT NULL,
  `UserID` int(11) NOT NULL COMMENT 'Who has done this activity',
  `NotificationTypeID` int(11) NOT NULL,
  `NotificationTextEn` text CHARACTER SET utf8 NOT NULL,
  `NotificationTextAr` text CHARACTER SET utf8 NOT NULL,
  `ProductID` varchar(255) NOT NULL COMMENT 'Comma separated product ids ',
  `ProductCommentID` int(11) NOT NULL,
  `QuestionID` int(11) NOT NULL,
  `QuestionCommentID` int(11) NOT NULL,
  `MentionedUserID` varchar(255) NOT NULL,
  `MentionedUserName` varchar(255) NOT NULL,
  `MentionedUserType` varchar(255) NOT NULL,
  `IsRead` int(11) NOT NULL,
  `CreatedAt` varchar(255) NOT NULL COMMENT 'Timestamp on UTC 0'
) ENGINE=MyISAM DEFAULT CHARSET=latin1;

--
-- Dumping data for table `user_friends_activities`
--

INSERT INTO `user_friends_activities` (`UserFriendActivityID`, `LoggedInUserID`, `UserType`, `Type`, `UserID`, `NotificationTypeID`, `NotificationTextEn`, `NotificationTextAr`, `ProductID`, `ProductCommentID`, `QuestionID`, `QuestionCommentID`, `MentionedUserID`, `MentionedUserName`, `MentionedUserType`, `IsRead`, `CreatedAt`) VALUES
(1, 85, 'booth', 'follow', 84, 20, '@ahsan12 started following @amaze_fit', '@ahsan12 started following @amaze_fit', '', 0, 0, 0, '84,85', 'ahsan12,amaze_fit', 'user,booth', 0, '1570700329'),
(2, 84, 'user', 'like', 85, 21, '@s4salman has liked a product', '@s4salman has liked a product', '2', 0, 0, 0, '85', 's4salman', 'user', 0, '1570702676'),
(3, 84, 'user', 'like', 85, 21, '@s4salman has liked a product', '@s4salman has liked a product', '1', 0, 0, 0, '85', 's4salman', 'user', 0, '1570702678'),
(4, 84, 'user', 'added_to_wishlist', 85, 16, '@s4salman has added your product in wishlist', '@s4salman has added your product in wishlist', '1', 0, 0, 0, '85', 's4salman', 'user', 0, '1570702696'),
(6, 85, 'user', 'product_added', 84, 22, '@ahsan12 has liked a product', '@ahsan12 has liked a product', '11', 0, 0, 0, '84', 'ahsan12', 'user', 0, '1570748619'),
(8, 84, 'user', 'like', 85, 21, '@s4salman has liked a product', '@s4salman has liked a product', '1', 0, 0, 0, '85', 's4salman', 'user', 0, '1570826739'),
(9, 86, 'user', 'like', 85, 21, '@s4salman has liked a product', '@s4salman has liked a product', '1', 0, 0, 0, '85', 's4salman', 'user', 0, '1570826739'),
(10, 86, 'user', 'like', 85, 21, '@s4salman has liked a product', '@s4salman has liked a product', '1', 0, 0, 0, '85', 's4salman', 'user', 0, '1570826739'),
(11, 89, 'user', 'like', 85, 21, '@s4salman has liked a product', '@s4salman has liked a product', '1', 0, 0, 0, '85', 's4salman', 'user', 0, '1570826739'),
(12, 89, 'user', 'like', 85, 21, '@s4salman has liked a product', '@s4salman has liked a product', '1', 0, 0, 0, '85', 's4salman', 'user', 0, '1570826739'),
(13, 90, 'user', 'like', 85, 21, '@s4salman has liked a product', '@s4salman has liked a product', '1', 0, 0, 0, '85', 's4salman', 'user', 0, '1570826739'),
(14, 90, 'user', 'like', 85, 21, '@s4salman has liked a product', '@s4salman has liked a product', '1', 0, 0, 0, '85', 's4salman', 'user', 0, '1570826739'),
(15, 91, 'user', 'like', 85, 21, '@s4salman has liked a product', '@s4salman has liked a product', '1', 0, 0, 0, '85', 's4salman', 'user', 0, '1570826739'),
(16, 91, 'user', 'like', 85, 21, '@s4salman has liked a product', '@s4salman has liked a product', '1', 0, 0, 0, '85', 's4salman', 'user', 0, '1570826739'),
(17, 84, 'user', 'added_to_wishlist', 85, 16, '@s4salman has added your product in wishlist', '@s4salman has added your product in wishlist', '1', 0, 0, 0, '85', 's4salman', 'user', 0, '1570826752'),
(18, 86, 'user', 'added_to_wishlist', 85, 16, '@s4salman has added your product in wishlist', '@s4salman has added your product in wishlist', '1', 0, 0, 0, '85', 's4salman', 'user', 0, '1570826752'),
(19, 86, 'user', 'added_to_wishlist', 85, 16, '@s4salman has added your product in wishlist', '@s4salman has added your product in wishlist', '1', 0, 0, 0, '85', 's4salman', 'user', 0, '1570826752'),
(20, 89, 'user', 'added_to_wishlist', 85, 16, '@s4salman has added your product in wishlist', '@s4salman has added your product in wishlist', '1', 0, 0, 0, '85', 's4salman', 'user', 0, '1570826752'),
(21, 89, 'user', 'added_to_wishlist', 85, 16, '@s4salman has added your product in wishlist', '@s4salman has added your product in wishlist', '1', 0, 0, 0, '85', 's4salman', 'user', 0, '1570826752'),
(22, 90, 'user', 'added_to_wishlist', 85, 16, '@s4salman has added your product in wishlist', '@s4salman has added your product in wishlist', '1', 0, 0, 0, '85', 's4salman', 'user', 0, '1570826752'),
(23, 90, 'user', 'added_to_wishlist', 85, 16, '@s4salman has added your product in wishlist', '@s4salman has added your product in wishlist', '1', 0, 0, 0, '85', 's4salman', 'user', 0, '1570826752'),
(24, 91, 'user', 'added_to_wishlist', 85, 16, '@s4salman has added your product in wishlist', '@s4salman has added your product in wishlist', '1', 0, 0, 0, '85', 's4salman', 'user', 0, '1570826752'),
(25, 91, 'user', 'added_to_wishlist', 85, 16, '@s4salman has added your product in wishlist', '@s4salman has added your product in wishlist', '1', 0, 0, 0, '85', 's4salman', 'user', 0, '1570826752'),
(26, 84, 'user', 'added_to_wishlist', 85, 16, '@s4salman has added your product in wishlist', '@s4salman has added your product in wishlist', '1', 0, 0, 0, '85', 's4salman', 'user', 0, '1570826754'),
(27, 86, 'user', 'added_to_wishlist', 85, 16, '@s4salman has added your product in wishlist', '@s4salman has added your product in wishlist', '1', 0, 0, 0, '85', 's4salman', 'user', 0, '1570826754'),
(28, 86, 'user', 'added_to_wishlist', 85, 16, '@s4salman has added your product in wishlist', '@s4salman has added your product in wishlist', '1', 0, 0, 0, '85', 's4salman', 'user', 0, '1570826754'),
(29, 89, 'user', 'added_to_wishlist', 85, 16, '@s4salman has added your product in wishlist', '@s4salman has added your product in wishlist', '1', 0, 0, 0, '85', 's4salman', 'user', 0, '1570826754'),
(30, 89, 'user', 'added_to_wishlist', 85, 16, '@s4salman has added your product in wishlist', '@s4salman has added your product in wishlist', '1', 0, 0, 0, '85', 's4salman', 'user', 0, '1570826754'),
(31, 90, 'user', 'added_to_wishlist', 85, 16, '@s4salman has added your product in wishlist', '@s4salman has added your product in wishlist', '1', 0, 0, 0, '85', 's4salman', 'user', 0, '1570826754'),
(32, 90, 'user', 'added_to_wishlist', 85, 16, '@s4salman has added your product in wishlist', '@s4salman has added your product in wishlist', '1', 0, 0, 0, '85', 's4salman', 'user', 0, '1570826754'),
(33, 91, 'user', 'added_to_wishlist', 85, 16, '@s4salman has added your product in wishlist', '@s4salman has added your product in wishlist', '1', 0, 0, 0, '85', 's4salman', 'user', 0, '1570826754'),
(34, 91, 'user', 'added_to_wishlist', 85, 16, '@s4salman has added your product in wishlist', '@s4salman has added your product in wishlist', '1', 0, 0, 0, '85', 's4salman', 'user', 0, '1570826754'),
(35, 84, 'user', 'added_to_wishlist', 85, 16, '@s4salman has added your product in wishlist', '@s4salman has added your product in wishlist', '1', 0, 0, 0, '85', 's4salman', 'user', 0, '1570826758'),
(36, 86, 'user', 'added_to_wishlist', 85, 16, '@s4salman has added your product in wishlist', '@s4salman has added your product in wishlist', '1', 0, 0, 0, '85', 's4salman', 'user', 0, '1570826758'),
(37, 86, 'user', 'added_to_wishlist', 85, 16, '@s4salman has added your product in wishlist', '@s4salman has added your product in wishlist', '1', 0, 0, 0, '85', 's4salman', 'user', 0, '1570826758'),
(38, 89, 'user', 'added_to_wishlist', 85, 16, '@s4salman has added your product in wishlist', '@s4salman has added your product in wishlist', '1', 0, 0, 0, '85', 's4salman', 'user', 0, '1570826758'),
(39, 89, 'user', 'added_to_wishlist', 85, 16, '@s4salman has added your product in wishlist', '@s4salman has added your product in wishlist', '1', 0, 0, 0, '85', 's4salman', 'user', 0, '1570826758'),
(40, 90, 'user', 'added_to_wishlist', 85, 16, '@s4salman has added your product in wishlist', '@s4salman has added your product in wishlist', '1', 0, 0, 0, '85', 's4salman', 'user', 0, '1570826758'),
(41, 90, 'user', 'added_to_wishlist', 85, 16, '@s4salman has added your product in wishlist', '@s4salman has added your product in wishlist', '1', 0, 0, 0, '85', 's4salman', 'user', 0, '1570826758'),
(42, 91, 'user', 'added_to_wishlist', 85, 16, '@s4salman has added your product in wishlist', '@s4salman has added your product in wishlist', '1', 0, 0, 0, '85', 's4salman', 'user', 0, '1570826758'),
(43, 91, 'user', 'added_to_wishlist', 85, 16, '@s4salman has added your product in wishlist', '@s4salman has added your product in wishlist', '1', 0, 0, 0, '85', 's4salman', 'user', 0, '1570826758'),
(44, 84, 'booth', 'follow', 85, 20, '@s4salman started following @baba', '@s4salman started following @baba', '', 0, 0, 0, '85,84', 's4salman,baba', 'user,booth', 0, '1571037026'),
(45, 86, 'booth', 'follow', 85, 20, '@s4salman started following @baba', '@s4salman started following @baba', '', 0, 0, 0, '85,84', 's4salman,baba', 'user,booth', 0, '1571037026'),
(46, 86, 'booth', 'follow', 85, 20, '@s4salman started following @baba', '@s4salman started following @baba', '', 0, 0, 0, '85,84', 's4salman,baba', 'user,booth', 0, '1571037026'),
(47, 89, 'booth', 'follow', 85, 20, '@s4salman started following @baba', '@s4salman started following @baba', '', 0, 0, 0, '85,84', 's4salman,baba', 'user,booth', 0, '1571037026'),
(48, 89, 'booth', 'follow', 85, 20, '@s4salman started following @baba', '@s4salman started following @baba', '', 0, 0, 0, '85,84', 's4salman,baba', 'user,booth', 0, '1571037026'),
(49, 90, 'booth', 'follow', 85, 20, '@s4salman started following @baba', '@s4salman started following @baba', '', 0, 0, 0, '85,84', 's4salman,baba', 'user,booth', 0, '1571037026'),
(50, 90, 'booth', 'follow', 85, 20, '@s4salman started following @baba', '@s4salman started following @baba', '', 0, 0, 0, '85,84', 's4salman,baba', 'user,booth', 0, '1571037026'),
(51, 91, 'booth', 'follow', 85, 20, '@s4salman started following @baba', '@s4salman started following @baba', '', 0, 0, 0, '85,84', 's4salman,baba', 'user,booth', 0, '1571037026'),
(52, 91, 'booth', 'follow', 85, 20, '@s4salman started following @baba', '@s4salman started following @baba', '', 0, 0, 0, '85,84', 's4salman,baba', 'user,booth', 0, '1571037026'),
(53, 92, 'booth', 'follow', 85, 20, '@s4salman started following @baba', '@s4salman started following @baba', '', 0, 0, 0, '85,84', 's4salman,baba', 'user,booth', 0, '1571037026'),
(54, 84, 'user', 'order', 85, 17, '@s4salman has placed an order containing following products', '@s4salman has placed an order containing following products', '9', 0, 0, 0, '85', 's4salman', 'user', 0, '1571039754'),
(55, 86, 'user', 'order', 85, 17, '@s4salman has placed an order containing following products', '@s4salman has placed an order containing following products', '9', 0, 0, 0, '85', 's4salman', 'user', 0, '1571039754'),
(56, 86, 'user', 'order', 85, 17, '@s4salman has placed an order containing following products', '@s4salman has placed an order containing following products', '9', 0, 0, 0, '85', 's4salman', 'user', 0, '1571039754'),
(57, 89, 'user', 'order', 85, 17, '@s4salman has placed an order containing following products', '@s4salman has placed an order containing following products', '9', 0, 0, 0, '85', 's4salman', 'user', 0, '1571039754'),
(58, 89, 'user', 'order', 85, 17, '@s4salman has placed an order containing following products', '@s4salman has placed an order containing following products', '9', 0, 0, 0, '85', 's4salman', 'user', 0, '1571039754'),
(59, 90, 'user', 'order', 85, 17, '@s4salman has placed an order containing following products', '@s4salman has placed an order containing following products', '9', 0, 0, 0, '85', 's4salman', 'user', 0, '1571039754'),
(60, 90, 'user', 'order', 85, 17, '@s4salman has placed an order containing following products', '@s4salman has placed an order containing following products', '9', 0, 0, 0, '85', 's4salman', 'user', 0, '1571039754'),
(61, 91, 'user', 'order', 85, 17, '@s4salman has placed an order containing following products', '@s4salman has placed an order containing following products', '9', 0, 0, 0, '85', 's4salman', 'user', 0, '1571039754'),
(62, 91, 'user', 'order', 85, 17, '@s4salman has placed an order containing following products', '@s4salman has placed an order containing following products', '9', 0, 0, 0, '85', 's4salman', 'user', 0, '1571039754'),
(63, 92, 'user', 'order', 85, 17, '@s4salman has placed an order containing following products', '@s4salman has placed an order containing following products', '9', 0, 0, 0, '85', 's4salman', 'user', 0, '1571039754'),
(64, 85, 'user', 'order', 84, 17, '@ahsan12 has placed an order containing following products', '@ahsan12 has placed an order containing following products', '7', 0, 0, 0, '84', 'ahsan12', 'user', 0, '1571045456'),
(65, 89, 'user', 'order', 84, 17, '@ahsan12 has placed an order containing following products', '@ahsan12 has placed an order containing following products', '7', 0, 0, 0, '84', 'ahsan12', 'user', 0, '1571045456'),
(66, 89, 'user', 'order', 84, 17, '@ahsan12 has placed an order containing following products', '@ahsan12 has placed an order containing following products', '7', 0, 0, 0, '84', 'ahsan12', 'user', 0, '1571045456'),
(67, 90, 'user', 'order', 84, 17, '@ahsan12 has placed an order containing following products', '@ahsan12 has placed an order containing following products', '7', 0, 0, 0, '84', 'ahsan12', 'user', 0, '1571045456'),
(68, 90, 'user', 'order', 84, 17, '@ahsan12 has placed an order containing following products', '@ahsan12 has placed an order containing following products', '7', 0, 0, 0, '84', 'ahsan12', 'user', 0, '1571045456'),
(69, 91, 'user', 'order', 84, 17, '@ahsan12 has placed an order containing following products', '@ahsan12 has placed an order containing following products', '7', 0, 0, 0, '84', 'ahsan12', 'user', 0, '1571045456'),
(70, 91, 'user', 'order', 84, 17, '@ahsan12 has placed an order containing following products', '@ahsan12 has placed an order containing following products', '7', 0, 0, 0, '84', 'ahsan12', 'user', 0, '1571045456'),
(71, 92, 'user', 'order', 84, 17, '@ahsan12 has placed an order containing following products', '@ahsan12 has placed an order containing following products', '7', 0, 0, 0, '84', 'ahsan12', 'user', 0, '1571045456'),
(72, 85, 'user', 'order', 84, 17, '@ahsan12 has placed an order containing following products', '@ahsan12 has placed an order containing following products', '7', 0, 0, 0, '84', 'ahsan12', 'user', 0, '1571045456'),
(73, 84, 'user', 'order', 85, 17, '@s4salman has placed an order containing following products', '@s4salman has placed an order containing following products', '9', 0, 0, 0, '85', 's4salman', 'user', 0, '1571045565'),
(74, 86, 'user', 'order', 85, 17, '@s4salman has placed an order containing following products', '@s4salman has placed an order containing following products', '9', 0, 0, 0, '85', 's4salman', 'user', 0, '1571045565'),
(75, 86, 'user', 'order', 85, 17, '@s4salman has placed an order containing following products', '@s4salman has placed an order containing following products', '9', 0, 0, 0, '85', 's4salman', 'user', 0, '1571045565'),
(76, 89, 'user', 'order', 85, 17, '@s4salman has placed an order containing following products', '@s4salman has placed an order containing following products', '9', 0, 0, 0, '85', 's4salman', 'user', 0, '1571045565'),
(77, 89, 'user', 'order', 85, 17, '@s4salman has placed an order containing following products', '@s4salman has placed an order containing following products', '9', 0, 0, 0, '85', 's4salman', 'user', 0, '1571045565'),
(78, 90, 'user', 'order', 85, 17, '@s4salman has placed an order containing following products', '@s4salman has placed an order containing following products', '9', 0, 0, 0, '85', 's4salman', 'user', 0, '1571045565'),
(79, 90, 'user', 'order', 85, 17, '@s4salman has placed an order containing following products', '@s4salman has placed an order containing following products', '9', 0, 0, 0, '85', 's4salman', 'user', 0, '1571045565'),
(80, 91, 'user', 'order', 85, 17, '@s4salman has placed an order containing following products', '@s4salman has placed an order containing following products', '9', 0, 0, 0, '85', 's4salman', 'user', 0, '1571045565'),
(81, 91, 'user', 'order', 85, 17, '@s4salman has placed an order containing following products', '@s4salman has placed an order containing following products', '9', 0, 0, 0, '85', 's4salman', 'user', 0, '1571045565'),
(82, 92, 'user', 'order', 85, 17, '@s4salman has placed an order containing following products', '@s4salman has placed an order containing following products', '9', 0, 0, 0, '85', 's4salman', 'user', 0, '1571045565');

-- --------------------------------------------------------

--
-- Table structure for table `user_notifications`
--

CREATE TABLE `user_notifications` (
  `UserNotificationID` int(11) NOT NULL,
  `LoggedInUserID` int(11) NOT NULL,
  `UserType` enum('user','booth') NOT NULL DEFAULT 'user',
  `ActivityDoneAs` varchar(255) NOT NULL,
  `Type` varchar(255) NOT NULL,
  `UserID` int(11) NOT NULL,
  `OrderID` int(11) NOT NULL,
  `OrderRequestID` int(11) NOT NULL,
  `ProductID` int(11) NOT NULL,
  `ProductCommentID` int(11) NOT NULL,
  `QuestionID` int(11) NOT NULL,
  `QuestionCommentID` int(11) NOT NULL,
  `NotificationTypeID` int(11) NOT NULL,
  `NotificationTextEn` text NOT NULL,
  `NotificationTextAr` text NOT NULL,
  `MentionedUserID` varchar(255) NOT NULL,
  `MentionedUserName` varchar(255) NOT NULL,
  `MentionedUserType` varchar(255) NOT NULL,
  `IsRead` int(11) NOT NULL,
  `CreatedAt` varchar(255) NOT NULL
) ENGINE=MyISAM DEFAULT CHARSET=utf8;

--
-- Dumping data for table `user_notifications`
--

INSERT INTO `user_notifications` (`UserNotificationID`, `LoggedInUserID`, `UserType`, `ActivityDoneAs`, `Type`, `UserID`, `OrderID`, `OrderRequestID`, `ProductID`, `ProductCommentID`, `QuestionID`, `QuestionCommentID`, `NotificationTypeID`, `NotificationTextEn`, `NotificationTextAr`, `MentionedUserID`, `MentionedUserName`, `MentionedUserType`, `IsRead`, `CreatedAt`) VALUES
(1, 83, 'booth', '', 'follow', 84, 0, 0, 0, 0, 0, 0, 4, '@ahsan12 started following you', '@ahsan12 started following you', '84,83', 'ahsan12,harry', 'user,booth', 0, '1570690263'),
(2, 83, 'booth', '', 'follow', 85, 0, 0, 0, 0, 0, 0, 4, '@s4salman started following you', '@s4salman started following you', '85,83', 's4salman,harry', 'user,booth', 0, '1570695778'),
(3, 84, 'user', '', 'follow', 85, 0, 0, 0, 0, 0, 0, 4, '@s4salman started following you', '@s4salman started following you', '85,84', 's4salman,ahsan12', 'user,user', 1, '1570695784'),
(4, 85, 'booth', '', 'follow', 84, 0, 0, 0, 0, 0, 0, 4, '@ahsan12 started following you', '@ahsan12 started following you', '84,85', 'ahsan12,amaze_fit', 'user,booth', 1, '1570700328'),
(5, 83, 'booth', '', 'like', 85, 0, 0, 2, 0, 0, 0, 1, '@s4salman has liked your post', '@s4salman has liked your post', '85', 's4salman', 'user', 0, '1570702675'),
(6, 83, 'booth', '', 'like', 85, 0, 0, 1, 0, 0, 0, 1, '@s4salman has liked your post', '@s4salman has liked your post', '85', 's4salman', 'user', 0, '1570702678'),
(7, 83, 'booth', '', 'added_to_wishlist', 85, 0, 0, 1, 0, 0, 0, 16, '@s4salman has added your product in wishlist', '@s4salman has added your product in wishlist', '85', 's4salman', 'user', 0, '1570702696'),
(8, 85, 'booth', '', 'follow', 86, 0, 0, 0, 0, 0, 0, 4, '@JHON123 started following you', '@JHON123 started following you', '86,85', 'JHON123,amaze_fit', 'user,booth', 1, '1570702866'),
(9, 85, 'user', '', 'follow', 86, 0, 0, 0, 0, 0, 0, 4, '@JHON123 started following you', '@JHON123 started following you', '86,85', 'JHON123,s4salman', 'user,user', 1, '1570702873'),
(10, 85, 'booth', '', 'like', 86, 0, 0, 7, 0, 0, 0, 1, '@JHON123 has liked your post', '@JHON123 has liked your post', '86', 'JHON123', 'user', 1, '1570702963'),
(11, 85, 'booth', '', 'added_to_wishlist', 86, 0, 0, 7, 0, 0, 0, 16, '@JHON123 has added your product in wishlist', '@JHON123 has added your product in wishlist', '86', 'JHON123', 'user', 1, '1570702992'),
(12, 85, 'booth', '', 'order', 86, 1, 1, 0, 0, 0, 0, 8, 'You have received a new order request from @JHON123 with order track number 00001', 'لقد استلمت طلب طلب جديد مع رقم تتبع الطلب  00001', '86', 'JHON123', 'user', 1, '1570703088'),
(13, 85, 'booth', '', 'order', 86, 1, 1, 0, 0, 0, 0, 10, '@JHON123 has cancelled an order request with order track number 00001', 'قام المشتري بإلغاء طلب طلب برقم تتبع الطلب 00001', '86', 'JHON123', 'user', 1, '1570703109'),
(14, 85, 'user', 'user', 'comment', 86, 0, 0, 0, 0, 1, 1, 7, '@JHON123 has commented on your answer', '@JHON123 has commented on your answer', '86', 'JHON123', 'user', 1, '1570703174'),
(15, 85, 'booth', '', 'order', 86, 2, 2, 0, 0, 0, 0, 8, 'You have received a new order request from @JHON123 with order track number 00002', 'لقد استلمت طلب طلب جديد مع رقم تتبع الطلب  00002', '86', 'JHON123', 'user', 1, '1570703200'),
(16, 86, 'user', '', 'order', 85, 2, 2, 0, 0, 0, 0, 11, 'Seller has approved your order request with order track number 00002', 'وافق البائع على طلبك مع رقم تتبع الطلب 00002', '', '', '', 0, '1570714329'),
(17, 85, 'booth', '', 'order', 86, 2, 2, 0, 0, 0, 0, 12, 'Payment is done for order request. Now you can dispatch order with order track number 00002', 'يتم الدفع لطلب الطلب. الآن يمكنك إرسال الطلب باستخدام رقم تتبع الطلب 00002', '', '', '', 1, '1570714342'),
(18, 86, 'user', '', 'order', 85, 2, 2, 0, 0, 0, 0, 14, '@amaze_fit has dispatched your order request with order track number 00002', 'أرسل البائع طلب طلبك مع رقم تتبع الطلب 00002', '85', 'amaze_fit', 'booth', 0, '1570714351'),
(19, 86, 'user', '', 'order', 85, 2, 2, 0, 0, 0, 0, 13, 'Your order request has completed with order track number 00002', 'اكتمل طلب الطلب برقم تتبع الطلب 00002', '', '', '', 0, '1570714409'),
(20, 83, 'booth', '', 'follow', 89, 0, 0, 0, 0, 0, 0, 4, '@ahsan1234 started following you', '@ahsan1234 started following you', '89,83', 'ahsan1234,harry', 'user,booth', 0, '1570780644'),
(21, 84, 'booth', '', 'follow', 89, 0, 0, 0, 0, 0, 0, 4, '@ahsan1234 started following you', '@ahsan1234 started following you', '89,84', 'ahsan1234,baba', 'user,booth', 0, '1570780644'),
(22, 85, 'booth', '', 'follow', 89, 0, 0, 0, 0, 0, 0, 4, '@ahsan1234 started following you', '@ahsan1234 started following you', '89,85', 'ahsan1234,amaze_fit', 'user,booth', 1, '1570780644'),
(23, 86, 'booth', '', 'follow', 89, 0, 0, 0, 0, 0, 0, 4, '@ahsan1234 started following you', '@ahsan1234 started following you', '89,86', 'ahsan1234,Mac', 'user,booth', 0, '1570780645'),
(24, 88, 'booth', '', 'follow', 89, 0, 0, 0, 0, 0, 0, 4, '@ahsan1234 started following you', '@ahsan1234 started following you', '89,88', 'ahsan1234,ahsan1122', 'user,booth', 0, '1570780645'),
(25, 84, 'user', '', 'follow', 89, 0, 0, 0, 0, 0, 0, 4, '@ahsan1234 started following you', '@ahsan1234 started following you', '89,84', 'ahsan1234,ahsan12', 'user,user', 1, '1570780651'),
(26, 85, 'user', '', 'follow', 89, 0, 0, 0, 0, 0, 0, 4, '@ahsan1234 started following you', '@ahsan1234 started following you', '89,85', 'ahsan1234,s4salman', 'user,user', 1, '1570780651'),
(27, 86, 'user', '', 'follow', 89, 0, 0, 0, 0, 0, 0, 4, '@ahsan1234 started following you', '@ahsan1234 started following you', '89,86', 'ahsan1234,JHON123', 'user,user', 0, '1570780651'),
(28, 83, 'booth', '', 'follow', 90, 0, 0, 0, 0, 0, 0, 4, '@hsjsbdbdvghh started following you', '@hsjsbdbdvghh started following you', '90,83', 'hsjsbdbdvghh,harry', 'user,booth', 0, '1570791174'),
(29, 84, 'booth', '', 'follow', 90, 0, 0, 0, 0, 0, 0, 4, '@hsjsbdbdvghh started following you', '@hsjsbdbdvghh started following you', '90,84', 'hsjsbdbdvghh,baba', 'user,booth', 0, '1570791174'),
(30, 86, 'booth', '', 'follow', 90, 0, 0, 0, 0, 0, 0, 4, '@hsjsbdbdvghh started following you', '@hsjsbdbdvghh started following you', '90,86', 'hsjsbdbdvghh,Mac', 'user,booth', 0, '1570791174'),
(31, 85, 'booth', '', 'follow', 90, 0, 0, 0, 0, 0, 0, 4, '@hsjsbdbdvghh started following you', '@hsjsbdbdvghh started following you', '90,85', 'hsjsbdbdvghh,amaze_fit', 'user,booth', 1, '1570791174'),
(32, 89, 'booth', '', 'follow', 90, 0, 0, 0, 0, 0, 0, 4, '@hsjsbdbdvghh started following you', '@hsjsbdbdvghh started following you', '90,89', 'hsjsbdbdvghh,ahsan12345', 'user,booth', 0, '1570791175'),
(33, 88, 'booth', '', 'follow', 90, 0, 0, 0, 0, 0, 0, 4, '@hsjsbdbdvghh started following you', '@hsjsbdbdvghh started following you', '90,88', 'hsjsbdbdvghh,ahsan1122', 'user,booth', 0, '1570791175'),
(34, 84, 'user', '', 'follow', 90, 0, 0, 0, 0, 0, 0, 4, '@hsjsbdbdvghh started following you', '@hsjsbdbdvghh started following you', '90,84', 'hsjsbdbdvghh,ahsan12', 'user,user', 1, '1570791181'),
(35, 85, 'user', '', 'follow', 90, 0, 0, 0, 0, 0, 0, 4, '@hsjsbdbdvghh started following you', '@hsjsbdbdvghh started following you', '90,85', 'hsjsbdbdvghh,s4salman', 'user,user', 1, '1570791181'),
(36, 86, 'user', '', 'follow', 90, 0, 0, 0, 0, 0, 0, 4, '@hsjsbdbdvghh started following you', '@hsjsbdbdvghh started following you', '90,86', 'hsjsbdbdvghh,JHON123', 'user,user', 0, '1570791181'),
(37, 89, 'user', '', 'follow', 90, 0, 0, 0, 0, 0, 0, 4, '@hsjsbdbdvghh started following you', '@hsjsbdbdvghh started following you', '90,89', 'hsjsbdbdvghh,ahsan1234', 'user,user', 0, '1570791182'),
(38, 83, 'booth', '', 'follow', 91, 0, 0, 0, 0, 0, 0, 4, '@ghiccy started following you', '@ghiccy started following you', '91,83', 'ghiccy,harry', 'user,booth', 0, '1570791908'),
(39, 84, 'booth', '', 'follow', 91, 0, 0, 0, 0, 0, 0, 4, '@ghiccy started following you', '@ghiccy started following you', '91,84', 'ghiccy,baba', 'user,booth', 0, '1570791908'),
(40, 85, 'booth', '', 'follow', 91, 0, 0, 0, 0, 0, 0, 4, '@ghiccy started following you', '@ghiccy started following you', '91,85', 'ghiccy,amaze_fit', 'user,booth', 1, '1570791908'),
(41, 86, 'booth', '', 'follow', 91, 0, 0, 0, 0, 0, 0, 4, '@ghiccy started following you', '@ghiccy started following you', '91,86', 'ghiccy,Mac', 'user,booth', 0, '1570791909'),
(42, 88, 'booth', '', 'follow', 91, 0, 0, 0, 0, 0, 0, 4, '@ghiccy started following you', '@ghiccy started following you', '91,88', 'ghiccy,ahsan1122', 'user,booth', 0, '1570791909'),
(43, 89, 'booth', '', 'follow', 91, 0, 0, 0, 0, 0, 0, 4, '@ghiccy started following you', '@ghiccy started following you', '91,89', 'ghiccy,ahsan12345', 'user,booth', 0, '1570791910'),
(44, 90, 'booth', '', 'follow', 91, 0, 0, 0, 0, 0, 0, 4, '@ghiccy started following you', '@ghiccy started following you', '91,90', 'ghiccy,hsjsbdbd', 'user,booth', 0, '1570791910'),
(45, 84, 'user', '', 'follow', 91, 0, 0, 0, 0, 0, 0, 4, '@ghiccy started following you', '@ghiccy started following you', '91,84', 'ghiccy,ahsan12', 'user,user', 1, '1570791915'),
(46, 85, 'user', '', 'follow', 91, 0, 0, 0, 0, 0, 0, 4, '@ghiccy started following you', '@ghiccy started following you', '91,85', 'ghiccy,s4salman', 'user,user', 1, '1570791915'),
(47, 86, 'user', '', 'follow', 91, 0, 0, 0, 0, 0, 0, 4, '@ghiccy started following you', '@ghiccy started following you', '91,86', 'ghiccy,JHON123', 'user,user', 0, '1570791916'),
(48, 89, 'user', '', 'follow', 91, 0, 0, 0, 0, 0, 0, 4, '@ghiccy started following you', '@ghiccy started following you', '91,89', 'ghiccy,ahsan1234', 'user,user', 0, '1570791916'),
(49, 90, 'user', '', 'follow', 91, 0, 0, 0, 0, 0, 0, 4, '@ghiccy started following you', '@ghiccy started following you', '91,90', 'ghiccy,hsjsbdbdvghh', 'user,user', 0, '1570791916'),
(50, 84, 'booth', 'user', 'comment', 91, 0, 0, 11, 1, 0, 0, 2, '@ghiccy has commented on your post', '@ghiccy has commented on your post', '91', 'ghiccy', 'user', 0, '1570792866'),
(51, 84, 'booth', 'user', 'comment', 91, 0, 0, 11, 2, 0, 0, 2, '@ghiccy has commented on your post', '@ghiccy has commented on your post', '91', 'ghiccy', 'user', 0, '1570792896'),
(52, 83, 'booth', '', 'added_to_wishlist', 85, 0, 0, 1, 0, 0, 0, 16, '@s4salman has added your product in wishlist', '@s4salman has added your product in wishlist', '85', 's4salman', 'user', 0, '1570826752'),
(53, 83, 'booth', '', 'added_to_wishlist', 85, 0, 0, 1, 0, 0, 0, 16, '@s4salman has added your product in wishlist', '@s4salman has added your product in wishlist', '85', 's4salman', 'user', 0, '1570826754'),
(54, 83, 'booth', '', 'added_to_wishlist', 85, 0, 0, 1, 0, 0, 0, 16, '@s4salman has added your product in wishlist', '@s4salman has added your product in wishlist', '85', 's4salman', 'user', 0, '1570826758'),
(55, 85, 'booth', '', 'follow', 92, 0, 0, 0, 0, 0, 0, 4, '@habdullah8 started following you', '@habdullah8 started following you', '92,85', 'habdullah8,amaze_fit', 'user,booth', 1, '1570834457'),
(56, 86, 'booth', '', 'follow', 92, 0, 0, 0, 0, 0, 0, 4, '@habdullah8 started following you', '@habdullah8 started following you', '92,86', 'habdullah8,Mac', 'user,booth', 0, '1570834459'),
(57, 84, 'user', '', 'follow', 92, 0, 0, 0, 0, 0, 0, 4, '@habdullah8 started following you', '@habdullah8 started following you', '92,84', 'habdullah8,ahsan12', 'user,user', 1, '1570834468'),
(58, 86, 'booth', '', 'like', 92, 0, 0, 9, 0, 0, 0, 1, '@habdullah8 has liked your post', '@habdullah8 has liked your post', '92', 'habdullah8', 'user', 0, '1570893611'),
(59, 85, 'booth', '', 'like', 92, 0, 0, 7, 0, 0, 0, 1, '@habdullah8 has liked your post', '@habdullah8 has liked your post', '92', 'habdullah8', 'user', 1, '1570898129'),
(60, 84, 'booth', '', 'follow', 85, 0, 0, 0, 0, 0, 0, 4, '@s4salman started following you', '@s4salman started following you', '85,84', 's4salman,baba', 'user,booth', 0, '1571037026'),
(61, 86, 'booth', '', 'order', 85, 3, 3, 0, 0, 0, 0, 8, 'You have received a new order request from @s4salman with order track number 00003', 'لقد استلمت طلب طلب جديد مع رقم تتبع الطلب  00003', '85', 's4salman', 'user', 0, '1571039754'),
(62, 85, 'booth', '', 'order', 84, 4, 4, 0, 0, 0, 0, 8, 'You have received a new order request from @ahsan12 with order track number 00004', 'لقد استلمت طلب طلب جديد مع رقم تتبع الطلب  00004', '84', 'ahsan12', 'user', 0, '1571045456'),
(63, 86, 'booth', '', 'order', 85, 5, 5, 0, 0, 0, 0, 8, 'You have received a new order request from @s4salman with order track number 00005', 'لقد استلمت طلب طلب جديد مع رقم تتبع الطلب  00005', '85', 's4salman', 'user', 0, '1571045565'),
(64, 86, 'booth', '', 'order', 85, 5, 5, 0, 0, 0, 0, 10, '@s4salman has cancelled an order request with order track number 00005', 'قام المشتري بإلغاء طلب طلب برقم تتبع الطلب 00005', '85', 's4salman', 'user', 0, '1571047415'),
(65, 85, 'user', '', 'order', 86, 3, 3, 0, 0, 0, 0, 11, 'Seller has approved your order request with order track number 00003', 'وافق البائع على طلبك مع رقم تتبع الطلب 00003', '', '', '', 0, '1571047757'),
(66, 86, 'booth', '', 'order', 85, 3, 3, 0, 0, 0, 0, 12, 'Payment is done for order request. Now you can dispatch order with order track number 00003', 'يتم الدفع لطلب الطلب. الآن يمكنك إرسال الطلب باستخدام رقم تتبع الطلب 00003', '', '', '', 0, '1571049272'),
(67, 85, 'user', '', 'order', 86, 3, 3, 0, 0, 0, 0, 14, '@Mac has dispatched your order request with order track number 00003', 'أرسل البائع طلب طلبك مع رقم تتبع الطلب 00003', '86', 'Mac', 'booth', 0, '1571049299'),
(68, 85, 'user', '', 'order', 86, 3, 3, 0, 0, 0, 0, 13, 'Your order request has completed with order track number 00003', 'اكتمل طلب الطلب برقم تتبع الطلب 00003', '', '', '', 1, '1571049423'),
(69, 86, 'user', '', 'follow', 93, 0, 0, 0, 0, 0, 0, 4, '@test12 started following you', '@test12 started following you', '93,86', 'test12,JHON123', 'user,user', 0, '1571119800');

-- --------------------------------------------------------

--
-- Table structure for table `user_notification_types`
--

CREATE TABLE `user_notification_types` (
  `NotificationTypeID` int(11) NOT NULL,
  `NotificationTextEn` mediumtext NOT NULL,
  `NotificationTextAr` text NOT NULL
) ENGINE=MyISAM DEFAULT CHARSET=utf8;

-- --------------------------------------------------------

--
-- Table structure for table `user_points_history`
--

CREATE TABLE `user_points_history` (
  `UserPointHistoryID` int(11) NOT NULL,
  `UserID` int(11) NOT NULL,
  `TransactionType` enum('Received','Used') NOT NULL,
  `Type` enum('Order','Invite') NOT NULL,
  `Points` decimal(10,2) NOT NULL,
  `OrderDate` int(11) NOT NULL,
  `OrderNumber` varchar(255) NOT NULL,
  `CreatedAt` int(11) NOT NULL
) ENGINE=MyISAM DEFAULT CHARSET=latin1;

-- --------------------------------------------------------

--
-- Table structure for table `user_wishlist`
--

CREATE TABLE `user_wishlist` (
  `UserWishlistID` int(11) NOT NULL,
  `UserID` int(11) NOT NULL,
  `ProductID` int(11) NOT NULL
) ENGINE=MyISAM DEFAULT CHARSET=latin1;

--
-- Dumping data for table `user_wishlist`
--

INSERT INTO `user_wishlist` (`UserWishlistID`, `UserID`, `ProductID`) VALUES
(5, 85, 1),
(2, 86, 7);

-- --------------------------------------------------------

--
-- Table structure for table `vehicles`
--

CREATE TABLE `vehicles` (
  `VehicleID` int(11) NOT NULL,
  `VehicleNumber` varchar(255) NOT NULL,
  `CityID` int(11) NOT NULL,
  `SortOrder` int(11) NOT NULL,
  `Hide` tinyint(4) NOT NULL,
  `IsActive` tinyint(4) NOT NULL,
  `CreatedAt` datetime NOT NULL,
  `UpdatedAt` datetime NOT NULL,
  `CreatedBy` int(11) NOT NULL,
  `UpdatedBy` int(11) NOT NULL
) ENGINE=MyISAM DEFAULT CHARSET=utf8;

--
-- Indexes for dumped tables
--

--
-- Indexes for table `bookings`
--
ALTER TABLE `bookings`
  ADD PRIMARY KEY (`BookingID`);

--
-- Indexes for table `booking_invoice`
--
ALTER TABLE `booking_invoice`
  ADD PRIMARY KEY (`BookingInvoiceID`);

--
-- Indexes for table `booking_material`
--
ALTER TABLE `booking_material`
  ADD PRIMARY KEY (`BookingMaterialID`);

--
-- Indexes for table `booking_service`
--
ALTER TABLE `booking_service`
  ADD PRIMARY KEY (`BookingServiceID`);

--
-- Indexes for table `categories`
--
ALTER TABLE `categories`
  ADD PRIMARY KEY (`CategoryID`);

--
-- Indexes for table `categories_text`
--
ALTER TABLE `categories_text`
  ADD PRIMARY KEY (`CategoryTextID`),
  ADD KEY `categories_text_CategoryID_fk` (`CategoryID`);

--
-- Indexes for table `chats`
--
ALTER TABLE `chats`
  ADD PRIMARY KEY (`ChatID`);

--
-- Indexes for table `chat_messages`
--
ALTER TABLE `chat_messages`
  ADD PRIMARY KEY (`ChatMessageID`);

--
-- Indexes for table `cities`
--
ALTER TABLE `cities`
  ADD PRIMARY KEY (`CityID`);

--
-- Indexes for table `cities_text`
--
ALTER TABLE `cities_text`
  ADD PRIMARY KEY (`CityTextID`),
  ADD KEY `FK_cities_text` (`CityID`);

--
-- Indexes for table `countries`
--
ALTER TABLE `countries`
  ADD PRIMARY KEY (`CountryID`);

--
-- Indexes for table `countries_text`
--
ALTER TABLE `countries_text`
  ADD PRIMARY KEY (`CountryTextID`);

--
-- Indexes for table `coupons`
--
ALTER TABLE `coupons`
  ADD PRIMARY KEY (`CouponID`);

--
-- Indexes for table `coupons_text`
--
ALTER TABLE `coupons_text`
  ADD PRIMARY KEY (`CouponTextID`),
  ADD KEY `coupons_text_CouponID_fk` (`CouponID`);

--
-- Indexes for table `email_templates`
--
ALTER TABLE `email_templates`
  ADD PRIMARY KEY (`Email_templateID`);

--
-- Indexes for table `email_templates_text`
--
ALTER TABLE `email_templates_text`
  ADD PRIMARY KEY (`Email_templateTextID`),
  ADD KEY `email_templates_text_Email_templateID_fk` (`Email_templateID`);

--
-- Indexes for table `feedbacks`
--
ALTER TABLE `feedbacks`
  ADD PRIMARY KEY (`FeedbackID`);

--
-- Indexes for table `invites`
--
ALTER TABLE `invites`
  ADD PRIMARY KEY (`InviteID`);

--
-- Indexes for table `languages`
--
ALTER TABLE `languages`
  ADD PRIMARY KEY (`LanguageID`);

--
-- Indexes for table `mobile_verifications`
--
ALTER TABLE `mobile_verifications`
  ADD PRIMARY KEY (`MobileVerificationID`);

--
-- Indexes for table `modules`
--
ALTER TABLE `modules`
  ADD PRIMARY KEY (`ModuleID`);

--
-- Indexes for table `modules_rights`
--
ALTER TABLE `modules_rights`
  ADD PRIMARY KEY (`ModuleRightID`),
  ADD KEY `fk_ModuleID` (`ModuleID`);

--
-- Indexes for table `modules_text`
--
ALTER TABLE `modules_text`
  ADD PRIMARY KEY (`ModuleTextID`),
  ADD KEY `ModuleID` (`ModuleID`);

--
-- Indexes for table `modules_users_rights`
--
ALTER TABLE `modules_users_rights`
  ADD PRIMARY KEY (`ModuleRightID`),
  ADD KEY `fk_ModuleID` (`ModuleID`);

--
-- Indexes for table `orders`
--
ALTER TABLE `orders`
  ADD PRIMARY KEY (`OrderID`);

--
-- Indexes for table `orders_requests`
--
ALTER TABLE `orders_requests`
  ADD PRIMARY KEY (`OrderRequestID`);

--
-- Indexes for table `order_cancellation_reasons`
--
ALTER TABLE `order_cancellation_reasons`
  ADD PRIMARY KEY (`OrderCancellationReasonID`);

--
-- Indexes for table `order_items`
--
ALTER TABLE `order_items`
  ADD PRIMARY KEY (`OrderItemID`);

--
-- Indexes for table `order_statuses`
--
ALTER TABLE `order_statuses`
  ADD PRIMARY KEY (`OrderStatusID`);

--
-- Indexes for table `pages`
--
ALTER TABLE `pages`
  ADD PRIMARY KEY (`PageID`);

--
-- Indexes for table `pages_text`
--
ALTER TABLE `pages_text`
  ADD PRIMARY KEY (`PageTextID`),
  ADD KEY `pages_text_PageID_fk` (`PageID`);

--
-- Indexes for table `products`
--
ALTER TABLE `products`
  ADD PRIMARY KEY (`ProductID`);

--
-- Indexes for table `products_text`
--
ALTER TABLE `products_text`
  ADD PRIMARY KEY (`ProductTextID`),
  ADD KEY `products_text_ProductID_fk` (`ProductID`);

--
-- Indexes for table `product_comments`
--
ALTER TABLE `product_comments`
  ADD PRIMARY KEY (`ProductCommentID`);

--
-- Indexes for table `product_images`
--
ALTER TABLE `product_images`
  ADD PRIMARY KEY (`ProductImageID`);

--
-- Indexes for table `product_likes`
--
ALTER TABLE `product_likes`
  ADD PRIMARY KEY (`ProductLikeID`);

--
-- Indexes for table `product_ratings`
--
ALTER TABLE `product_ratings`
  ADD PRIMARY KEY (`ProductRatingID`);

--
-- Indexes for table `product_reported`
--
ALTER TABLE `product_reported`
  ADD PRIMARY KEY (`ProductReportID`);

--
-- Indexes for table `product_views`
--
ALTER TABLE `product_views`
  ADD PRIMARY KEY (`ProductViewID`);

--
-- Indexes for table `promoted_products`
--
ALTER TABLE `promoted_products`
  ADD PRIMARY KEY (`PromotedProductID`);

--
-- Indexes for table `promotions`
--
ALTER TABLE `promotions`
  ADD PRIMARY KEY (`PromotionID`);

--
-- Indexes for table `promotions_text`
--
ALTER TABLE `promotions_text`
  ADD PRIMARY KEY (`PromotionTextID`),
  ADD KEY `packages_text_PackageID_fk` (`PromotionID`);

--
-- Indexes for table `questions`
--
ALTER TABLE `questions`
  ADD PRIMARY KEY (`QuestionID`);

--
-- Indexes for table `question_comments`
--
ALTER TABLE `question_comments`
  ADD PRIMARY KEY (`QuestionCommentID`);

--
-- Indexes for table `question_images`
--
ALTER TABLE `question_images`
  ADD PRIMARY KEY (`QuestionImageID`);

--
-- Indexes for table `question_reported`
--
ALTER TABLE `question_reported`
  ADD PRIMARY KEY (`QuestionReportID`);

--
-- Indexes for table `roles`
--
ALTER TABLE `roles`
  ADD PRIMARY KEY (`RoleID`);

--
-- Indexes for table `roles_text`
--
ALTER TABLE `roles_text`
  ADD PRIMARY KEY (`RoleTextID`),
  ADD KEY `RoleID` (`RoleID`);

--
-- Indexes for table `site_settings`
--
ALTER TABLE `site_settings`
  ADD PRIMARY KEY (`SiteSettingID`);

--
-- Indexes for table `system_languages`
--
ALTER TABLE `system_languages`
  ADD PRIMARY KEY (`SystemLanguageID`);

--
-- Indexes for table `temp_orders`
--
ALTER TABLE `temp_orders`
  ADD PRIMARY KEY (`TempOrderID`);

--
-- Indexes for table `test`
--
ALTER TABLE `test`
  ADD PRIMARY KEY (`id`);

--
-- Indexes for table `themes`
--
ALTER TABLE `themes`
  ADD PRIMARY KEY (`ThemeID`);

--
-- Indexes for table `themes_text`
--
ALTER TABLE `themes_text`
  ADD PRIMARY KEY (`ThemeTextID`),
  ADD KEY `themeses_text_ThemesID_fk` (`ThemeID`);

--
-- Indexes for table `theme_styles`
--
ALTER TABLE `theme_styles`
  ADD PRIMARY KEY (`ThemeStyleID`);

--
-- Indexes for table `tickets`
--
ALTER TABLE `tickets`
  ADD PRIMARY KEY (`TicketID`);

--
-- Indexes for table `ticket_comments`
--
ALTER TABLE `ticket_comments`
  ADD PRIMARY KEY (`TicketCommentID`);

--
-- Indexes for table `users`
--
ALTER TABLE `users`
  ADD PRIMARY KEY (`UserID`),
  ADD KEY `users_ibfk_1` (`RoleID`);

--
-- Indexes for table `users_blocked`
--
ALTER TABLE `users_blocked`
  ADD PRIMARY KEY (`UserBlockedTblID`);

--
-- Indexes for table `users_text`
--
ALTER TABLE `users_text`
  ADD PRIMARY KEY (`UserTextID`),
  ADD KEY `RoleID` (`UserID`);

--
-- Indexes for table `user_addresses`
--
ALTER TABLE `user_addresses`
  ADD PRIMARY KEY (`AddressID`);

--
-- Indexes for table `user_categories`
--
ALTER TABLE `user_categories`
  ADD PRIMARY KEY (`UserCategoryID`);

--
-- Indexes for table `user_customization`
--
ALTER TABLE `user_customization`
  ADD PRIMARY KEY (`UserCustomizationID`);

--
-- Indexes for table `user_followers`
--
ALTER TABLE `user_followers`
  ADD PRIMARY KEY (`UserFollowerID`);

--
-- Indexes for table `user_friends_activities`
--
ALTER TABLE `user_friends_activities`
  ADD PRIMARY KEY (`UserFriendActivityID`);

--
-- Indexes for table `user_notifications`
--
ALTER TABLE `user_notifications`
  ADD PRIMARY KEY (`UserNotificationID`);

--
-- Indexes for table `user_notification_types`
--
ALTER TABLE `user_notification_types`
  ADD PRIMARY KEY (`NotificationTypeID`);

--
-- Indexes for table `user_points_history`
--
ALTER TABLE `user_points_history`
  ADD PRIMARY KEY (`UserPointHistoryID`);

--
-- Indexes for table `user_wishlist`
--
ALTER TABLE `user_wishlist`
  ADD PRIMARY KEY (`UserWishlistID`);

--
-- Indexes for table `vehicles`
--
ALTER TABLE `vehicles`
  ADD PRIMARY KEY (`VehicleID`);

--
-- AUTO_INCREMENT for dumped tables
--

--
-- AUTO_INCREMENT for table `bookings`
--
ALTER TABLE `bookings`
  MODIFY `BookingID` int(11) NOT NULL AUTO_INCREMENT;

--
-- AUTO_INCREMENT for table `booking_invoice`
--
ALTER TABLE `booking_invoice`
  MODIFY `BookingInvoiceID` int(11) NOT NULL AUTO_INCREMENT;

--
-- AUTO_INCREMENT for table `booking_material`
--
ALTER TABLE `booking_material`
  MODIFY `BookingMaterialID` int(11) NOT NULL AUTO_INCREMENT;

--
-- AUTO_INCREMENT for table `booking_service`
--
ALTER TABLE `booking_service`
  MODIFY `BookingServiceID` int(11) NOT NULL AUTO_INCREMENT;

--
-- AUTO_INCREMENT for table `categories`
--
ALTER TABLE `categories`
  MODIFY `CategoryID` int(11) NOT NULL AUTO_INCREMENT, AUTO_INCREMENT=354;

--
-- AUTO_INCREMENT for table `categories_text`
--
ALTER TABLE `categories_text`
  MODIFY `CategoryTextID` int(11) NOT NULL AUTO_INCREMENT, AUTO_INCREMENT=707;

--
-- AUTO_INCREMENT for table `chats`
--
ALTER TABLE `chats`
  MODIFY `ChatID` int(11) NOT NULL AUTO_INCREMENT, AUTO_INCREMENT=6;

--
-- AUTO_INCREMENT for table `chat_messages`
--
ALTER TABLE `chat_messages`
  MODIFY `ChatMessageID` int(11) NOT NULL AUTO_INCREMENT, AUTO_INCREMENT=18;

--
-- AUTO_INCREMENT for table `cities`
--
ALTER TABLE `cities`
  MODIFY `CityID` int(11) NOT NULL AUTO_INCREMENT, AUTO_INCREMENT=9;

--
-- AUTO_INCREMENT for table `cities_text`
--
ALTER TABLE `cities_text`
  MODIFY `CityTextID` int(11) NOT NULL AUTO_INCREMENT, AUTO_INCREMENT=17;

--
-- AUTO_INCREMENT for table `countries`
--
ALTER TABLE `countries`
  MODIFY `CountryID` int(11) NOT NULL AUTO_INCREMENT, AUTO_INCREMENT=6;

--
-- AUTO_INCREMENT for table `countries_text`
--
ALTER TABLE `countries_text`
  MODIFY `CountryTextID` int(11) NOT NULL AUTO_INCREMENT, AUTO_INCREMENT=11;

--
-- AUTO_INCREMENT for table `coupons`
--
ALTER TABLE `coupons`
  MODIFY `CouponID` int(11) NOT NULL AUTO_INCREMENT;

--
-- AUTO_INCREMENT for table `coupons_text`
--
ALTER TABLE `coupons_text`
  MODIFY `CouponTextID` int(11) NOT NULL AUTO_INCREMENT;

--
-- AUTO_INCREMENT for table `email_templates`
--
ALTER TABLE `email_templates`
  MODIFY `Email_templateID` int(11) NOT NULL AUTO_INCREMENT, AUTO_INCREMENT=16;

--
-- AUTO_INCREMENT for table `email_templates_text`
--
ALTER TABLE `email_templates_text`
  MODIFY `Email_templateTextID` int(11) NOT NULL AUTO_INCREMENT, AUTO_INCREMENT=29;

--
-- AUTO_INCREMENT for table `feedbacks`
--
ALTER TABLE `feedbacks`
  MODIFY `FeedbackID` int(11) NOT NULL AUTO_INCREMENT;

--
-- AUTO_INCREMENT for table `invites`
--
ALTER TABLE `invites`
  MODIFY `InviteID` int(11) NOT NULL AUTO_INCREMENT;

--
-- AUTO_INCREMENT for table `languages`
--
ALTER TABLE `languages`
  MODIFY `LanguageID` int(11) NOT NULL AUTO_INCREMENT;

--
-- AUTO_INCREMENT for table `mobile_verifications`
--
ALTER TABLE `mobile_verifications`
  MODIFY `MobileVerificationID` int(11) NOT NULL AUTO_INCREMENT;

--
-- AUTO_INCREMENT for table `modules`
--
ALTER TABLE `modules`
  MODIFY `ModuleID` int(11) NOT NULL AUTO_INCREMENT, AUTO_INCREMENT=69;

--
-- AUTO_INCREMENT for table `modules_rights`
--
ALTER TABLE `modules_rights`
  MODIFY `ModuleRightID` int(11) NOT NULL AUTO_INCREMENT, AUTO_INCREMENT=229;

--
-- AUTO_INCREMENT for table `modules_text`
--
ALTER TABLE `modules_text`
  MODIFY `ModuleTextID` int(11) NOT NULL AUTO_INCREMENT, AUTO_INCREMENT=58;

--
-- AUTO_INCREMENT for table `modules_users_rights`
--
ALTER TABLE `modules_users_rights`
  MODIFY `ModuleRightID` int(11) NOT NULL AUTO_INCREMENT, AUTO_INCREMENT=1062;

--
-- AUTO_INCREMENT for table `orders`
--
ALTER TABLE `orders`
  MODIFY `OrderID` int(11) NOT NULL AUTO_INCREMENT, AUTO_INCREMENT=6;

--
-- AUTO_INCREMENT for table `orders_requests`
--
ALTER TABLE `orders_requests`
  MODIFY `OrderRequestID` int(11) NOT NULL AUTO_INCREMENT, AUTO_INCREMENT=6;

--
-- AUTO_INCREMENT for table `order_cancellation_reasons`
--
ALTER TABLE `order_cancellation_reasons`
  MODIFY `OrderCancellationReasonID` int(11) NOT NULL AUTO_INCREMENT, AUTO_INCREMENT=3;

--
-- AUTO_INCREMENT for table `order_items`
--
ALTER TABLE `order_items`
  MODIFY `OrderItemID` int(11) NOT NULL AUTO_INCREMENT, AUTO_INCREMENT=6;

--
-- AUTO_INCREMENT for table `order_statuses`
--
ALTER TABLE `order_statuses`
  MODIFY `OrderStatusID` int(11) NOT NULL AUTO_INCREMENT, AUTO_INCREMENT=9;

--
-- AUTO_INCREMENT for table `pages`
--
ALTER TABLE `pages`
  MODIFY `PageID` int(11) NOT NULL AUTO_INCREMENT, AUTO_INCREMENT=6;

--
-- AUTO_INCREMENT for table `pages_text`
--
ALTER TABLE `pages_text`
  MODIFY `PageTextID` int(11) NOT NULL AUTO_INCREMENT, AUTO_INCREMENT=11;

--
-- AUTO_INCREMENT for table `products`
--
ALTER TABLE `products`
  MODIFY `ProductID` int(11) NOT NULL AUTO_INCREMENT, AUTO_INCREMENT=13;

--
-- AUTO_INCREMENT for table `products_text`
--
ALTER TABLE `products_text`
  MODIFY `ProductTextID` int(11) NOT NULL AUTO_INCREMENT, AUTO_INCREMENT=25;

--
-- AUTO_INCREMENT for table `product_comments`
--
ALTER TABLE `product_comments`
  MODIFY `ProductCommentID` int(11) NOT NULL AUTO_INCREMENT, AUTO_INCREMENT=3;

--
-- AUTO_INCREMENT for table `product_images`
--
ALTER TABLE `product_images`
  MODIFY `ProductImageID` int(11) NOT NULL AUTO_INCREMENT, AUTO_INCREMENT=23;

--
-- AUTO_INCREMENT for table `product_likes`
--
ALTER TABLE `product_likes`
  MODIFY `ProductLikeID` int(11) NOT NULL AUTO_INCREMENT, AUTO_INCREMENT=7;

--
-- AUTO_INCREMENT for table `product_ratings`
--
ALTER TABLE `product_ratings`
  MODIFY `ProductRatingID` int(11) NOT NULL AUTO_INCREMENT, AUTO_INCREMENT=2;

--
-- AUTO_INCREMENT for table `product_reported`
--
ALTER TABLE `product_reported`
  MODIFY `ProductReportID` int(11) NOT NULL AUTO_INCREMENT, AUTO_INCREMENT=3;

--
-- AUTO_INCREMENT for table `product_views`
--
ALTER TABLE `product_views`
  MODIFY `ProductViewID` int(11) NOT NULL AUTO_INCREMENT, AUTO_INCREMENT=28;

--
-- AUTO_INCREMENT for table `promoted_products`
--
ALTER TABLE `promoted_products`
  MODIFY `PromotedProductID` int(11) NOT NULL AUTO_INCREMENT, AUTO_INCREMENT=9;

--
-- AUTO_INCREMENT for table `promotions`
--
ALTER TABLE `promotions`
  MODIFY `PromotionID` int(11) NOT NULL AUTO_INCREMENT, AUTO_INCREMENT=3;

--
-- AUTO_INCREMENT for table `promotions_text`
--
ALTER TABLE `promotions_text`
  MODIFY `PromotionTextID` int(11) NOT NULL AUTO_INCREMENT, AUTO_INCREMENT=5;

--
-- AUTO_INCREMENT for table `questions`
--
ALTER TABLE `questions`
  MODIFY `QuestionID` int(11) NOT NULL AUTO_INCREMENT, AUTO_INCREMENT=2;

--
-- AUTO_INCREMENT for table `question_comments`
--
ALTER TABLE `question_comments`
  MODIFY `QuestionCommentID` int(11) NOT NULL AUTO_INCREMENT, AUTO_INCREMENT=2;

--
-- AUTO_INCREMENT for table `question_images`
--
ALTER TABLE `question_images`
  MODIFY `QuestionImageID` int(11) NOT NULL AUTO_INCREMENT;

--
-- AUTO_INCREMENT for table `question_reported`
--
ALTER TABLE `question_reported`
  MODIFY `QuestionReportID` int(11) NOT NULL AUTO_INCREMENT;

--
-- AUTO_INCREMENT for table `roles`
--
ALTER TABLE `roles`
  MODIFY `RoleID` int(11) NOT NULL AUTO_INCREMENT, AUTO_INCREMENT=3;

--
-- AUTO_INCREMENT for table `roles_text`
--
ALTER TABLE `roles_text`
  MODIFY `RoleTextID` int(11) NOT NULL AUTO_INCREMENT, AUTO_INCREMENT=9;

--
-- AUTO_INCREMENT for table `site_settings`
--
ALTER TABLE `site_settings`
  MODIFY `SiteSettingID` int(11) NOT NULL AUTO_INCREMENT, AUTO_INCREMENT=2;

--
-- AUTO_INCREMENT for table `system_languages`
--
ALTER TABLE `system_languages`
  MODIFY `SystemLanguageID` int(11) NOT NULL AUTO_INCREMENT, AUTO_INCREMENT=3;

--
-- AUTO_INCREMENT for table `temp_orders`
--
ALTER TABLE `temp_orders`
  MODIFY `TempOrderID` int(11) NOT NULL AUTO_INCREMENT, AUTO_INCREMENT=11;

--
-- AUTO_INCREMENT for table `test`
--
ALTER TABLE `test`
  MODIFY `id` int(11) NOT NULL AUTO_INCREMENT;

--
-- AUTO_INCREMENT for table `themes`
--
ALTER TABLE `themes`
  MODIFY `ThemeID` int(11) NOT NULL AUTO_INCREMENT, AUTO_INCREMENT=9;

--
-- AUTO_INCREMENT for table `themes_text`
--
ALTER TABLE `themes_text`
  MODIFY `ThemeTextID` int(11) NOT NULL AUTO_INCREMENT, AUTO_INCREMENT=10;

--
-- AUTO_INCREMENT for table `theme_styles`
--
ALTER TABLE `theme_styles`
  MODIFY `ThemeStyleID` int(11) NOT NULL AUTO_INCREMENT, AUTO_INCREMENT=49;

--
-- AUTO_INCREMENT for table `tickets`
--
ALTER TABLE `tickets`
  MODIFY `TicketID` int(11) NOT NULL AUTO_INCREMENT;

--
-- AUTO_INCREMENT for table `ticket_comments`
--
ALTER TABLE `ticket_comments`
  MODIFY `TicketCommentID` int(11) NOT NULL AUTO_INCREMENT;

--
-- AUTO_INCREMENT for table `users`
--
ALTER TABLE `users`
  MODIFY `UserID` int(11) NOT NULL AUTO_INCREMENT, AUTO_INCREMENT=94;

--
-- AUTO_INCREMENT for table `users_blocked`
--
ALTER TABLE `users_blocked`
  MODIFY `UserBlockedTblID` int(11) NOT NULL AUTO_INCREMENT;

--
-- AUTO_INCREMENT for table `users_text`
--
ALTER TABLE `users_text`
  MODIFY `UserTextID` int(11) NOT NULL AUTO_INCREMENT, AUTO_INCREMENT=137;

--
-- AUTO_INCREMENT for table `user_addresses`
--
ALTER TABLE `user_addresses`
  MODIFY `AddressID` int(11) NOT NULL AUTO_INCREMENT, AUTO_INCREMENT=4;

--
-- AUTO_INCREMENT for table `user_categories`
--
ALTER TABLE `user_categories`
  MODIFY `UserCategoryID` int(11) NOT NULL AUTO_INCREMENT, AUTO_INCREMENT=294;

--
-- AUTO_INCREMENT for table `user_customization`
--
ALTER TABLE `user_customization`
  MODIFY `UserCustomizationID` int(11) NOT NULL AUTO_INCREMENT, AUTO_INCREMENT=9;

--
-- AUTO_INCREMENT for table `user_followers`
--
ALTER TABLE `user_followers`
  MODIFY `UserFollowerID` int(11) NOT NULL AUTO_INCREMENT, AUTO_INCREMENT=42;

--
-- AUTO_INCREMENT for table `user_friends_activities`
--
ALTER TABLE `user_friends_activities`
  MODIFY `UserFriendActivityID` int(11) NOT NULL AUTO_INCREMENT, AUTO_INCREMENT=83;

--
-- AUTO_INCREMENT for table `user_notifications`
--
ALTER TABLE `user_notifications`
  MODIFY `UserNotificationID` int(11) NOT NULL AUTO_INCREMENT, AUTO_INCREMENT=70;

--
-- AUTO_INCREMENT for table `user_notification_types`
--
ALTER TABLE `user_notification_types`
  MODIFY `NotificationTypeID` int(11) NOT NULL AUTO_INCREMENT;

--
-- AUTO_INCREMENT for table `user_points_history`
--
ALTER TABLE `user_points_history`
  MODIFY `UserPointHistoryID` int(11) NOT NULL AUTO_INCREMENT;

--
-- AUTO_INCREMENT for table `user_wishlist`
--
ALTER TABLE `user_wishlist`
  MODIFY `UserWishlistID` int(11) NOT NULL AUTO_INCREMENT, AUTO_INCREMENT=6;

--
-- AUTO_INCREMENT for table `vehicles`
--
ALTER TABLE `vehicles`
  MODIFY `VehicleID` int(11) NOT NULL AUTO_INCREMENT;

--
-- Constraints for dumped tables
--

--
-- Constraints for table `categories_text`
--
ALTER TABLE `categories_text`
  ADD CONSTRAINT `categories_text_CategoryID_fk` FOREIGN KEY (`CategoryID`) REFERENCES `categories` (`CategoryID`) ON DELETE CASCADE ON UPDATE CASCADE;

--
-- Constraints for table `cities_text`
--
ALTER TABLE `cities_text`
  ADD CONSTRAINT `FK_cities_text` FOREIGN KEY (`CityID`) REFERENCES `cities` (`CityID`);

--
-- Constraints for table `email_templates_text`
--
ALTER TABLE `email_templates_text`
  ADD CONSTRAINT `email_templates_text_Email_templateID_fk` FOREIGN KEY (`Email_templateID`) REFERENCES `email_templates` (`Email_templateID`) ON DELETE CASCADE ON UPDATE CASCADE;

--
-- Constraints for table `modules_rights`
--
ALTER TABLE `modules_rights`
  ADD CONSTRAINT `fk_ModuleID` FOREIGN KEY (`ModuleID`) REFERENCES `modules` (`ModuleID`);

--
-- Constraints for table `modules_text`
--
ALTER TABLE `modules_text`
  ADD CONSTRAINT `modules_text_ibfk_1` FOREIGN KEY (`ModuleID`) REFERENCES `modules` (`ModuleID`);

--
-- Constraints for table `pages_text`
--
ALTER TABLE `pages_text`
  ADD CONSTRAINT `pages_text_PageID_fk` FOREIGN KEY (`PageID`) REFERENCES `pages` (`PageID`) ON DELETE CASCADE ON UPDATE CASCADE;

--
-- Constraints for table `products_text`
--
ALTER TABLE `products_text`
  ADD CONSTRAINT `products_text_ProductID_fk` FOREIGN KEY (`ProductID`) REFERENCES `products` (`ProductID`) ON DELETE CASCADE ON UPDATE CASCADE;

--
-- Constraints for table `roles_text`
--
ALTER TABLE `roles_text`
  ADD CONSTRAINT `roles_text_ibfk_1` FOREIGN KEY (`RoleID`) REFERENCES `roles` (`RoleID`);

--
-- Constraints for table `users`
--
ALTER TABLE `users`
  ADD CONSTRAINT `users_ibfk_1` FOREIGN KEY (`RoleID`) REFERENCES `roles` (`RoleID`) ON UPDATE CASCADE;

--
-- Constraints for table `users_text`
--
ALTER TABLE `users_text`
  ADD CONSTRAINT `users_text_ibfk_1` FOREIGN KEY (`UserID`) REFERENCES `users` (`UserID`);
COMMIT;

/*!40101 SET CHARACTER_SET_CLIENT=@OLD_CHARACTER_SET_CLIENT */;
/*!40101 SET CHARACTER_SET_RESULTS=@OLD_CHARACTER_SET_RESULTS */;
/*!40101 SET COLLATION_CONNECTION=@OLD_COLLATION_CONNECTION */;
